time,geo,Seasonal adjustment,Prices,North American Industry Classification System (NAICS),values,na_item,Type of fuel
1997-01-01,Canada,Seasonally adjusted at annual rates,Chained (2017) dollars,Energy sector,102427,VAEnergy,NA
1997-04-01,Canada,Seasonally adjusted at annual rates,Chained (2017) dollars,Energy sector,102857,VAEnergy,NA
1997-07-01,Canada,Seasonally adjusted at annual rates,Chained (2017) dollars,Energy sector,103135,VAEnergy,NA
1997-10-01,Canada,Seasonally adjusted at annual rates,Chained (2017) dollars,Energy sector,103800,VAEnergy,NA
1998-01-01,Canada,Seasonally adjusted at annual rates,Chained (2017) dollars,Energy sector,102659,VAEnergy,NA
1998-04-01,Canada,Seasonally adjusted at annual rates,Chained (2017) dollars,Energy sector,101015,VAEnergy,NA
1998-07-01,Canada,Seasonally adjusted at annual rates,Chained (2017) dollars,Energy sector,101215,VAEnergy,NA
1998-10-01,Canada,Seasonally adjusted at annual rates,Chained (2017) dollars,Energy sector,100123,VAEnergy,NA
1999-01-01,Canada,Seasonally adjusted at annual rates,Chained (2017) dollars,Energy sector,101527,VAEnergy,NA
1999-04-01,Canada,Seasonally adjusted at annual rates,Chained (2017) dollars,Energy sector,101814,VAEnergy,NA
1999-07-01,Canada,Seasonally adjusted at annual rates,Chained (2017) dollars,Energy sector,105112,VAEnergy,NA
1999-10-01,Canada,Seasonally adjusted at annual rates,Chained (2017) dollars,Energy sector,104696,VAEnergy,NA
2000-01-01,Canada,Seasonally adjusted at annual rates,Chained (2017) dollars,Energy sector,104121,VAEnergy,NA
2000-04-01,Canada,Seasonally adjusted at annual rates,Chained (2017) dollars,Energy sector,104837,VAEnergy,NA
2000-07-01,Canada,Seasonally adjusted at annual rates,Chained (2017) dollars,Energy sector,104183,VAEnergy,NA
2000-10-01,Canada,Seasonally adjusted at annual rates,Chained (2017) dollars,Energy sector,106052,VAEnergy,NA
2001-01-01,Canada,Seasonally adjusted at annual rates,Chained (2017) dollars,Energy sector,106233,VAEnergy,NA
2001-04-01,Canada,Seasonally adjusted at annual rates,Chained (2017) dollars,Energy sector,107929,VAEnergy,NA
2001-07-01,Canada,Seasonally adjusted at annual rates,Chained (2017) dollars,Energy sector,106309,VAEnergy,NA
2001-10-01,Canada,Seasonally adjusted at annual rates,Chained (2017) dollars,Energy sector,105464,VAEnergy,NA
2002-01-01,Canada,Seasonally adjusted at annual rates,Chained (2017) dollars,Energy sector,106946,VAEnergy,NA
2002-04-01,Canada,Seasonally adjusted at annual rates,Chained (2017) dollars,Energy sector,107682,VAEnergy,NA
2002-07-01,Canada,Seasonally adjusted at annual rates,Chained (2017) dollars,Energy sector,108882,VAEnergy,NA
2002-10-01,Canada,Seasonally adjusted at annual rates,Chained (2017) dollars,Energy sector,110307,VAEnergy,NA
2003-01-01,Canada,Seasonally adjusted at annual rates,Chained (2017) dollars,Energy sector,112670,VAEnergy,NA
2003-04-01,Canada,Seasonally adjusted at annual rates,Chained (2017) dollars,Energy sector,112135,VAEnergy,NA
2003-07-01,Canada,Seasonally adjusted at annual rates,Chained (2017) dollars,Energy sector,113516,VAEnergy,NA
2003-10-01,Canada,Seasonally adjusted at annual rates,Chained (2017) dollars,Energy sector,112406,VAEnergy,NA
2004-01-01,Canada,Seasonally adjusted at annual rates,Chained (2017) dollars,Energy sector,114808,VAEnergy,NA
2004-04-01,Canada,Seasonally adjusted at annual rates,Chained (2017) dollars,Energy sector,115455,VAEnergy,NA
2004-07-01,Canada,Seasonally adjusted at annual rates,Chained (2017) dollars,Energy sector,114799,VAEnergy,NA
2004-10-01,Canada,Seasonally adjusted at annual rates,Chained (2017) dollars,Energy sector,116250,VAEnergy,NA
2005-01-01,Canada,Seasonally adjusted at annual rates,Chained (2017) dollars,Energy sector,115519,VAEnergy,NA
2005-04-01,Canada,Seasonally adjusted at annual rates,Chained (2017) dollars,Energy sector,117845,VAEnergy,NA
2005-07-01,Canada,Seasonally adjusted at annual rates,Chained (2017) dollars,Energy sector,119408,VAEnergy,NA
2005-10-01,Canada,Seasonally adjusted at annual rates,Chained (2017) dollars,Energy sector,122752,VAEnergy,NA
2006-01-01,Canada,Seasonally adjusted at annual rates,Chained (2017) dollars,Energy sector,121418,VAEnergy,NA
2006-04-01,Canada,Seasonally adjusted at annual rates,Chained (2017) dollars,Energy sector,121995,VAEnergy,NA
2006-07-01,Canada,Seasonally adjusted at annual rates,Chained (2017) dollars,Energy sector,121899,VAEnergy,NA
2006-10-01,Canada,Seasonally adjusted at annual rates,Chained (2017) dollars,Energy sector,120024,VAEnergy,NA
2007-01-01,Canada,Seasonally adjusted at annual rates,Chained (2017) dollars,Energy sector,120693,VAEnergy,NA
2007-04-01,Canada,Seasonally adjusted at annual rates,Chained (2017) dollars,Energy sector,120836,VAEnergy,NA
2007-07-01,Canada,Seasonally adjusted at annual rates,Chained (2017) dollars,Energy sector,120967,VAEnergy,NA
2007-10-01,Canada,Seasonally adjusted at annual rates,Chained (2017) dollars,Energy sector,118852,VAEnergy,NA
2008-01-01,Canada,Seasonally adjusted at annual rates,Chained (2017) dollars,Energy sector,119285,VAEnergy,NA
2008-04-01,Canada,Seasonally adjusted at annual rates,Chained (2017) dollars,Energy sector,118985,VAEnergy,NA
2008-07-01,Canada,Seasonally adjusted at annual rates,Chained (2017) dollars,Energy sector,121609,VAEnergy,NA
2008-10-01,Canada,Seasonally adjusted at annual rates,Chained (2017) dollars,Energy sector,119840,VAEnergy,NA
2009-01-01,Canada,Seasonally adjusted at annual rates,Chained (2017) dollars,Energy sector,115818,VAEnergy,NA
2009-04-01,Canada,Seasonally adjusted at annual rates,Chained (2017) dollars,Energy sector,111151,VAEnergy,NA
2009-07-01,Canada,Seasonally adjusted at annual rates,Chained (2017) dollars,Energy sector,110484,VAEnergy,NA
2009-10-01,Canada,Seasonally adjusted at annual rates,Chained (2017) dollars,Energy sector,112711,VAEnergy,NA
2010-01-01,Canada,Seasonally adjusted at annual rates,Chained (2017) dollars,Energy sector,114035,VAEnergy,NA
2010-04-01,Canada,Seasonally adjusted at annual rates,Chained (2017) dollars,Energy sector,117333,VAEnergy,NA
2010-07-01,Canada,Seasonally adjusted at annual rates,Chained (2017) dollars,Energy sector,117057,VAEnergy,NA
2010-10-01,Canada,Seasonally adjusted at annual rates,Chained (2017) dollars,Energy sector,119071,VAEnergy,NA
2011-01-01,Canada,Seasonally adjusted at annual rates,Chained (2017) dollars,Energy sector,120545,VAEnergy,NA
2011-04-01,Canada,Seasonally adjusted at annual rates,Chained (2017) dollars,Energy sector,120017,VAEnergy,NA
2011-07-01,Canada,Seasonally adjusted at annual rates,Chained (2017) dollars,Energy sector,123990,VAEnergy,NA
2011-10-01,Canada,Seasonally adjusted at annual rates,Chained (2017) dollars,Energy sector,123780,VAEnergy,NA
2012-01-01,Canada,Seasonally adjusted at annual rates,Chained (2017) dollars,Energy sector,121869,VAEnergy,NA
2012-04-01,Canada,Seasonally adjusted at annual rates,Chained (2017) dollars,Energy sector,121407,VAEnergy,NA
2012-07-01,Canada,Seasonally adjusted at annual rates,Chained (2017) dollars,Energy sector,119325,VAEnergy,NA
2012-10-01,Canada,Seasonally adjusted at annual rates,Chained (2017) dollars,Energy sector,121195,VAEnergy,NA
2013-01-01,Canada,Seasonally adjusted at annual rates,Chained (2017) dollars,Energy sector,123499,VAEnergy,NA
2013-04-01,Canada,Seasonally adjusted at annual rates,Chained (2017) dollars,Energy sector,122734,VAEnergy,NA
2013-07-01,Canada,Seasonally adjusted at annual rates,Chained (2017) dollars,Energy sector,125630,VAEnergy,NA
2013-10-01,Canada,Seasonally adjusted at annual rates,Chained (2017) dollars,Energy sector,127972,VAEnergy,NA
2014-01-01,Canada,Seasonally adjusted at annual rates,Chained (2017) dollars,Energy sector,131545,VAEnergy,NA
2014-04-01,Canada,Seasonally adjusted at annual rates,Chained (2017) dollars,Energy sector,136063,VAEnergy,NA
2014-07-01,Canada,Seasonally adjusted at annual rates,Chained (2017) dollars,Energy sector,134118,VAEnergy,NA
2014-10-01,Canada,Seasonally adjusted at annual rates,Chained (2017) dollars,Energy sector,136237,VAEnergy,NA
2015-01-01,Canada,Seasonally adjusted at annual rates,Chained (2017) dollars,Energy sector,134330,VAEnergy,NA
2015-04-01,Canada,Seasonally adjusted at annual rates,Chained (2017) dollars,Energy sector,130952,VAEnergy,NA
2015-07-01,Canada,Seasonally adjusted at annual rates,Chained (2017) dollars,Energy sector,133061,VAEnergy,NA
2015-10-01,Canada,Seasonally adjusted at annual rates,Chained (2017) dollars,Energy sector,130013,VAEnergy,NA
2016-01-01,Canada,Seasonally adjusted at annual rates,Chained (2017) dollars,Energy sector,130426,VAEnergy,NA
2016-04-01,Canada,Seasonally adjusted at annual rates,Chained (2017) dollars,Energy sector,124625,VAEnergy,NA
2016-07-01,Canada,Seasonally adjusted at annual rates,Chained (2017) dollars,Energy sector,134942,VAEnergy,NA
2016-10-01,Canada,Seasonally adjusted at annual rates,Chained (2017) dollars,Energy sector,136640,VAEnergy,NA
2017-01-01,Canada,Seasonally adjusted at annual rates,Chained (2017) dollars,Energy sector,138667,VAEnergy,NA
2017-04-01,Canada,Seasonally adjusted at annual rates,Chained (2017) dollars,Energy sector,140986,VAEnergy,NA
2017-07-01,Canada,Seasonally adjusted at annual rates,Chained (2017) dollars,Energy sector,140855,VAEnergy,NA
2017-10-01,Canada,Seasonally adjusted at annual rates,Chained (2017) dollars,Energy sector,138887,VAEnergy,NA
2018-01-01,Canada,Seasonally adjusted at annual rates,Chained (2017) dollars,Energy sector,144973,VAEnergy,NA
2018-04-01,Canada,Seasonally adjusted at annual rates,Chained (2017) dollars,Energy sector,145642,VAEnergy,NA
2018-07-01,Canada,Seasonally adjusted at annual rates,Chained (2017) dollars,Energy sector,148807,VAEnergy,NA
2018-10-01,Canada,Seasonally adjusted at annual rates,Chained (2017) dollars,Energy sector,147282,VAEnergy,NA
2019-01-01,Canada,Seasonally adjusted at annual rates,Chained (2017) dollars,Energy sector,143863,VAEnergy,NA
2019-04-01,Canada,Seasonally adjusted at annual rates,Chained (2017) dollars,Energy sector,150793,VAEnergy,NA
2019-07-01,Canada,Seasonally adjusted at annual rates,Chained (2017) dollars,Energy sector,146911,VAEnergy,NA
2019-10-01,Canada,Seasonally adjusted at annual rates,Chained (2017) dollars,Energy sector,148070,VAEnergy,NA
2020-01-01,Canada,Seasonally adjusted at annual rates,Chained (2017) dollars,Energy sector,149444,VAEnergy,NA
2020-04-01,Canada,Seasonally adjusted at annual rates,Chained (2017) dollars,Energy sector,134537,VAEnergy,NA
2020-07-01,Canada,Seasonally adjusted at annual rates,Chained (2017) dollars,Energy sector,129806,VAEnergy,NA
2020-10-01,Canada,Seasonally adjusted at annual rates,Chained (2017) dollars,Energy sector,136714,VAEnergy,NA
2021-01-01,Canada,Seasonally adjusted at annual rates,Chained (2017) dollars,Energy sector,141014,VAEnergy,NA
2021-04-01,Canada,Seasonally adjusted at annual rates,Chained (2017) dollars,Energy sector,140261,VAEnergy,NA
2021-07-01,Canada,Seasonally adjusted at annual rates,Chained (2017) dollars,Energy sector,144828,VAEnergy,NA
2021-10-01,Canada,Seasonally adjusted at annual rates,Chained (2017) dollars,Energy sector,145145,VAEnergy,NA
2022-01-01,Canada,Seasonally adjusted at annual rates,Chained (2017) dollars,Energy sector,146222,VAEnergy,NA
2022-04-01,Canada,Seasonally adjusted at annual rates,Chained (2017) dollars,Energy sector,148971,VAEnergy,NA
2022-07-01,Canada,Seasonally adjusted at annual rates,Chained (2017) dollars,Energy sector,151259,VAEnergy,NA
2022-10-01,Canada,Seasonally adjusted at annual rates,Chained (2017) dollars,Energy sector,148057,VAEnergy,NA
2023-01-01,Canada,Seasonally adjusted at annual rates,Chained (2017) dollars,Energy sector,150041,VAEnergy,NA
2023-04-01,Canada,Seasonally adjusted at annual rates,Chained (2017) dollars,Energy sector,150624,VAEnergy,NA
2023-07-01,Canada,Seasonally adjusted at annual rates,Chained (2017) dollars,Energy sector,150895,VAEnergy,NA
2023-10-01,Canada,Seasonally adjusted at annual rates,Chained (2017) dollars,Energy sector,153148,VAEnergy,NA
2024-01-01,Canada,Seasonally adjusted at annual rates,Chained (2017) dollars,Energy sector,151700,VAEnergy,NA
2024-04-01,Canada,Seasonally adjusted at annual rates,Chained (2017) dollars,Energy sector,155575,VAEnergy,NA
2024-07-01,Canada,Seasonally adjusted at annual rates,Chained (2017) dollars,Energy sector,156200,VAEnergy,NA
2024-10-01,Canada,Seasonally adjusted at annual rates,Chained (2017) dollars,Energy sector,158356,VAEnergy,NA
2025-01-01,Canada,Seasonally adjusted at annual rates,Chained (2017) dollars,Energy sector,161858,VAEnergy,NA
2025-04-01,Canada,Seasonally adjusted at annual rates,Chained (2017) dollars,Energy sector,158979,VAEnergy,NA
2025-07-01,Canada,Seasonally adjusted at annual rates,Chained (2017) dollars,Energy sector,161787,VAEnergy,NA
2025-10-01,Canada,Seasonally adjusted at annual rates,Chained (2017) dollars,Energy sector,161508,VAEnergy,NA
1997-01-01,Canada,Seasonally adjusted at annual rates,Chained (2017) dollars,"Mining, quarrying, and oil and gas extraction",70899,VAMiningAndOil,NA
1997-04-01,Canada,Seasonally adjusted at annual rates,Chained (2017) dollars,"Mining, quarrying, and oil and gas extraction",71534,VAMiningAndOil,NA
1997-07-01,Canada,Seasonally adjusted at annual rates,Chained (2017) dollars,"Mining, quarrying, and oil and gas extraction",73714,VAMiningAndOil,NA
1997-10-01,Canada,Seasonally adjusted at annual rates,Chained (2017) dollars,"Mining, quarrying, and oil and gas extraction",74093,VAMiningAndOil,NA
1998-01-01,Canada,Seasonally adjusted at annual rates,Chained (2017) dollars,"Mining, quarrying, and oil and gas extraction",72987,VAMiningAndOil,NA
1998-04-01,Canada,Seasonally adjusted at annual rates,Chained (2017) dollars,"Mining, quarrying, and oil and gas extraction",71206,VAMiningAndOil,NA
1998-07-01,Canada,Seasonally adjusted at annual rates,Chained (2017) dollars,"Mining, quarrying, and oil and gas extraction",70104,VAMiningAndOil,NA
1998-10-01,Canada,Seasonally adjusted at annual rates,Chained (2017) dollars,"Mining, quarrying, and oil and gas extraction",69215,VAMiningAndOil,NA
1999-01-01,Canada,Seasonally adjusted at annual rates,Chained (2017) dollars,"Mining, quarrying, and oil and gas extraction",71405,VAMiningAndOil,NA
1999-04-01,Canada,Seasonally adjusted at annual rates,Chained (2017) dollars,"Mining, quarrying, and oil and gas extraction",71492,VAMiningAndOil,NA
1999-07-01,Canada,Seasonally adjusted at annual rates,Chained (2017) dollars,"Mining, quarrying, and oil and gas extraction",73887,VAMiningAndOil,NA
1999-10-01,Canada,Seasonally adjusted at annual rates,Chained (2017) dollars,"Mining, quarrying, and oil and gas extraction",75340,VAMiningAndOil,NA
2000-01-01,Canada,Seasonally adjusted at annual rates,Chained (2017) dollars,"Mining, quarrying, and oil and gas extraction",75050,VAMiningAndOil,NA
2000-04-01,Canada,Seasonally adjusted at annual rates,Chained (2017) dollars,"Mining, quarrying, and oil and gas extraction",75397,VAMiningAndOil,NA
2000-07-01,Canada,Seasonally adjusted at annual rates,Chained (2017) dollars,"Mining, quarrying, and oil and gas extraction",74053,VAMiningAndOil,NA
2000-10-01,Canada,Seasonally adjusted at annual rates,Chained (2017) dollars,"Mining, quarrying, and oil and gas extraction",74728,VAMiningAndOil,NA
2001-01-01,Canada,Seasonally adjusted at annual rates,Chained (2017) dollars,"Mining, quarrying, and oil and gas extraction",74986,VAMiningAndOil,NA
2001-04-01,Canada,Seasonally adjusted at annual rates,Chained (2017) dollars,"Mining, quarrying, and oil and gas extraction",76024,VAMiningAndOil,NA
2001-07-01,Canada,Seasonally adjusted at annual rates,Chained (2017) dollars,"Mining, quarrying, and oil and gas extraction",75207,VAMiningAndOil,NA
2001-10-01,Canada,Seasonally adjusted at annual rates,Chained (2017) dollars,"Mining, quarrying, and oil and gas extraction",74310,VAMiningAndOil,NA
2002-01-01,Canada,Seasonally adjusted at annual rates,Chained (2017) dollars,"Mining, quarrying, and oil and gas extraction",75465,VAMiningAndOil,NA
2002-04-01,Canada,Seasonally adjusted at annual rates,Chained (2017) dollars,"Mining, quarrying, and oil and gas extraction",75827,VAMiningAndOil,NA
2002-07-01,Canada,Seasonally adjusted at annual rates,Chained (2017) dollars,"Mining, quarrying, and oil and gas extraction",75914,VAMiningAndOil,NA
2002-10-01,Canada,Seasonally adjusted at annual rates,Chained (2017) dollars,"Mining, quarrying, and oil and gas extraction",76587,VAMiningAndOil,NA
2003-01-01,Canada,Seasonally adjusted at annual rates,Chained (2017) dollars,"Mining, quarrying, and oil and gas extraction",78709,VAMiningAndOil,NA
2003-04-01,Canada,Seasonally adjusted at annual rates,Chained (2017) dollars,"Mining, quarrying, and oil and gas extraction",78558,VAMiningAndOil,NA
2003-07-01,Canada,Seasonally adjusted at annual rates,Chained (2017) dollars,"Mining, quarrying, and oil and gas extraction",80542,VAMiningAndOil,NA
2003-10-01,Canada,Seasonally adjusted at annual rates,Chained (2017) dollars,"Mining, quarrying, and oil and gas extraction",80758,VAMiningAndOil,NA
2004-01-01,Canada,Seasonally adjusted at annual rates,Chained (2017) dollars,"Mining, quarrying, and oil and gas extraction",82572,VAMiningAndOil,NA
2004-04-01,Canada,Seasonally adjusted at annual rates,Chained (2017) dollars,"Mining, quarrying, and oil and gas extraction",83733,VAMiningAndOil,NA
2004-07-01,Canada,Seasonally adjusted at annual rates,Chained (2017) dollars,"Mining, quarrying, and oil and gas extraction",82639,VAMiningAndOil,NA
2004-10-01,Canada,Seasonally adjusted at annual rates,Chained (2017) dollars,"Mining, quarrying, and oil and gas extraction",82805,VAMiningAndOil,NA
2005-01-01,Canada,Seasonally adjusted at annual rates,Chained (2017) dollars,"Mining, quarrying, and oil and gas extraction",82216,VAMiningAndOil,NA
2005-04-01,Canada,Seasonally adjusted at annual rates,Chained (2017) dollars,"Mining, quarrying, and oil and gas extraction",83874,VAMiningAndOil,NA
2005-07-01,Canada,Seasonally adjusted at annual rates,Chained (2017) dollars,"Mining, quarrying, and oil and gas extraction",85222,VAMiningAndOil,NA
2005-10-01,Canada,Seasonally adjusted at annual rates,Chained (2017) dollars,"Mining, quarrying, and oil and gas extraction",88004,VAMiningAndOil,NA
2006-01-01,Canada,Seasonally adjusted at annual rates,Chained (2017) dollars,"Mining, quarrying, and oil and gas extraction",87675,VAMiningAndOil,NA
2006-04-01,Canada,Seasonally adjusted at annual rates,Chained (2017) dollars,"Mining, quarrying, and oil and gas extraction",88189,VAMiningAndOil,NA
2006-07-01,Canada,Seasonally adjusted at annual rates,Chained (2017) dollars,"Mining, quarrying, and oil and gas extraction",87387,VAMiningAndOil,NA
2006-10-01,Canada,Seasonally adjusted at annual rates,Chained (2017) dollars,"Mining, quarrying, and oil and gas extraction",87397,VAMiningAndOil,NA
2007-01-01,Canada,Seasonally adjusted at annual rates,Chained (2017) dollars,"Mining, quarrying, and oil and gas extraction",87497,VAMiningAndOil,NA
2007-04-01,Canada,Seasonally adjusted at annual rates,Chained (2017) dollars,"Mining, quarrying, and oil and gas extraction",86745,VAMiningAndOil,NA
2007-07-01,Canada,Seasonally adjusted at annual rates,Chained (2017) dollars,"Mining, quarrying, and oil and gas extraction",87179,VAMiningAndOil,NA
2007-10-01,Canada,Seasonally adjusted at annual rates,Chained (2017) dollars,"Mining, quarrying, and oil and gas extraction",85090,VAMiningAndOil,NA
2008-01-01,Canada,Seasonally adjusted at annual rates,Chained (2017) dollars,"Mining, quarrying, and oil and gas extraction",85910,VAMiningAndOil,NA
2008-04-01,Canada,Seasonally adjusted at annual rates,Chained (2017) dollars,"Mining, quarrying, and oil and gas extraction",86012,VAMiningAndOil,NA
2008-07-01,Canada,Seasonally adjusted at annual rates,Chained (2017) dollars,"Mining, quarrying, and oil and gas extraction",87912,VAMiningAndOil,NA
2008-10-01,Canada,Seasonally adjusted at annual rates,Chained (2017) dollars,"Mining, quarrying, and oil and gas extraction",85114,VAMiningAndOil,NA
2009-01-01,Canada,Seasonally adjusted at annual rates,Chained (2017) dollars,"Mining, quarrying, and oil and gas extraction",81002,VAMiningAndOil,NA
2009-04-01,Canada,Seasonally adjusted at annual rates,Chained (2017) dollars,"Mining, quarrying, and oil and gas extraction",74505,VAMiningAndOil,NA
2009-07-01,Canada,Seasonally adjusted at annual rates,Chained (2017) dollars,"Mining, quarrying, and oil and gas extraction",73859,VAMiningAndOil,NA
2009-10-01,Canada,Seasonally adjusted at annual rates,Chained (2017) dollars,"Mining, quarrying, and oil and gas extraction",75525,VAMiningAndOil,NA
2010-01-01,Canada,Seasonally adjusted at annual rates,Chained (2017) dollars,"Mining, quarrying, and oil and gas extraction",79765,VAMiningAndOil,NA
2010-04-01,Canada,Seasonally adjusted at annual rates,Chained (2017) dollars,"Mining, quarrying, and oil and gas extraction",83531,VAMiningAndOil,NA
2010-07-01,Canada,Seasonally adjusted at annual rates,Chained (2017) dollars,"Mining, quarrying, and oil and gas extraction",83780,VAMiningAndOil,NA
2010-10-01,Canada,Seasonally adjusted at annual rates,Chained (2017) dollars,"Mining, quarrying, and oil and gas extraction",87153,VAMiningAndOil,NA
2011-01-01,Canada,Seasonally adjusted at annual rates,Chained (2017) dollars,"Mining, quarrying, and oil and gas extraction",87169,VAMiningAndOil,NA
2011-04-01,Canada,Seasonally adjusted at annual rates,Chained (2017) dollars,"Mining, quarrying, and oil and gas extraction",87263,VAMiningAndOil,NA
2011-07-01,Canada,Seasonally adjusted at annual rates,Chained (2017) dollars,"Mining, quarrying, and oil and gas extraction",91915,VAMiningAndOil,NA
2011-10-01,Canada,Seasonally adjusted at annual rates,Chained (2017) dollars,"Mining, quarrying, and oil and gas extraction",91121,VAMiningAndOil,NA
2012-01-01,Canada,Seasonally adjusted at annual rates,Chained (2017) dollars,"Mining, quarrying, and oil and gas extraction",89254,VAMiningAndOil,NA
2012-04-01,Canada,Seasonally adjusted at annual rates,Chained (2017) dollars,"Mining, quarrying, and oil and gas extraction",88672,VAMiningAndOil,NA
2012-07-01,Canada,Seasonally adjusted at annual rates,Chained (2017) dollars,"Mining, quarrying, and oil and gas extraction",85303,VAMiningAndOil,NA
2012-10-01,Canada,Seasonally adjusted at annual rates,Chained (2017) dollars,"Mining, quarrying, and oil and gas extraction",87403,VAMiningAndOil,NA
2013-01-01,Canada,Seasonally adjusted at annual rates,Chained (2017) dollars,"Mining, quarrying, and oil and gas extraction",91066,VAMiningAndOil,NA
2013-04-01,Canada,Seasonally adjusted at annual rates,Chained (2017) dollars,"Mining, quarrying, and oil and gas extraction",90671,VAMiningAndOil,NA
2013-07-01,Canada,Seasonally adjusted at annual rates,Chained (2017) dollars,"Mining, quarrying, and oil and gas extraction",92635,VAMiningAndOil,NA
2013-10-01,Canada,Seasonally adjusted at annual rates,Chained (2017) dollars,"Mining, quarrying, and oil and gas extraction",94591,VAMiningAndOil,NA
2014-01-01,Canada,Seasonally adjusted at annual rates,Chained (2017) dollars,"Mining, quarrying, and oil and gas extraction",96931,VAMiningAndOil,NA
2014-04-01,Canada,Seasonally adjusted at annual rates,Chained (2017) dollars,"Mining, quarrying, and oil and gas extraction",101681,VAMiningAndOil,NA
2014-07-01,Canada,Seasonally adjusted at annual rates,Chained (2017) dollars,"Mining, quarrying, and oil and gas extraction",99392,VAMiningAndOil,NA
2014-10-01,Canada,Seasonally adjusted at annual rates,Chained (2017) dollars,"Mining, quarrying, and oil and gas extraction",100985,VAMiningAndOil,NA
2015-01-01,Canada,Seasonally adjusted at annual rates,Chained (2017) dollars,"Mining, quarrying, and oil and gas extraction",97557,VAMiningAndOil,NA
2015-04-01,Canada,Seasonally adjusted at annual rates,Chained (2017) dollars,"Mining, quarrying, and oil and gas extraction",94315,VAMiningAndOil,NA
2015-07-01,Canada,Seasonally adjusted at annual rates,Chained (2017) dollars,"Mining, quarrying, and oil and gas extraction",98686,VAMiningAndOil,NA
2015-10-01,Canada,Seasonally adjusted at annual rates,Chained (2017) dollars,"Mining, quarrying, and oil and gas extraction",97397,VAMiningAndOil,NA
2016-01-01,Canada,Seasonally adjusted at annual rates,Chained (2017) dollars,"Mining, quarrying, and oil and gas extraction",95158,VAMiningAndOil,NA
2016-04-01,Canada,Seasonally adjusted at annual rates,Chained (2017) dollars,"Mining, quarrying, and oil and gas extraction",88564,VAMiningAndOil,NA
2016-07-01,Canada,Seasonally adjusted at annual rates,Chained (2017) dollars,"Mining, quarrying, and oil and gas extraction",97514,VAMiningAndOil,NA
2016-10-01,Canada,Seasonally adjusted at annual rates,Chained (2017) dollars,"Mining, quarrying, and oil and gas extraction",101717,VAMiningAndOil,NA
2017-01-01,Canada,Seasonally adjusted at annual rates,Chained (2017) dollars,"Mining, quarrying, and oil and gas extraction",104185,VAMiningAndOil,NA
2017-04-01,Canada,Seasonally adjusted at annual rates,Chained (2017) dollars,"Mining, quarrying, and oil and gas extraction",105843,VAMiningAndOil,NA
2017-07-01,Canada,Seasonally adjusted at annual rates,Chained (2017) dollars,"Mining, quarrying, and oil and gas extraction",105946,VAMiningAndOil,NA
2017-10-01,Canada,Seasonally adjusted at annual rates,Chained (2017) dollars,"Mining, quarrying, and oil and gas extraction",103425,VAMiningAndOil,NA
2018-01-01,Canada,Seasonally adjusted at annual rates,Chained (2017) dollars,"Mining, quarrying, and oil and gas extraction",108253,VAMiningAndOil,NA
2018-04-01,Canada,Seasonally adjusted at annual rates,Chained (2017) dollars,"Mining, quarrying, and oil and gas extraction",109784,VAMiningAndOil,NA
2018-07-01,Canada,Seasonally adjusted at annual rates,Chained (2017) dollars,"Mining, quarrying, and oil and gas extraction",110508,VAMiningAndOil,NA
2018-10-01,Canada,Seasonally adjusted at annual rates,Chained (2017) dollars,"Mining, quarrying, and oil and gas extraction",109439,VAMiningAndOil,NA
2019-01-01,Canada,Seasonally adjusted at annual rates,Chained (2017) dollars,"Mining, quarrying, and oil and gas extraction",105127,VAMiningAndOil,NA
2019-04-01,Canada,Seasonally adjusted at annual rates,Chained (2017) dollars,"Mining, quarrying, and oil and gas extraction",113264,VAMiningAndOil,NA
2019-07-01,Canada,Seasonally adjusted at annual rates,Chained (2017) dollars,"Mining, quarrying, and oil and gas extraction",108259,VAMiningAndOil,NA
2019-10-01,Canada,Seasonally adjusted at annual rates,Chained (2017) dollars,"Mining, quarrying, and oil and gas extraction",107397,VAMiningAndOil,NA
2020-01-01,Canada,Seasonally adjusted at annual rates,Chained (2017) dollars,"Mining, quarrying, and oil and gas extraction",111791,VAMiningAndOil,NA
2020-04-01,Canada,Seasonally adjusted at annual rates,Chained (2017) dollars,"Mining, quarrying, and oil and gas extraction",93772,VAMiningAndOil,NA
2020-07-01,Canada,Seasonally adjusted at annual rates,Chained (2017) dollars,"Mining, quarrying, and oil and gas extraction",93672,VAMiningAndOil,NA
2020-10-01,Canada,Seasonally adjusted at annual rates,Chained (2017) dollars,"Mining, quarrying, and oil and gas extraction",100541,VAMiningAndOil,NA
2021-01-01,Canada,Seasonally adjusted at annual rates,Chained (2017) dollars,"Mining, quarrying, and oil and gas extraction",104894,VAMiningAndOil,NA
2021-04-01,Canada,Seasonally adjusted at annual rates,Chained (2017) dollars,"Mining, quarrying, and oil and gas extraction",102634,VAMiningAndOil,NA
2021-07-01,Canada,Seasonally adjusted at annual rates,Chained (2017) dollars,"Mining, quarrying, and oil and gas extraction",106489,VAMiningAndOil,NA
2021-10-01,Canada,Seasonally adjusted at annual rates,Chained (2017) dollars,"Mining, quarrying, and oil and gas extraction",106595,VAMiningAndOil,NA
2022-01-01,Canada,Seasonally adjusted at annual rates,Chained (2017) dollars,"Mining, quarrying, and oil and gas extraction",106733,VAMiningAndOil,NA
2022-04-01,Canada,Seasonally adjusted at annual rates,Chained (2017) dollars,"Mining, quarrying, and oil and gas extraction",110125,VAMiningAndOil,NA
2022-07-01,Canada,Seasonally adjusted at annual rates,Chained (2017) dollars,"Mining, quarrying, and oil and gas extraction",111499,VAMiningAndOil,NA
2022-10-01,Canada,Seasonally adjusted at annual rates,Chained (2017) dollars,"Mining, quarrying, and oil and gas extraction",108755,VAMiningAndOil,NA
2023-01-01,Canada,Seasonally adjusted at annual rates,Chained (2017) dollars,"Mining, quarrying, and oil and gas extraction",109867,VAMiningAndOil,NA
2023-04-01,Canada,Seasonally adjusted at annual rates,Chained (2017) dollars,"Mining, quarrying, and oil and gas extraction",109401,VAMiningAndOil,NA
2023-07-01,Canada,Seasonally adjusted at annual rates,Chained (2017) dollars,"Mining, quarrying, and oil and gas extraction",111287,VAMiningAndOil,NA
2023-10-01,Canada,Seasonally adjusted at annual rates,Chained (2017) dollars,"Mining, quarrying, and oil and gas extraction",114058,VAMiningAndOil,NA
2024-01-01,Canada,Seasonally adjusted at annual rates,Chained (2017) dollars,"Mining, quarrying, and oil and gas extraction",113268,VAMiningAndOil,NA
2024-04-01,Canada,Seasonally adjusted at annual rates,Chained (2017) dollars,"Mining, quarrying, and oil and gas extraction",115614,VAMiningAndOil,NA
2024-07-01,Canada,Seasonally adjusted at annual rates,Chained (2017) dollars,"Mining, quarrying, and oil and gas extraction",115225,VAMiningAndOil,NA
2024-10-01,Canada,Seasonally adjusted at annual rates,Chained (2017) dollars,"Mining, quarrying, and oil and gas extraction",117378,VAMiningAndOil,NA
2025-01-01,Canada,Seasonally adjusted at annual rates,Chained (2017) dollars,"Mining, quarrying, and oil and gas extraction",119830,VAMiningAndOil,NA
2025-04-01,Canada,Seasonally adjusted at annual rates,Chained (2017) dollars,"Mining, quarrying, and oil and gas extraction",118709,VAMiningAndOil,NA
2025-07-01,Canada,Seasonally adjusted at annual rates,Chained (2017) dollars,"Mining, quarrying, and oil and gas extraction",120978,VAMiningAndOil,NA
2025-10-01,Canada,Seasonally adjusted at annual rates,Chained (2017) dollars,"Mining, quarrying, and oil and gas extraction",120323,VAMiningAndOil,NA
1997-01-01,Canada,Seasonally adjusted at annual rates,Chained (2017) dollars,Utilities,34726,VAUtilities,NA
1997-04-01,Canada,Seasonally adjusted at annual rates,Chained (2017) dollars,Utilities,34201,VAUtilities,NA
1997-07-01,Canada,Seasonally adjusted at annual rates,Chained (2017) dollars,Utilities,33409,VAUtilities,NA
1997-10-01,Canada,Seasonally adjusted at annual rates,Chained (2017) dollars,Utilities,33899,VAUtilities,NA
1998-01-01,Canada,Seasonally adjusted at annual rates,Chained (2017) dollars,Utilities,33374,VAUtilities,NA
1998-04-01,Canada,Seasonally adjusted at annual rates,Chained (2017) dollars,Utilities,33444,VAUtilities,NA
1998-07-01,Canada,Seasonally adjusted at annual rates,Chained (2017) dollars,Utilities,34342,VAUtilities,NA
1998-10-01,Canada,Seasonally adjusted at annual rates,Chained (2017) dollars,Utilities,33884,VAUtilities,NA
1999-01-01,Canada,Seasonally adjusted at annual rates,Chained (2017) dollars,Utilities,34164,VAUtilities,NA
1999-04-01,Canada,Seasonally adjusted at annual rates,Chained (2017) dollars,Utilities,34278,VAUtilities,NA
1999-07-01,Canada,Seasonally adjusted at annual rates,Chained (2017) dollars,Utilities,34922,VAUtilities,NA
1999-10-01,Canada,Seasonally adjusted at annual rates,Chained (2017) dollars,Utilities,34037,VAUtilities,NA
2000-01-01,Canada,Seasonally adjusted at annual rates,Chained (2017) dollars,Utilities,34014,VAUtilities,NA
2000-04-01,Canada,Seasonally adjusted at annual rates,Chained (2017) dollars,Utilities,33985,VAUtilities,NA
2000-07-01,Canada,Seasonally adjusted at annual rates,Chained (2017) dollars,Utilities,34269,VAUtilities,NA
2000-10-01,Canada,Seasonally adjusted at annual rates,Chained (2017) dollars,Utilities,34952,VAUtilities,NA
2001-01-01,Canada,Seasonally adjusted at annual rates,Chained (2017) dollars,Utilities,34375,VAUtilities,NA
2001-04-01,Canada,Seasonally adjusted at annual rates,Chained (2017) dollars,Utilities,34939,VAUtilities,NA
2001-07-01,Canada,Seasonally adjusted at annual rates,Chained (2017) dollars,Utilities,34185,VAUtilities,NA
2001-10-01,Canada,Seasonally adjusted at annual rates,Chained (2017) dollars,Utilities,34330,VAUtilities,NA
2002-01-01,Canada,Seasonally adjusted at annual rates,Chained (2017) dollars,Utilities,34502,VAUtilities,NA
2002-04-01,Canada,Seasonally adjusted at annual rates,Chained (2017) dollars,Utilities,35406,VAUtilities,NA
2002-07-01,Canada,Seasonally adjusted at annual rates,Chained (2017) dollars,Utilities,35906,VAUtilities,NA
2002-10-01,Canada,Seasonally adjusted at annual rates,Chained (2017) dollars,Utilities,36583,VAUtilities,NA
2003-01-01,Canada,Seasonally adjusted at annual rates,Chained (2017) dollars,Utilities,37408,VAUtilities,NA
2003-04-01,Canada,Seasonally adjusted at annual rates,Chained (2017) dollars,Utilities,36958,VAUtilities,NA
2003-07-01,Canada,Seasonally adjusted at annual rates,Chained (2017) dollars,Utilities,36742,VAUtilities,NA
2003-10-01,Canada,Seasonally adjusted at annual rates,Chained (2017) dollars,Utilities,36048,VAUtilities,NA
2004-01-01,Canada,Seasonally adjusted at annual rates,Chained (2017) dollars,Utilities,36571,VAUtilities,NA
2004-04-01,Canada,Seasonally adjusted at annual rates,Chained (2017) dollars,Utilities,36303,VAUtilities,NA
2004-07-01,Canada,Seasonally adjusted at annual rates,Chained (2017) dollars,Utilities,36871,VAUtilities,NA
2004-10-01,Canada,Seasonally adjusted at annual rates,Chained (2017) dollars,Utilities,38026,VAUtilities,NA
2005-01-01,Canada,Seasonally adjusted at annual rates,Chained (2017) dollars,Utilities,38213,VAUtilities,NA
2005-04-01,Canada,Seasonally adjusted at annual rates,Chained (2017) dollars,Utilities,38564,VAUtilities,NA
2005-07-01,Canada,Seasonally adjusted at annual rates,Chained (2017) dollars,Utilities,38980,VAUtilities,NA
2005-10-01,Canada,Seasonally adjusted at annual rates,Chained (2017) dollars,Utilities,38543,VAUtilities,NA
2006-01-01,Canada,Seasonally adjusted at annual rates,Chained (2017) dollars,Utilities,37657,VAUtilities,NA
2006-04-01,Canada,Seasonally adjusted at annual rates,Chained (2017) dollars,Utilities,37965,VAUtilities,NA
2006-07-01,Canada,Seasonally adjusted at annual rates,Chained (2017) dollars,Utilities,38400,VAUtilities,NA
2006-10-01,Canada,Seasonally adjusted at annual rates,Chained (2017) dollars,Utilities,37998,VAUtilities,NA
2007-01-01,Canada,Seasonally adjusted at annual rates,Chained (2017) dollars,Utilities,39191,VAUtilities,NA
2007-04-01,Canada,Seasonally adjusted at annual rates,Chained (2017) dollars,Utilities,40544,VAUtilities,NA
2007-07-01,Canada,Seasonally adjusted at annual rates,Chained (2017) dollars,Utilities,40562,VAUtilities,NA
2007-10-01,Canada,Seasonally adjusted at annual rates,Chained (2017) dollars,Utilities,41284,VAUtilities,NA
2008-01-01,Canada,Seasonally adjusted at annual rates,Chained (2017) dollars,Utilities,42273,VAUtilities,NA
2008-04-01,Canada,Seasonally adjusted at annual rates,Chained (2017) dollars,Utilities,42691,VAUtilities,NA
2008-07-01,Canada,Seasonally adjusted at annual rates,Chained (2017) dollars,Utilities,42452,VAUtilities,NA
2008-10-01,Canada,Seasonally adjusted at annual rates,Chained (2017) dollars,Utilities,41456,VAUtilities,NA
2009-01-01,Canada,Seasonally adjusted at annual rates,Chained (2017) dollars,Utilities,40463,VAUtilities,NA
2009-04-01,Canada,Seasonally adjusted at annual rates,Chained (2017) dollars,Utilities,39185,VAUtilities,NA
2009-07-01,Canada,Seasonally adjusted at annual rates,Chained (2017) dollars,Utilities,38867,VAUtilities,NA
2009-10-01,Canada,Seasonally adjusted at annual rates,Chained (2017) dollars,Utilities,40053,VAUtilities,NA
2010-01-01,Canada,Seasonally adjusted at annual rates,Chained (2017) dollars,Utilities,40144,VAUtilities,NA
2010-04-01,Canada,Seasonally adjusted at annual rates,Chained (2017) dollars,Utilities,39465,VAUtilities,NA
2010-07-01,Canada,Seasonally adjusted at annual rates,Chained (2017) dollars,Utilities,40156,VAUtilities,NA
2010-10-01,Canada,Seasonally adjusted at annual rates,Chained (2017) dollars,Utilities,40922,VAUtilities,NA
2011-01-01,Canada,Seasonally adjusted at annual rates,Chained (2017) dollars,Utilities,41668,VAUtilities,NA
2011-04-01,Canada,Seasonally adjusted at annual rates,Chained (2017) dollars,Utilities,41839,VAUtilities,NA
2011-07-01,Canada,Seasonally adjusted at annual rates,Chained (2017) dollars,Utilities,41798,VAUtilities,NA
2011-10-01,Canada,Seasonally adjusted at annual rates,Chained (2017) dollars,Utilities,40790,VAUtilities,NA
2012-01-01,Canada,Seasonally adjusted at annual rates,Chained (2017) dollars,Utilities,40442,VAUtilities,NA
2012-04-01,Canada,Seasonally adjusted at annual rates,Chained (2017) dollars,Utilities,40973,VAUtilities,NA
2012-07-01,Canada,Seasonally adjusted at annual rates,Chained (2017) dollars,Utilities,41656,VAUtilities,NA
2012-10-01,Canada,Seasonally adjusted at annual rates,Chained (2017) dollars,Utilities,41394,VAUtilities,NA
2013-01-01,Canada,Seasonally adjusted at annual rates,Chained (2017) dollars,Utilities,40431,VAUtilities,NA
2013-04-01,Canada,Seasonally adjusted at annual rates,Chained (2017) dollars,Utilities,40709,VAUtilities,NA
2013-07-01,Canada,Seasonally adjusted at annual rates,Chained (2017) dollars,Utilities,40990,VAUtilities,NA
2013-10-01,Canada,Seasonally adjusted at annual rates,Chained (2017) dollars,Utilities,42346,VAUtilities,NA
2014-01-01,Canada,Seasonally adjusted at annual rates,Chained (2017) dollars,Utilities,42393,VAUtilities,NA
2014-04-01,Canada,Seasonally adjusted at annual rates,Chained (2017) dollars,Utilities,42348,VAUtilities,NA
2014-07-01,Canada,Seasonally adjusted at annual rates,Chained (2017) dollars,Utilities,42258,VAUtilities,NA
2014-10-01,Canada,Seasonally adjusted at annual rates,Chained (2017) dollars,Utilities,43152,VAUtilities,NA
2015-01-01,Canada,Seasonally adjusted at annual rates,Chained (2017) dollars,Utilities,44033,VAUtilities,NA
2015-04-01,Canada,Seasonally adjusted at annual rates,Chained (2017) dollars,Utilities,43212,VAUtilities,NA
2015-07-01,Canada,Seasonally adjusted at annual rates,Chained (2017) dollars,Utilities,42257,VAUtilities,NA
2015-10-01,Canada,Seasonally adjusted at annual rates,Chained (2017) dollars,Utilities,41475,VAUtilities,NA
2016-01-01,Canada,Seasonally adjusted at annual rates,Chained (2017) dollars,Utilities,42765,VAUtilities,NA
2016-04-01,Canada,Seasonally adjusted at annual rates,Chained (2017) dollars,Utilities,43764,VAUtilities,NA
2016-07-01,Canada,Seasonally adjusted at annual rates,Chained (2017) dollars,Utilities,44679,VAUtilities,NA
2016-10-01,Canada,Seasonally adjusted at annual rates,Chained (2017) dollars,Utilities,43516,VAUtilities,NA
2017-01-01,Canada,Seasonally adjusted at annual rates,Chained (2017) dollars,Utilities,43933,VAUtilities,NA
2017-04-01,Canada,Seasonally adjusted at annual rates,Chained (2017) dollars,Utilities,43953,VAUtilities,NA
2017-07-01,Canada,Seasonally adjusted at annual rates,Chained (2017) dollars,Utilities,44296,VAUtilities,NA
2017-10-01,Canada,Seasonally adjusted at annual rates,Chained (2017) dollars,Utilities,44610,VAUtilities,NA
2018-01-01,Canada,Seasonally adjusted at annual rates,Chained (2017) dollars,Utilities,44410,VAUtilities,NA
2018-04-01,Canada,Seasonally adjusted at annual rates,Chained (2017) dollars,Utilities,44335,VAUtilities,NA
2018-07-01,Canada,Seasonally adjusted at annual rates,Chained (2017) dollars,Utilities,45738,VAUtilities,NA
2018-10-01,Canada,Seasonally adjusted at annual rates,Chained (2017) dollars,Utilities,46304,VAUtilities,NA
2019-01-01,Canada,Seasonally adjusted at annual rates,Chained (2017) dollars,Utilities,46488,VAUtilities,NA
2019-04-01,Canada,Seasonally adjusted at annual rates,Chained (2017) dollars,Utilities,45874,VAUtilities,NA
2019-07-01,Canada,Seasonally adjusted at annual rates,Chained (2017) dollars,Utilities,45560,VAUtilities,NA
2019-10-01,Canada,Seasonally adjusted at annual rates,Chained (2017) dollars,Utilities,46550,VAUtilities,NA
2020-01-01,Canada,Seasonally adjusted at annual rates,Chained (2017) dollars,Utilities,45530,VAUtilities,NA
2020-04-01,Canada,Seasonally adjusted at annual rates,Chained (2017) dollars,Utilities,45570,VAUtilities,NA
2020-07-01,Canada,Seasonally adjusted at annual rates,Chained (2017) dollars,Utilities,46011,VAUtilities,NA
2020-10-01,Canada,Seasonally adjusted at annual rates,Chained (2017) dollars,Utilities,45425,VAUtilities,NA
2021-01-01,Canada,Seasonally adjusted at annual rates,Chained (2017) dollars,Utilities,44999,VAUtilities,NA
2021-04-01,Canada,Seasonally adjusted at annual rates,Chained (2017) dollars,Utilities,45686,VAUtilities,NA
2021-07-01,Canada,Seasonally adjusted at annual rates,Chained (2017) dollars,Utilities,45953,VAUtilities,NA
2021-10-01,Canada,Seasonally adjusted at annual rates,Chained (2017) dollars,Utilities,45839,VAUtilities,NA
2022-01-01,Canada,Seasonally adjusted at annual rates,Chained (2017) dollars,Utilities,47499,VAUtilities,NA
2022-04-01,Canada,Seasonally adjusted at annual rates,Chained (2017) dollars,Utilities,47357,VAUtilities,NA
2022-07-01,Canada,Seasonally adjusted at annual rates,Chained (2017) dollars,Utilities,48430,VAUtilities,NA
2022-10-01,Canada,Seasonally adjusted at annual rates,Chained (2017) dollars,Utilities,47510,VAUtilities,NA
2023-01-01,Canada,Seasonally adjusted at annual rates,Chained (2017) dollars,Utilities,47104,VAUtilities,NA
2023-04-01,Canada,Seasonally adjusted at annual rates,Chained (2017) dollars,Utilities,47165,VAUtilities,NA
2023-07-01,Canada,Seasonally adjusted at annual rates,Chained (2017) dollars,Utilities,46147,VAUtilities,NA
2023-10-01,Canada,Seasonally adjusted at annual rates,Chained (2017) dollars,Utilities,46400,VAUtilities,NA
2024-01-01,Canada,Seasonally adjusted at annual rates,Chained (2017) dollars,Utilities,45960,VAUtilities,NA
2024-04-01,Canada,Seasonally adjusted at annual rates,Chained (2017) dollars,Utilities,46463,VAUtilities,NA
2024-07-01,Canada,Seasonally adjusted at annual rates,Chained (2017) dollars,Utilities,47705,VAUtilities,NA
2024-10-01,Canada,Seasonally adjusted at annual rates,Chained (2017) dollars,Utilities,47216,VAUtilities,NA
2025-01-01,Canada,Seasonally adjusted at annual rates,Chained (2017) dollars,Utilities,49002,VAUtilities,NA
2025-04-01,Canada,Seasonally adjusted at annual rates,Chained (2017) dollars,Utilities,47507,VAUtilities,NA
2025-07-01,Canada,Seasonally adjusted at annual rates,Chained (2017) dollars,Utilities,46425,VAUtilities,NA
2025-10-01,Canada,Seasonally adjusted at annual rates,Chained (2017) dollars,Utilities,46768,VAUtilities,NA
1997-01-01,Canada,Seasonally adjusted at annual rates,Chained (2017) dollars,Manufacturing,180030,VAManufacturing,NA
1997-04-01,Canada,Seasonally adjusted at annual rates,Chained (2017) dollars,Manufacturing,183039,VAManufacturing,NA
1997-07-01,Canada,Seasonally adjusted at annual rates,Chained (2017) dollars,Manufacturing,186805,VAManufacturing,NA
1997-10-01,Canada,Seasonally adjusted at annual rates,Chained (2017) dollars,Manufacturing,188739,VAManufacturing,NA
1998-01-01,Canada,Seasonally adjusted at annual rates,Chained (2017) dollars,Manufacturing,191305,VAManufacturing,NA
1998-04-01,Canada,Seasonally adjusted at annual rates,Chained (2017) dollars,Manufacturing,192277,VAManufacturing,NA
1998-07-01,Canada,Seasonally adjusted at annual rates,Chained (2017) dollars,Manufacturing,191247,VAManufacturing,NA
1998-10-01,Canada,Seasonally adjusted at annual rates,Chained (2017) dollars,Manufacturing,197852,VAManufacturing,NA
1999-01-01,Canada,Seasonally adjusted at annual rates,Chained (2017) dollars,Manufacturing,201228,VAManufacturing,NA
1999-04-01,Canada,Seasonally adjusted at annual rates,Chained (2017) dollars,Manufacturing,204769,VAManufacturing,NA
1999-07-01,Canada,Seasonally adjusted at annual rates,Chained (2017) dollars,Manufacturing,211020,VAManufacturing,NA
1999-10-01,Canada,Seasonally adjusted at annual rates,Chained (2017) dollars,Manufacturing,216712,VAManufacturing,NA
2000-01-01,Canada,Seasonally adjusted at annual rates,Chained (2017) dollars,Manufacturing,222188,VAManufacturing,NA
2000-04-01,Canada,Seasonally adjusted at annual rates,Chained (2017) dollars,Manufacturing,226578,VAManufacturing,NA
2000-07-01,Canada,Seasonally adjusted at annual rates,Chained (2017) dollars,Manufacturing,230900,VAManufacturing,NA
2000-10-01,Canada,Seasonally adjusted at annual rates,Chained (2017) dollars,Manufacturing,231822,VAManufacturing,NA
2001-01-01,Canada,Seasonally adjusted at annual rates,Chained (2017) dollars,Manufacturing,224650,VAManufacturing,NA
2001-04-01,Canada,Seasonally adjusted at annual rates,Chained (2017) dollars,Manufacturing,222386,VAManufacturing,NA
2001-07-01,Canada,Seasonally adjusted at annual rates,Chained (2017) dollars,Manufacturing,217670,VAManufacturing,NA
2001-10-01,Canada,Seasonally adjusted at annual rates,Chained (2017) dollars,Manufacturing,215026,VAManufacturing,NA
2002-01-01,Canada,Seasonally adjusted at annual rates,Chained (2017) dollars,Manufacturing,223003,VAManufacturing,NA
2002-04-01,Canada,Seasonally adjusted at annual rates,Chained (2017) dollars,Manufacturing,226118,VAManufacturing,NA
2002-07-01,Canada,Seasonally adjusted at annual rates,Chained (2017) dollars,Manufacturing,225780,VAManufacturing,NA
2002-10-01,Canada,Seasonally adjusted at annual rates,Chained (2017) dollars,Manufacturing,222308,VAManufacturing,NA
2003-01-01,Canada,Seasonally adjusted at annual rates,Chained (2017) dollars,Manufacturing,220730,VAManufacturing,NA
2003-04-01,Canada,Seasonally adjusted at annual rates,Chained (2017) dollars,Manufacturing,220070,VAManufacturing,NA
2003-07-01,Canada,Seasonally adjusted at annual rates,Chained (2017) dollars,Manufacturing,220948,VAManufacturing,NA
2003-10-01,Canada,Seasonally adjusted at annual rates,Chained (2017) dollars,Manufacturing,226827,VAManufacturing,NA
2004-01-01,Canada,Seasonally adjusted at annual rates,Chained (2017) dollars,Manufacturing,225468,VAManufacturing,NA
2004-04-01,Canada,Seasonally adjusted at annual rates,Chained (2017) dollars,Manufacturing,227197,VAManufacturing,NA
2004-07-01,Canada,Seasonally adjusted at annual rates,Chained (2017) dollars,Manufacturing,229236,VAManufacturing,NA
2004-10-01,Canada,Seasonally adjusted at annual rates,Chained (2017) dollars,Manufacturing,230172,VAManufacturing,NA
2005-01-01,Canada,Seasonally adjusted at annual rates,Chained (2017) dollars,Manufacturing,232439,VAManufacturing,NA
2005-04-01,Canada,Seasonally adjusted at annual rates,Chained (2017) dollars,Manufacturing,232776,VAManufacturing,NA
2005-07-01,Canada,Seasonally adjusted at annual rates,Chained (2017) dollars,Manufacturing,232615,VAManufacturing,NA
2005-10-01,Canada,Seasonally adjusted at annual rates,Chained (2017) dollars,Manufacturing,233453,VAManufacturing,NA
2006-01-01,Canada,Seasonally adjusted at annual rates,Chained (2017) dollars,Manufacturing,235794,VAManufacturing,NA
2006-04-01,Canada,Seasonally adjusted at annual rates,Chained (2017) dollars,Manufacturing,229264,VAManufacturing,NA
2006-07-01,Canada,Seasonally adjusted at annual rates,Chained (2017) dollars,Manufacturing,225840,VAManufacturing,NA
2006-10-01,Canada,Seasonally adjusted at annual rates,Chained (2017) dollars,Manufacturing,223059,VAManufacturing,NA
2007-01-01,Canada,Seasonally adjusted at annual rates,Chained (2017) dollars,Manufacturing,224070,VAManufacturing,NA
2007-04-01,Canada,Seasonally adjusted at annual rates,Chained (2017) dollars,Manufacturing,223874,VAManufacturing,NA
2007-07-01,Canada,Seasonally adjusted at annual rates,Chained (2017) dollars,Manufacturing,220594,VAManufacturing,NA
2007-10-01,Canada,Seasonally adjusted at annual rates,Chained (2017) dollars,Manufacturing,217193,VAManufacturing,NA
2008-01-01,Canada,Seasonally adjusted at annual rates,Chained (2017) dollars,Manufacturing,211189,VAManufacturing,NA
2008-04-01,Canada,Seasonally adjusted at annual rates,Chained (2017) dollars,Manufacturing,211946,VAManufacturing,NA
2008-07-01,Canada,Seasonally adjusted at annual rates,Chained (2017) dollars,Manufacturing,210056,VAManufacturing,NA
2008-10-01,Canada,Seasonally adjusted at annual rates,Chained (2017) dollars,Manufacturing,201069,VAManufacturing,NA
2009-01-01,Canada,Seasonally adjusted at annual rates,Chained (2017) dollars,Manufacturing,185641,VAManufacturing,NA
2009-04-01,Canada,Seasonally adjusted at annual rates,Chained (2017) dollars,Manufacturing,178691,VAManufacturing,NA
2009-07-01,Canada,Seasonally adjusted at annual rates,Chained (2017) dollars,Manufacturing,179505,VAManufacturing,NA
2009-10-01,Canada,Seasonally adjusted at annual rates,Chained (2017) dollars,Manufacturing,181344,VAManufacturing,NA
2010-01-01,Canada,Seasonally adjusted at annual rates,Chained (2017) dollars,Manufacturing,185146,VAManufacturing,NA
2010-04-01,Canada,Seasonally adjusted at annual rates,Chained (2017) dollars,Manufacturing,188262,VAManufacturing,NA
2010-07-01,Canada,Seasonally adjusted at annual rates,Chained (2017) dollars,Manufacturing,189181,VAManufacturing,NA
2010-10-01,Canada,Seasonally adjusted at annual rates,Chained (2017) dollars,Manufacturing,188290,VAManufacturing,NA
2011-01-01,Canada,Seasonally adjusted at annual rates,Chained (2017) dollars,Manufacturing,191400,VAManufacturing,NA
2011-04-01,Canada,Seasonally adjusted at annual rates,Chained (2017) dollars,Manufacturing,191536,VAManufacturing,NA
2011-07-01,Canada,Seasonally adjusted at annual rates,Chained (2017) dollars,Manufacturing,195168,VAManufacturing,NA
2011-10-01,Canada,Seasonally adjusted at annual rates,Chained (2017) dollars,Manufacturing,198745,VAManufacturing,NA
2012-01-01,Canada,Seasonally adjusted at annual rates,Chained (2017) dollars,Manufacturing,198299,VAManufacturing,NA
2012-04-01,Canada,Seasonally adjusted at annual rates,Chained (2017) dollars,Manufacturing,198738,VAManufacturing,NA
2012-07-01,Canada,Seasonally adjusted at annual rates,Chained (2017) dollars,Manufacturing,197154,VAManufacturing,NA
2012-10-01,Canada,Seasonally adjusted at annual rates,Chained (2017) dollars,Manufacturing,193954,VAManufacturing,NA
2013-01-01,Canada,Seasonally adjusted at annual rates,Chained (2017) dollars,Manufacturing,195587,VAManufacturing,NA
2013-04-01,Canada,Seasonally adjusted at annual rates,Chained (2017) dollars,Manufacturing,195060,VAManufacturing,NA
2013-07-01,Canada,Seasonally adjusted at annual rates,Chained (2017) dollars,Manufacturing,196158,VAManufacturing,NA
2013-10-01,Canada,Seasonally adjusted at annual rates,Chained (2017) dollars,Manufacturing,198768,VAManufacturing,NA
2014-01-01,Canada,Seasonally adjusted at annual rates,Chained (2017) dollars,Manufacturing,198095,VAManufacturing,NA
2014-04-01,Canada,Seasonally adjusted at annual rates,Chained (2017) dollars,Manufacturing,201630,VAManufacturing,NA
2014-07-01,Canada,Seasonally adjusted at annual rates,Chained (2017) dollars,Manufacturing,204329,VAManufacturing,NA
2014-10-01,Canada,Seasonally adjusted at annual rates,Chained (2017) dollars,Manufacturing,204867,VAManufacturing,NA
2015-01-01,Canada,Seasonally adjusted at annual rates,Chained (2017) dollars,Manufacturing,203724,VAManufacturing,NA
2015-04-01,Canada,Seasonally adjusted at annual rates,Chained (2017) dollars,Manufacturing,202999,VAManufacturing,NA
2015-07-01,Canada,Seasonally adjusted at annual rates,Chained (2017) dollars,Manufacturing,203671,VAManufacturing,NA
2015-10-01,Canada,Seasonally adjusted at annual rates,Chained (2017) dollars,Manufacturing,203109,VAManufacturing,NA
2016-01-01,Canada,Seasonally adjusted at annual rates,Chained (2017) dollars,Manufacturing,204186,VAManufacturing,NA
2016-04-01,Canada,Seasonally adjusted at annual rates,Chained (2017) dollars,Manufacturing,202470,VAManufacturing,NA
2016-07-01,Canada,Seasonally adjusted at annual rates,Chained (2017) dollars,Manufacturing,203505,VAManufacturing,NA
2016-10-01,Canada,Seasonally adjusted at annual rates,Chained (2017) dollars,Manufacturing,203266,VAManufacturing,NA
2017-01-01,Canada,Seasonally adjusted at annual rates,Chained (2017) dollars,Manufacturing,206063,VAManufacturing,NA
2017-04-01,Canada,Seasonally adjusted at annual rates,Chained (2017) dollars,Manufacturing,208676,VAManufacturing,NA
2017-07-01,Canada,Seasonally adjusted at annual rates,Chained (2017) dollars,Manufacturing,205846,VAManufacturing,NA
2017-10-01,Canada,Seasonally adjusted at annual rates,Chained (2017) dollars,Manufacturing,208662,VAManufacturing,NA
2018-01-01,Canada,Seasonally adjusted at annual rates,Chained (2017) dollars,Manufacturing,212389,VAManufacturing,NA
2018-04-01,Canada,Seasonally adjusted at annual rates,Chained (2017) dollars,Manufacturing,213981,VAManufacturing,NA
2018-07-01,Canada,Seasonally adjusted at annual rates,Chained (2017) dollars,Manufacturing,214407,VAManufacturing,NA
2018-10-01,Canada,Seasonally adjusted at annual rates,Chained (2017) dollars,Manufacturing,213847,VAManufacturing,NA
2019-01-01,Canada,Seasonally adjusted at annual rates,Chained (2017) dollars,Manufacturing,213696,VAManufacturing,NA
2019-04-01,Canada,Seasonally adjusted at annual rates,Chained (2017) dollars,Manufacturing,214854,VAManufacturing,NA
2019-07-01,Canada,Seasonally adjusted at annual rates,Chained (2017) dollars,Manufacturing,213508,VAManufacturing,NA
2019-10-01,Canada,Seasonally adjusted at annual rates,Chained (2017) dollars,Manufacturing,212402,VAManufacturing,NA
2020-01-01,Canada,Seasonally adjusted at annual rates,Chained (2017) dollars,Manufacturing,201581,VAManufacturing,NA
2020-04-01,Canada,Seasonally adjusted at annual rates,Chained (2017) dollars,Manufacturing,171000,VAManufacturing,NA
2020-07-01,Canada,Seasonally adjusted at annual rates,Chained (2017) dollars,Manufacturing,202078,VAManufacturing,NA
2020-10-01,Canada,Seasonally adjusted at annual rates,Chained (2017) dollars,Manufacturing,206864,VAManufacturing,NA
2021-01-01,Canada,Seasonally adjusted at annual rates,Chained (2017) dollars,Manufacturing,208868,VAManufacturing,NA
2021-04-01,Canada,Seasonally adjusted at annual rates,Chained (2017) dollars,Manufacturing,205544,VAManufacturing,NA
2021-07-01,Canada,Seasonally adjusted at annual rates,Chained (2017) dollars,Manufacturing,206247,VAManufacturing,NA
2021-10-01,Canada,Seasonally adjusted at annual rates,Chained (2017) dollars,Manufacturing,211173,VAManufacturing,NA
2022-01-01,Canada,Seasonally adjusted at annual rates,Chained (2017) dollars,Manufacturing,214391,VAManufacturing,NA
2022-04-01,Canada,Seasonally adjusted at annual rates,Chained (2017) dollars,Manufacturing,212641,VAManufacturing,NA
2022-07-01,Canada,Seasonally adjusted at annual rates,Chained (2017) dollars,Manufacturing,211217,VAManufacturing,NA
2022-10-01,Canada,Seasonally adjusted at annual rates,Chained (2017) dollars,Manufacturing,207835,VAManufacturing,NA
2023-01-01,Canada,Seasonally adjusted at annual rates,Chained (2017) dollars,Manufacturing,213025,VAManufacturing,NA
2023-04-01,Canada,Seasonally adjusted at annual rates,Chained (2017) dollars,Manufacturing,214014,VAManufacturing,NA
2023-07-01,Canada,Seasonally adjusted at annual rates,Chained (2017) dollars,Manufacturing,210612,VAManufacturing,NA
2023-10-01,Canada,Seasonally adjusted at annual rates,Chained (2017) dollars,Manufacturing,207809,VAManufacturing,NA
2024-01-01,Canada,Seasonally adjusted at annual rates,Chained (2017) dollars,Manufacturing,206078,VAManufacturing,NA
2024-04-01,Canada,Seasonally adjusted at annual rates,Chained (2017) dollars,Manufacturing,206171,VAManufacturing,NA
2024-07-01,Canada,Seasonally adjusted at annual rates,Chained (2017) dollars,Manufacturing,206222,VAManufacturing,NA
2024-10-01,Canada,Seasonally adjusted at annual rates,Chained (2017) dollars,Manufacturing,204996,VAManufacturing,NA
2025-01-01,Canada,Seasonally adjusted at annual rates,Chained (2017) dollars,Manufacturing,204628,VAManufacturing,NA
2025-04-01,Canada,Seasonally adjusted at annual rates,Chained (2017) dollars,Manufacturing,199140,VAManufacturing,NA
2025-07-01,Canada,Seasonally adjusted at annual rates,Chained (2017) dollars,Manufacturing,200670,VAManufacturing,NA
2025-10-01,Canada,Seasonally adjusted at annual rates,Chained (2017) dollars,Manufacturing,197583,VAManufacturing,NA
1997-01-01,Canada,Seasonally adjusted at annual rates,Chained (2017) dollars,Waste management and remediation services,1645,VAWasteManagement,NA
1997-04-01,Canada,Seasonally adjusted at annual rates,Chained (2017) dollars,Waste management and remediation services,1588,VAWasteManagement,NA
1997-07-01,Canada,Seasonally adjusted at annual rates,Chained (2017) dollars,Waste management and remediation services,1642,VAWasteManagement,NA
1997-10-01,Canada,Seasonally adjusted at annual rates,Chained (2017) dollars,Waste management and remediation services,1697,VAWasteManagement,NA
1998-01-01,Canada,Seasonally adjusted at annual rates,Chained (2017) dollars,Waste management and remediation services,1693,VAWasteManagement,NA
1998-04-01,Canada,Seasonally adjusted at annual rates,Chained (2017) dollars,Waste management and remediation services,1659,VAWasteManagement,NA
1998-07-01,Canada,Seasonally adjusted at annual rates,Chained (2017) dollars,Waste management and remediation services,1657,VAWasteManagement,NA
1998-10-01,Canada,Seasonally adjusted at annual rates,Chained (2017) dollars,Waste management and remediation services,1648,VAWasteManagement,NA
1999-01-01,Canada,Seasonally adjusted at annual rates,Chained (2017) dollars,Waste management and remediation services,1691,VAWasteManagement,NA
1999-04-01,Canada,Seasonally adjusted at annual rates,Chained (2017) dollars,Waste management and remediation services,1751,VAWasteManagement,NA
1999-07-01,Canada,Seasonally adjusted at annual rates,Chained (2017) dollars,Waste management and remediation services,1788,VAWasteManagement,NA
1999-10-01,Canada,Seasonally adjusted at annual rates,Chained (2017) dollars,Waste management and remediation services,1794,VAWasteManagement,NA
2000-01-01,Canada,Seasonally adjusted at annual rates,Chained (2017) dollars,Waste management and remediation services,1785,VAWasteManagement,NA
2000-04-01,Canada,Seasonally adjusted at annual rates,Chained (2017) dollars,Waste management and remediation services,1802,VAWasteManagement,NA
2000-07-01,Canada,Seasonally adjusted at annual rates,Chained (2017) dollars,Waste management and remediation services,1849,VAWasteManagement,NA
2000-10-01,Canada,Seasonally adjusted at annual rates,Chained (2017) dollars,Waste management and remediation services,1892,VAWasteManagement,NA
2001-01-01,Canada,Seasonally adjusted at annual rates,Chained (2017) dollars,Waste management and remediation services,2027,VAWasteManagement,NA
2001-04-01,Canada,Seasonally adjusted at annual rates,Chained (2017) dollars,Waste management and remediation services,2114,VAWasteManagement,NA
2001-07-01,Canada,Seasonally adjusted at annual rates,Chained (2017) dollars,Waste management and remediation services,2207,VAWasteManagement,NA
2001-10-01,Canada,Seasonally adjusted at annual rates,Chained (2017) dollars,Waste management and remediation services,2412,VAWasteManagement,NA
2002-01-01,Canada,Seasonally adjusted at annual rates,Chained (2017) dollars,Waste management and remediation services,2571,VAWasteManagement,NA
2002-04-01,Canada,Seasonally adjusted at annual rates,Chained (2017) dollars,Waste management and remediation services,2655,VAWasteManagement,NA
2002-07-01,Canada,Seasonally adjusted at annual rates,Chained (2017) dollars,Waste management and remediation services,2750,VAWasteManagement,NA
2002-10-01,Canada,Seasonally adjusted at annual rates,Chained (2017) dollars,Waste management and remediation services,2831,VAWasteManagement,NA
2003-01-01,Canada,Seasonally adjusted at annual rates,Chained (2017) dollars,Waste management and remediation services,2865,VAWasteManagement,NA
2003-04-01,Canada,Seasonally adjusted at annual rates,Chained (2017) dollars,Waste management and remediation services,2934,VAWasteManagement,NA
2003-07-01,Canada,Seasonally adjusted at annual rates,Chained (2017) dollars,Waste management and remediation services,3032,VAWasteManagement,NA
2003-10-01,Canada,Seasonally adjusted at annual rates,Chained (2017) dollars,Waste management and remediation services,3153,VAWasteManagement,NA
2004-01-01,Canada,Seasonally adjusted at annual rates,Chained (2017) dollars,Waste management and remediation services,3275,VAWasteManagement,NA
2004-04-01,Canada,Seasonally adjusted at annual rates,Chained (2017) dollars,Waste management and remediation services,3396,VAWasteManagement,NA
2004-07-01,Canada,Seasonally adjusted at annual rates,Chained (2017) dollars,Waste management and remediation services,3481,VAWasteManagement,NA
2004-10-01,Canada,Seasonally adjusted at annual rates,Chained (2017) dollars,Waste management and remediation services,3540,VAWasteManagement,NA
2005-01-01,Canada,Seasonally adjusted at annual rates,Chained (2017) dollars,Waste management and remediation services,3577,VAWasteManagement,NA
2005-04-01,Canada,Seasonally adjusted at annual rates,Chained (2017) dollars,Waste management and remediation services,3614,VAWasteManagement,NA
2005-07-01,Canada,Seasonally adjusted at annual rates,Chained (2017) dollars,Waste management and remediation services,3683,VAWasteManagement,NA
2005-10-01,Canada,Seasonally adjusted at annual rates,Chained (2017) dollars,Waste management and remediation services,3750,VAWasteManagement,NA
2006-01-01,Canada,Seasonally adjusted at annual rates,Chained (2017) dollars,Waste management and remediation services,3819,VAWasteManagement,NA
2006-04-01,Canada,Seasonally adjusted at annual rates,Chained (2017) dollars,Waste management and remediation services,3890,VAWasteManagement,NA
2006-07-01,Canada,Seasonally adjusted at annual rates,Chained (2017) dollars,Waste management and remediation services,3962,VAWasteManagement,NA
2006-10-01,Canada,Seasonally adjusted at annual rates,Chained (2017) dollars,Waste management and remediation services,4057,VAWasteManagement,NA
2007-01-01,Canada,Seasonally adjusted at annual rates,Chained (2017) dollars,Waste management and remediation services,4130,VAWasteManagement,NA
2007-04-01,Canada,Seasonally adjusted at annual rates,Chained (2017) dollars,Waste management and remediation services,4193,VAWasteManagement,NA
2007-07-01,Canada,Seasonally adjusted at annual rates,Chained (2017) dollars,Waste management and remediation services,4250,VAWasteManagement,NA
2007-10-01,Canada,Seasonally adjusted at annual rates,Chained (2017) dollars,Waste management and remediation services,4288,VAWasteManagement,NA
2008-01-01,Canada,Seasonally adjusted at annual rates,Chained (2017) dollars,Waste management and remediation services,4294,VAWasteManagement,NA
2008-04-01,Canada,Seasonally adjusted at annual rates,Chained (2017) dollars,Waste management and remediation services,4306,VAWasteManagement,NA
2008-07-01,Canada,Seasonally adjusted at annual rates,Chained (2017) dollars,Waste management and remediation services,4348,VAWasteManagement,NA
2008-10-01,Canada,Seasonally adjusted at annual rates,Chained (2017) dollars,Waste management and remediation services,4392,VAWasteManagement,NA
2009-01-01,Canada,Seasonally adjusted at annual rates,Chained (2017) dollars,Waste management and remediation services,4511,VAWasteManagement,NA
2009-04-01,Canada,Seasonally adjusted at annual rates,Chained (2017) dollars,Waste management and remediation services,4578,VAWasteManagement,NA
2009-07-01,Canada,Seasonally adjusted at annual rates,Chained (2017) dollars,Waste management and remediation services,4606,VAWasteManagement,NA
2009-10-01,Canada,Seasonally adjusted at annual rates,Chained (2017) dollars,Waste management and remediation services,4640,VAWasteManagement,NA
2010-01-01,Canada,Seasonally adjusted at annual rates,Chained (2017) dollars,Waste management and remediation services,4680,VAWasteManagement,NA
2010-04-01,Canada,Seasonally adjusted at annual rates,Chained (2017) dollars,Waste management and remediation services,4753,VAWasteManagement,NA
2010-07-01,Canada,Seasonally adjusted at annual rates,Chained (2017) dollars,Waste management and remediation services,4885,VAWasteManagement,NA
2010-10-01,Canada,Seasonally adjusted at annual rates,Chained (2017) dollars,Waste management and remediation services,5054,VAWasteManagement,NA
2011-01-01,Canada,Seasonally adjusted at annual rates,Chained (2017) dollars,Waste management and remediation services,5157,VAWasteManagement,NA
2011-04-01,Canada,Seasonally adjusted at annual rates,Chained (2017) dollars,Waste management and remediation services,5259,VAWasteManagement,NA
2011-07-01,Canada,Seasonally adjusted at annual rates,Chained (2017) dollars,Waste management and remediation services,5341,VAWasteManagement,NA
2011-10-01,Canada,Seasonally adjusted at annual rates,Chained (2017) dollars,Waste management and remediation services,5359,VAWasteManagement,NA
2012-01-01,Canada,Seasonally adjusted at annual rates,Chained (2017) dollars,Waste management and remediation services,5460,VAWasteManagement,NA
2012-04-01,Canada,Seasonally adjusted at annual rates,Chained (2017) dollars,Waste management and remediation services,5598,VAWasteManagement,NA
2012-07-01,Canada,Seasonally adjusted at annual rates,Chained (2017) dollars,Waste management and remediation services,5736,VAWasteManagement,NA
2012-10-01,Canada,Seasonally adjusted at annual rates,Chained (2017) dollars,Waste management and remediation services,5793,VAWasteManagement,NA
2013-01-01,Canada,Seasonally adjusted at annual rates,Chained (2017) dollars,Waste management and remediation services,5830,VAWasteManagement,NA
2013-04-01,Canada,Seasonally adjusted at annual rates,Chained (2017) dollars,Waste management and remediation services,5872,VAWasteManagement,NA
2013-07-01,Canada,Seasonally adjusted at annual rates,Chained (2017) dollars,Waste management and remediation services,5937,VAWasteManagement,NA
2013-10-01,Canada,Seasonally adjusted at annual rates,Chained (2017) dollars,Waste management and remediation services,6121,VAWasteManagement,NA
2014-01-01,Canada,Seasonally adjusted at annual rates,Chained (2017) dollars,Waste management and remediation services,6331,VAWasteManagement,NA
2014-04-01,Canada,Seasonally adjusted at annual rates,Chained (2017) dollars,Waste management and remediation services,6457,VAWasteManagement,NA
2014-07-01,Canada,Seasonally adjusted at annual rates,Chained (2017) dollars,Waste management and remediation services,6519,VAWasteManagement,NA
2014-10-01,Canada,Seasonally adjusted at annual rates,Chained (2017) dollars,Waste management and remediation services,6406,VAWasteManagement,NA
2015-01-01,Canada,Seasonally adjusted at annual rates,Chained (2017) dollars,Waste management and remediation services,6152,VAWasteManagement,NA
2015-04-01,Canada,Seasonally adjusted at annual rates,Chained (2017) dollars,Waste management and remediation services,6164,VAWasteManagement,NA
2015-07-01,Canada,Seasonally adjusted at annual rates,Chained (2017) dollars,Waste management and remediation services,6274,VAWasteManagement,NA
2015-10-01,Canada,Seasonally adjusted at annual rates,Chained (2017) dollars,Waste management and remediation services,6480,VAWasteManagement,NA
2016-01-01,Canada,Seasonally adjusted at annual rates,Chained (2017) dollars,Waste management and remediation services,6546,VAWasteManagement,NA
2016-04-01,Canada,Seasonally adjusted at annual rates,Chained (2017) dollars,Waste management and remediation services,6597,VAWasteManagement,NA
2016-07-01,Canada,Seasonally adjusted at annual rates,Chained (2017) dollars,Waste management and remediation services,6765,VAWasteManagement,NA
2016-10-01,Canada,Seasonally adjusted at annual rates,Chained (2017) dollars,Waste management and remediation services,6739,VAWasteManagement,NA
2017-01-01,Canada,Seasonally adjusted at annual rates,Chained (2017) dollars,Waste management and remediation services,6782,VAWasteManagement,NA
2017-04-01,Canada,Seasonally adjusted at annual rates,Chained (2017) dollars,Waste management and remediation services,6750,VAWasteManagement,NA
2017-07-01,Canada,Seasonally adjusted at annual rates,Chained (2017) dollars,Waste management and remediation services,6754,VAWasteManagement,NA
2017-10-01,Canada,Seasonally adjusted at annual rates,Chained (2017) dollars,Waste management and remediation services,6607,VAWasteManagement,NA
2018-01-01,Canada,Seasonally adjusted at annual rates,Chained (2017) dollars,Waste management and remediation services,6916,VAWasteManagement,NA
2018-04-01,Canada,Seasonally adjusted at annual rates,Chained (2017) dollars,Waste management and remediation services,7177,VAWasteManagement,NA
2018-07-01,Canada,Seasonally adjusted at annual rates,Chained (2017) dollars,Waste management and remediation services,7386,VAWasteManagement,NA
2018-10-01,Canada,Seasonally adjusted at annual rates,Chained (2017) dollars,Waste management and remediation services,7625,VAWasteManagement,NA
2019-01-01,Canada,Seasonally adjusted at annual rates,Chained (2017) dollars,Waste management and remediation services,7855,VAWasteManagement,NA
2019-04-01,Canada,Seasonally adjusted at annual rates,Chained (2017) dollars,Waste management and remediation services,7770,VAWasteManagement,NA
2019-07-01,Canada,Seasonally adjusted at annual rates,Chained (2017) dollars,Waste management and remediation services,7613,VAWasteManagement,NA
2019-10-01,Canada,Seasonally adjusted at annual rates,Chained (2017) dollars,Waste management and remediation services,7826,VAWasteManagement,NA
2020-01-01,Canada,Seasonally adjusted at annual rates,Chained (2017) dollars,Waste management and remediation services,7259,VAWasteManagement,NA
2020-04-01,Canada,Seasonally adjusted at annual rates,Chained (2017) dollars,Waste management and remediation services,5819,VAWasteManagement,NA
2020-07-01,Canada,Seasonally adjusted at annual rates,Chained (2017) dollars,Waste management and remediation services,6432,VAWasteManagement,NA
2020-10-01,Canada,Seasonally adjusted at annual rates,Chained (2017) dollars,Waste management and remediation services,6994,VAWasteManagement,NA
2021-01-01,Canada,Seasonally adjusted at annual rates,Chained (2017) dollars,Waste management and remediation services,7372,VAWasteManagement,NA
2021-04-01,Canada,Seasonally adjusted at annual rates,Chained (2017) dollars,Waste management and remediation services,7688,VAWasteManagement,NA
2021-07-01,Canada,Seasonally adjusted at annual rates,Chained (2017) dollars,Waste management and remediation services,8058,VAWasteManagement,NA
2021-10-01,Canada,Seasonally adjusted at annual rates,Chained (2017) dollars,Waste management and remediation services,8211,VAWasteManagement,NA
2022-01-01,Canada,Seasonally adjusted at annual rates,Chained (2017) dollars,Waste management and remediation services,8149,VAWasteManagement,NA
2022-04-01,Canada,Seasonally adjusted at annual rates,Chained (2017) dollars,Waste management and remediation services,8037,VAWasteManagement,NA
2022-07-01,Canada,Seasonally adjusted at annual rates,Chained (2017) dollars,Waste management and remediation services,8120,VAWasteManagement,NA
2022-10-01,Canada,Seasonally adjusted at annual rates,Chained (2017) dollars,Waste management and remediation services,8206,VAWasteManagement,NA
2023-01-01,Canada,Seasonally adjusted at annual rates,Chained (2017) dollars,Waste management and remediation services,8293,VAWasteManagement,NA
2023-04-01,Canada,Seasonally adjusted at annual rates,Chained (2017) dollars,Waste management and remediation services,8459,VAWasteManagement,NA
2023-07-01,Canada,Seasonally adjusted at annual rates,Chained (2017) dollars,Waste management and remediation services,8506,VAWasteManagement,NA
2023-10-01,Canada,Seasonally adjusted at annual rates,Chained (2017) dollars,Waste management and remediation services,8550,VAWasteManagement,NA
2024-01-01,Canada,Seasonally adjusted at annual rates,Chained (2017) dollars,Waste management and remediation services,8656,VAWasteManagement,NA
2024-04-01,Canada,Seasonally adjusted at annual rates,Chained (2017) dollars,Waste management and remediation services,8746,VAWasteManagement,NA
2024-07-01,Canada,Seasonally adjusted at annual rates,Chained (2017) dollars,Waste management and remediation services,8784,VAWasteManagement,NA
2024-10-01,Canada,Seasonally adjusted at annual rates,Chained (2017) dollars,Waste management and remediation services,8843,VAWasteManagement,NA
2025-01-01,Canada,Seasonally adjusted at annual rates,Chained (2017) dollars,Waste management and remediation services,9111,VAWasteManagement,NA
2025-04-01,Canada,Seasonally adjusted at annual rates,Chained (2017) dollars,Waste management and remediation services,9126,VAWasteManagement,NA
2025-07-01,Canada,Seasonally adjusted at annual rates,Chained (2017) dollars,Waste management and remediation services,9189,VAWasteManagement,NA
2025-10-01,Canada,Seasonally adjusted at annual rates,Chained (2017) dollars,Waste management and remediation services,9374,VAWasteManagement,NA
1997-01-01,Canada,Seasonally adjusted at annual rates,Chained (2017) dollars,Public sector,NA,VAGov,NA
1997-04-01,Canada,Seasonally adjusted at annual rates,Chained (2017) dollars,Public sector,NA,VAGov,NA
1997-07-01,Canada,Seasonally adjusted at annual rates,Chained (2017) dollars,Public sector,NA,VAGov,NA
1997-10-01,Canada,Seasonally adjusted at annual rates,Chained (2017) dollars,Public sector,NA,VAGov,NA
1998-01-01,Canada,Seasonally adjusted at annual rates,Chained (2017) dollars,Public sector,NA,VAGov,NA
1998-04-01,Canada,Seasonally adjusted at annual rates,Chained (2017) dollars,Public sector,NA,VAGov,NA
1998-07-01,Canada,Seasonally adjusted at annual rates,Chained (2017) dollars,Public sector,NA,VAGov,NA
1998-10-01,Canada,Seasonally adjusted at annual rates,Chained (2017) dollars,Public sector,NA,VAGov,NA
1999-01-01,Canada,Seasonally adjusted at annual rates,Chained (2017) dollars,Public sector,NA,VAGov,NA
1999-04-01,Canada,Seasonally adjusted at annual rates,Chained (2017) dollars,Public sector,NA,VAGov,NA
1999-07-01,Canada,Seasonally adjusted at annual rates,Chained (2017) dollars,Public sector,NA,VAGov,NA
1999-10-01,Canada,Seasonally adjusted at annual rates,Chained (2017) dollars,Public sector,NA,VAGov,NA
2000-01-01,Canada,Seasonally adjusted at annual rates,Chained (2017) dollars,Public sector,NA,VAGov,NA
2000-04-01,Canada,Seasonally adjusted at annual rates,Chained (2017) dollars,Public sector,NA,VAGov,NA
2000-07-01,Canada,Seasonally adjusted at annual rates,Chained (2017) dollars,Public sector,NA,VAGov,NA
2000-10-01,Canada,Seasonally adjusted at annual rates,Chained (2017) dollars,Public sector,NA,VAGov,NA
2001-01-01,Canada,Seasonally adjusted at annual rates,Chained (2017) dollars,Public sector,NA,VAGov,NA
2001-04-01,Canada,Seasonally adjusted at annual rates,Chained (2017) dollars,Public sector,NA,VAGov,NA
2001-07-01,Canada,Seasonally adjusted at annual rates,Chained (2017) dollars,Public sector,NA,VAGov,NA
2001-10-01,Canada,Seasonally adjusted at annual rates,Chained (2017) dollars,Public sector,NA,VAGov,NA
2002-01-01,Canada,Seasonally adjusted at annual rates,Chained (2017) dollars,Public sector,NA,VAGov,NA
2002-04-01,Canada,Seasonally adjusted at annual rates,Chained (2017) dollars,Public sector,NA,VAGov,NA
2002-07-01,Canada,Seasonally adjusted at annual rates,Chained (2017) dollars,Public sector,NA,VAGov,NA
2002-10-01,Canada,Seasonally adjusted at annual rates,Chained (2017) dollars,Public sector,NA,VAGov,NA
2003-01-01,Canada,Seasonally adjusted at annual rates,Chained (2017) dollars,Public sector,NA,VAGov,NA
2003-04-01,Canada,Seasonally adjusted at annual rates,Chained (2017) dollars,Public sector,NA,VAGov,NA
2003-07-01,Canada,Seasonally adjusted at annual rates,Chained (2017) dollars,Public sector,NA,VAGov,NA
2003-10-01,Canada,Seasonally adjusted at annual rates,Chained (2017) dollars,Public sector,NA,VAGov,NA
2004-01-01,Canada,Seasonally adjusted at annual rates,Chained (2017) dollars,Public sector,NA,VAGov,NA
2004-04-01,Canada,Seasonally adjusted at annual rates,Chained (2017) dollars,Public sector,NA,VAGov,NA
2004-07-01,Canada,Seasonally adjusted at annual rates,Chained (2017) dollars,Public sector,NA,VAGov,NA
2004-10-01,Canada,Seasonally adjusted at annual rates,Chained (2017) dollars,Public sector,NA,VAGov,NA
2005-01-01,Canada,Seasonally adjusted at annual rates,Chained (2017) dollars,Public sector,NA,VAGov,NA
2005-04-01,Canada,Seasonally adjusted at annual rates,Chained (2017) dollars,Public sector,NA,VAGov,NA
2005-07-01,Canada,Seasonally adjusted at annual rates,Chained (2017) dollars,Public sector,NA,VAGov,NA
2005-10-01,Canada,Seasonally adjusted at annual rates,Chained (2017) dollars,Public sector,NA,VAGov,NA
2006-01-01,Canada,Seasonally adjusted at annual rates,Chained (2017) dollars,Public sector,NA,VAGov,NA
2006-04-01,Canada,Seasonally adjusted at annual rates,Chained (2017) dollars,Public sector,NA,VAGov,NA
2006-07-01,Canada,Seasonally adjusted at annual rates,Chained (2017) dollars,Public sector,NA,VAGov,NA
2006-10-01,Canada,Seasonally adjusted at annual rates,Chained (2017) dollars,Public sector,NA,VAGov,NA
2007-01-01,Canada,Seasonally adjusted at annual rates,Chained (2017) dollars,Public sector,327485,VAGov,NA
2007-04-01,Canada,Seasonally adjusted at annual rates,Chained (2017) dollars,Public sector,330475,VAGov,NA
2007-07-01,Canada,Seasonally adjusted at annual rates,Chained (2017) dollars,Public sector,333162,VAGov,NA
2007-10-01,Canada,Seasonally adjusted at annual rates,Chained (2017) dollars,Public sector,336057,VAGov,NA
2008-01-01,Canada,Seasonally adjusted at annual rates,Chained (2017) dollars,Public sector,339918,VAGov,NA
2008-04-01,Canada,Seasonally adjusted at annual rates,Chained (2017) dollars,Public sector,343814,VAGov,NA
2008-07-01,Canada,Seasonally adjusted at annual rates,Chained (2017) dollars,Public sector,347794,VAGov,NA
2008-10-01,Canada,Seasonally adjusted at annual rates,Chained (2017) dollars,Public sector,350952,VAGov,NA
2009-01-01,Canada,Seasonally adjusted at annual rates,Chained (2017) dollars,Public sector,354054,VAGov,NA
2009-04-01,Canada,Seasonally adjusted at annual rates,Chained (2017) dollars,Public sector,356606,VAGov,NA
2009-07-01,Canada,Seasonally adjusted at annual rates,Chained (2017) dollars,Public sector,359537,VAGov,NA
2009-10-01,Canada,Seasonally adjusted at annual rates,Chained (2017) dollars,Public sector,362921,VAGov,NA
2010-01-01,Canada,Seasonally adjusted at annual rates,Chained (2017) dollars,Public sector,366091,VAGov,NA
2010-04-01,Canada,Seasonally adjusted at annual rates,Chained (2017) dollars,Public sector,368752,VAGov,NA
2010-07-01,Canada,Seasonally adjusted at annual rates,Chained (2017) dollars,Public sector,371689,VAGov,NA
2010-10-01,Canada,Seasonally adjusted at annual rates,Chained (2017) dollars,Public sector,374144,VAGov,NA
2011-01-01,Canada,Seasonally adjusted at annual rates,Chained (2017) dollars,Public sector,374963,VAGov,NA
2011-04-01,Canada,Seasonally adjusted at annual rates,Chained (2017) dollars,Public sector,375961,VAGov,NA
2011-07-01,Canada,Seasonally adjusted at annual rates,Chained (2017) dollars,Public sector,377471,VAGov,NA
2011-10-01,Canada,Seasonally adjusted at annual rates,Chained (2017) dollars,Public sector,377518,VAGov,NA
2012-01-01,Canada,Seasonally adjusted at annual rates,Chained (2017) dollars,Public sector,377857,VAGov,NA
2012-04-01,Canada,Seasonally adjusted at annual rates,Chained (2017) dollars,Public sector,379639,VAGov,NA
2012-07-01,Canada,Seasonally adjusted at annual rates,Chained (2017) dollars,Public sector,381166,VAGov,NA
2012-10-01,Canada,Seasonally adjusted at annual rates,Chained (2017) dollars,Public sector,381155,VAGov,NA
2013-01-01,Canada,Seasonally adjusted at annual rates,Chained (2017) dollars,Public sector,380776,VAGov,NA
2013-04-01,Canada,Seasonally adjusted at annual rates,Chained (2017) dollars,Public sector,379659,VAGov,NA
2013-07-01,Canada,Seasonally adjusted at annual rates,Chained (2017) dollars,Public sector,380588,VAGov,NA
2013-10-01,Canada,Seasonally adjusted at annual rates,Chained (2017) dollars,Public sector,382255,VAGov,NA
2014-01-01,Canada,Seasonally adjusted at annual rates,Chained (2017) dollars,Public sector,383186,VAGov,NA
2014-04-01,Canada,Seasonally adjusted at annual rates,Chained (2017) dollars,Public sector,383016,VAGov,NA
2014-07-01,Canada,Seasonally adjusted at annual rates,Chained (2017) dollars,Public sector,383613,VAGov,NA
2014-10-01,Canada,Seasonally adjusted at annual rates,Chained (2017) dollars,Public sector,384947,VAGov,NA
2015-01-01,Canada,Seasonally adjusted at annual rates,Chained (2017) dollars,Public sector,386811,VAGov,NA
2015-04-01,Canada,Seasonally adjusted at annual rates,Chained (2017) dollars,Public sector,387903,VAGov,NA
2015-07-01,Canada,Seasonally adjusted at annual rates,Chained (2017) dollars,Public sector,387914,VAGov,NA
2015-10-01,Canada,Seasonally adjusted at annual rates,Chained (2017) dollars,Public sector,388984,VAGov,NA
2016-01-01,Canada,Seasonally adjusted at annual rates,Chained (2017) dollars,Public sector,391726,VAGov,NA
2016-04-01,Canada,Seasonally adjusted at annual rates,Chained (2017) dollars,Public sector,394180,VAGov,NA
2016-07-01,Canada,Seasonally adjusted at annual rates,Chained (2017) dollars,Public sector,395304,VAGov,NA
2016-10-01,Canada,Seasonally adjusted at annual rates,Chained (2017) dollars,Public sector,396030,VAGov,NA
2017-01-01,Canada,Seasonally adjusted at annual rates,Chained (2017) dollars,Public sector,397089,VAGov,NA
2017-04-01,Canada,Seasonally adjusted at annual rates,Chained (2017) dollars,Public sector,398510,VAGov,NA
2017-07-01,Canada,Seasonally adjusted at annual rates,Chained (2017) dollars,Public sector,401758,VAGov,NA
2017-10-01,Canada,Seasonally adjusted at annual rates,Chained (2017) dollars,Public sector,404358,VAGov,NA
2018-01-01,Canada,Seasonally adjusted at annual rates,Chained (2017) dollars,Public sector,408997,VAGov,NA
2018-04-01,Canada,Seasonally adjusted at annual rates,Chained (2017) dollars,Public sector,413261,VAGov,NA
2018-07-01,Canada,Seasonally adjusted at annual rates,Chained (2017) dollars,Public sector,415805,VAGov,NA
2018-10-01,Canada,Seasonally adjusted at annual rates,Chained (2017) dollars,Public sector,417213,VAGov,NA
2019-01-01,Canada,Seasonally adjusted at annual rates,Chained (2017) dollars,Public sector,418892,VAGov,NA
2019-04-01,Canada,Seasonally adjusted at annual rates,Chained (2017) dollars,Public sector,420158,VAGov,NA
2019-07-01,Canada,Seasonally adjusted at annual rates,Chained (2017) dollars,Public sector,422642,VAGov,NA
2019-10-01,Canada,Seasonally adjusted at annual rates,Chained (2017) dollars,Public sector,425340,VAGov,NA
2020-01-01,Canada,Seasonally adjusted at annual rates,Chained (2017) dollars,Public sector,419356,VAGov,NA
2020-04-01,Canada,Seasonally adjusted at annual rates,Chained (2017) dollars,Public sector,387714,VAGov,NA
2020-07-01,Canada,Seasonally adjusted at annual rates,Chained (2017) dollars,Public sector,417114,VAGov,NA
2020-10-01,Canada,Seasonally adjusted at annual rates,Chained (2017) dollars,Public sector,425275,VAGov,NA
2021-01-01,Canada,Seasonally adjusted at annual rates,Chained (2017) dollars,Public sector,430104,VAGov,NA
2021-04-01,Canada,Seasonally adjusted at annual rates,Chained (2017) dollars,Public sector,432623,VAGov,NA
2021-07-01,Canada,Seasonally adjusted at annual rates,Chained (2017) dollars,Public sector,439269,VAGov,NA
2021-10-01,Canada,Seasonally adjusted at annual rates,Chained (2017) dollars,Public sector,441285,VAGov,NA
2022-01-01,Canada,Seasonally adjusted at annual rates,Chained (2017) dollars,Public sector,442809,VAGov,NA
2022-04-01,Canada,Seasonally adjusted at annual rates,Chained (2017) dollars,Public sector,446680,VAGov,NA
2022-07-01,Canada,Seasonally adjusted at annual rates,Chained (2017) dollars,Public sector,450369,VAGov,NA
2022-10-01,Canada,Seasonally adjusted at annual rates,Chained (2017) dollars,Public sector,454471,VAGov,NA
2023-01-01,Canada,Seasonally adjusted at annual rates,Chained (2017) dollars,Public sector,458182,VAGov,NA
2023-04-01,Canada,Seasonally adjusted at annual rates,Chained (2017) dollars,Public sector,459016,VAGov,NA
2023-07-01,Canada,Seasonally adjusted at annual rates,Chained (2017) dollars,Public sector,462409,VAGov,NA
2023-10-01,Canada,Seasonally adjusted at annual rates,Chained (2017) dollars,Public sector,458761,VAGov,NA
2024-01-01,Canada,Seasonally adjusted at annual rates,Chained (2017) dollars,Public sector,468247,VAGov,NA
2024-04-01,Canada,Seasonally adjusted at annual rates,Chained (2017) dollars,Public sector,474201,VAGov,NA
2024-07-01,Canada,Seasonally adjusted at annual rates,Chained (2017) dollars,Public sector,478869,VAGov,NA
2024-10-01,Canada,Seasonally adjusted at annual rates,Chained (2017) dollars,Public sector,479479,VAGov,NA
2025-01-01,Canada,Seasonally adjusted at annual rates,Chained (2017) dollars,Public sector,481019,VAGov,NA
2025-04-01,Canada,Seasonally adjusted at annual rates,Chained (2017) dollars,Public sector,483368,VAGov,NA
2025-07-01,Canada,Seasonally adjusted at annual rates,Chained (2017) dollars,Public sector,481801,VAGov,NA
2025-10-01,Canada,Seasonally adjusted at annual rates,Chained (2017) dollars,Public sector,481951,VAGov,NA
1997-01-01,Canada,Seasonally adjusted at annual rates,Chained (2017) dollars,Construction,76051,VAConstruction,NA
1997-04-01,Canada,Seasonally adjusted at annual rates,Chained (2017) dollars,Construction,78242,VAConstruction,NA
1997-07-01,Canada,Seasonally adjusted at annual rates,Chained (2017) dollars,Construction,80260,VAConstruction,NA
1997-10-01,Canada,Seasonally adjusted at annual rates,Chained (2017) dollars,Construction,80291,VAConstruction,NA
1998-01-01,Canada,Seasonally adjusted at annual rates,Chained (2017) dollars,Construction,80180,VAConstruction,NA
1998-04-01,Canada,Seasonally adjusted at annual rates,Chained (2017) dollars,Construction,79584,VAConstruction,NA
1998-07-01,Canada,Seasonally adjusted at annual rates,Chained (2017) dollars,Construction,78889,VAConstruction,NA
1998-10-01,Canada,Seasonally adjusted at annual rates,Chained (2017) dollars,Construction,78815,VAConstruction,NA
1999-01-01,Canada,Seasonally adjusted at annual rates,Chained (2017) dollars,Construction,80660,VAConstruction,NA
1999-04-01,Canada,Seasonally adjusted at annual rates,Chained (2017) dollars,Construction,82196,VAConstruction,NA
1999-07-01,Canada,Seasonally adjusted at annual rates,Chained (2017) dollars,Construction,83658,VAConstruction,NA
1999-10-01,Canada,Seasonally adjusted at annual rates,Chained (2017) dollars,Construction,86461,VAConstruction,NA
2000-01-01,Canada,Seasonally adjusted at annual rates,Chained (2017) dollars,Construction,87407,VAConstruction,NA
2000-04-01,Canada,Seasonally adjusted at annual rates,Chained (2017) dollars,Construction,86509,VAConstruction,NA
2000-07-01,Canada,Seasonally adjusted at annual rates,Chained (2017) dollars,Construction,86792,VAConstruction,NA
2000-10-01,Canada,Seasonally adjusted at annual rates,Chained (2017) dollars,Construction,87648,VAConstruction,NA
2001-01-01,Canada,Seasonally adjusted at annual rates,Chained (2017) dollars,Construction,90393,VAConstruction,NA
2001-04-01,Canada,Seasonally adjusted at annual rates,Chained (2017) dollars,Construction,91418,VAConstruction,NA
2001-07-01,Canada,Seasonally adjusted at annual rates,Chained (2017) dollars,Construction,93216,VAConstruction,NA
2001-10-01,Canada,Seasonally adjusted at annual rates,Chained (2017) dollars,Construction,94922,VAConstruction,NA
2002-01-01,Canada,Seasonally adjusted at annual rates,Chained (2017) dollars,Construction,95528,VAConstruction,NA
2002-04-01,Canada,Seasonally adjusted at annual rates,Chained (2017) dollars,Construction,97179,VAConstruction,NA
2002-07-01,Canada,Seasonally adjusted at annual rates,Chained (2017) dollars,Construction,97785,VAConstruction,NA
2002-10-01,Canada,Seasonally adjusted at annual rates,Chained (2017) dollars,Construction,98568,VAConstruction,NA
2003-01-01,Canada,Seasonally adjusted at annual rates,Chained (2017) dollars,Construction,98513,VAConstruction,NA
2003-04-01,Canada,Seasonally adjusted at annual rates,Chained (2017) dollars,Construction,98922,VAConstruction,NA
2003-07-01,Canada,Seasonally adjusted at annual rates,Chained (2017) dollars,Construction,100188,VAConstruction,NA
2003-10-01,Canada,Seasonally adjusted at annual rates,Chained (2017) dollars,Construction,101521,VAConstruction,NA
2004-01-01,Canada,Seasonally adjusted at annual rates,Chained (2017) dollars,Construction,103082,VAConstruction,NA
2004-04-01,Canada,Seasonally adjusted at annual rates,Chained (2017) dollars,Construction,104334,VAConstruction,NA
2004-07-01,Canada,Seasonally adjusted at annual rates,Chained (2017) dollars,Construction,105930,VAConstruction,NA
2004-10-01,Canada,Seasonally adjusted at annual rates,Chained (2017) dollars,Construction,107298,VAConstruction,NA
2005-01-01,Canada,Seasonally adjusted at annual rates,Chained (2017) dollars,Construction,108773,VAConstruction,NA
2005-04-01,Canada,Seasonally adjusted at annual rates,Chained (2017) dollars,Construction,110329,VAConstruction,NA
2005-07-01,Canada,Seasonally adjusted at annual rates,Chained (2017) dollars,Construction,110778,VAConstruction,NA
2005-10-01,Canada,Seasonally adjusted at annual rates,Chained (2017) dollars,Construction,111604,VAConstruction,NA
2006-01-01,Canada,Seasonally adjusted at annual rates,Chained (2017) dollars,Construction,113282,VAConstruction,NA
2006-04-01,Canada,Seasonally adjusted at annual rates,Chained (2017) dollars,Construction,113934,VAConstruction,NA
2006-07-01,Canada,Seasonally adjusted at annual rates,Chained (2017) dollars,Construction,114783,VAConstruction,NA
2006-10-01,Canada,Seasonally adjusted at annual rates,Chained (2017) dollars,Construction,116653,VAConstruction,NA
2007-01-01,Canada,Seasonally adjusted at annual rates,Chained (2017) dollars,Construction,119246,VAConstruction,NA
2007-04-01,Canada,Seasonally adjusted at annual rates,Chained (2017) dollars,Construction,122000,VAConstruction,NA
2007-07-01,Canada,Seasonally adjusted at annual rates,Chained (2017) dollars,Construction,123978,VAConstruction,NA
2007-10-01,Canada,Seasonally adjusted at annual rates,Chained (2017) dollars,Construction,124710,VAConstruction,NA
2008-01-01,Canada,Seasonally adjusted at annual rates,Chained (2017) dollars,Construction,128386,VAConstruction,NA
2008-04-01,Canada,Seasonally adjusted at annual rates,Chained (2017) dollars,Construction,128412,VAConstruction,NA
2008-07-01,Canada,Seasonally adjusted at annual rates,Chained (2017) dollars,Construction,128853,VAConstruction,NA
2008-10-01,Canada,Seasonally adjusted at annual rates,Chained (2017) dollars,Construction,127777,VAConstruction,NA
2009-01-01,Canada,Seasonally adjusted at annual rates,Chained (2017) dollars,Construction,119260,VAConstruction,NA
2009-04-01,Canada,Seasonally adjusted at annual rates,Chained (2017) dollars,Construction,117350,VAConstruction,NA
2009-07-01,Canada,Seasonally adjusted at annual rates,Chained (2017) dollars,Construction,119098,VAConstruction,NA
2009-10-01,Canada,Seasonally adjusted at annual rates,Chained (2017) dollars,Construction,123627,VAConstruction,NA
2010-01-01,Canada,Seasonally adjusted at annual rates,Chained (2017) dollars,Construction,128426,VAConstruction,NA
2010-04-01,Canada,Seasonally adjusted at annual rates,Chained (2017) dollars,Construction,129889,VAConstruction,NA
2010-07-01,Canada,Seasonally adjusted at annual rates,Chained (2017) dollars,Construction,131353,VAConstruction,NA
2010-10-01,Canada,Seasonally adjusted at annual rates,Chained (2017) dollars,Construction,132720,VAConstruction,NA
2011-01-01,Canada,Seasonally adjusted at annual rates,Chained (2017) dollars,Construction,134326,VAConstruction,NA
2011-04-01,Canada,Seasonally adjusted at annual rates,Chained (2017) dollars,Construction,133887,VAConstruction,NA
2011-07-01,Canada,Seasonally adjusted at annual rates,Chained (2017) dollars,Construction,136423,VAConstruction,NA
2011-10-01,Canada,Seasonally adjusted at annual rates,Chained (2017) dollars,Construction,138165,VAConstruction,NA
2012-01-01,Canada,Seasonally adjusted at annual rates,Chained (2017) dollars,Construction,142088,VAConstruction,NA
2012-04-01,Canada,Seasonally adjusted at annual rates,Chained (2017) dollars,Construction,146103,VAConstruction,NA
2012-07-01,Canada,Seasonally adjusted at annual rates,Chained (2017) dollars,Construction,147485,VAConstruction,NA
2012-10-01,Canada,Seasonally adjusted at annual rates,Chained (2017) dollars,Construction,150140,VAConstruction,NA
2013-01-01,Canada,Seasonally adjusted at annual rates,Chained (2017) dollars,Construction,151504,VAConstruction,NA
2013-04-01,Canada,Seasonally adjusted at annual rates,Chained (2017) dollars,Construction,152570,VAConstruction,NA
2013-07-01,Canada,Seasonally adjusted at annual rates,Chained (2017) dollars,Construction,153635,VAConstruction,NA
2013-10-01,Canada,Seasonally adjusted at annual rates,Chained (2017) dollars,Construction,153591,VAConstruction,NA
2014-01-01,Canada,Seasonally adjusted at annual rates,Chained (2017) dollars,Construction,154344,VAConstruction,NA
2014-04-01,Canada,Seasonally adjusted at annual rates,Chained (2017) dollars,Construction,155478,VAConstruction,NA
2014-07-01,Canada,Seasonally adjusted at annual rates,Chained (2017) dollars,Construction,157813,VAConstruction,NA
2014-10-01,Canada,Seasonally adjusted at annual rates,Chained (2017) dollars,Construction,159826,VAConstruction,NA
2015-01-01,Canada,Seasonally adjusted at annual rates,Chained (2017) dollars,Construction,155799,VAConstruction,NA
2015-04-01,Canada,Seasonally adjusted at annual rates,Chained (2017) dollars,Construction,153675,VAConstruction,NA
2015-07-01,Canada,Seasonally adjusted at annual rates,Chained (2017) dollars,Construction,152574,VAConstruction,NA
2015-10-01,Canada,Seasonally adjusted at annual rates,Chained (2017) dollars,Construction,150747,VAConstruction,NA
2016-01-01,Canada,Seasonally adjusted at annual rates,Chained (2017) dollars,Construction,148302,VAConstruction,NA
2016-04-01,Canada,Seasonally adjusted at annual rates,Chained (2017) dollars,Construction,145251,VAConstruction,NA
2016-07-01,Canada,Seasonally adjusted at annual rates,Chained (2017) dollars,Construction,144147,VAConstruction,NA
2016-10-01,Canada,Seasonally adjusted at annual rates,Chained (2017) dollars,Construction,145675,VAConstruction,NA
2017-01-01,Canada,Seasonally adjusted at annual rates,Chained (2017) dollars,Construction,147442,VAConstruction,NA
2017-04-01,Canada,Seasonally adjusted at annual rates,Chained (2017) dollars,Construction,149966,VAConstruction,NA
2017-07-01,Canada,Seasonally adjusted at annual rates,Chained (2017) dollars,Construction,152492,VAConstruction,NA
2017-10-01,Canada,Seasonally adjusted at annual rates,Chained (2017) dollars,Construction,155165,VAConstruction,NA
2018-01-01,Canada,Seasonally adjusted at annual rates,Chained (2017) dollars,Construction,156651,VAConstruction,NA
2018-04-01,Canada,Seasonally adjusted at annual rates,Chained (2017) dollars,Construction,157511,VAConstruction,NA
2018-07-01,Canada,Seasonally adjusted at annual rates,Chained (2017) dollars,Construction,155272,VAConstruction,NA
2018-10-01,Canada,Seasonally adjusted at annual rates,Chained (2017) dollars,Construction,153370,VAConstruction,NA
2019-01-01,Canada,Seasonally adjusted at annual rates,Chained (2017) dollars,Construction,153558,VAConstruction,NA
2019-04-01,Canada,Seasonally adjusted at annual rates,Chained (2017) dollars,Construction,155805,VAConstruction,NA
2019-07-01,Canada,Seasonally adjusted at annual rates,Chained (2017) dollars,Construction,158903,VAConstruction,NA
2019-10-01,Canada,Seasonally adjusted at annual rates,Chained (2017) dollars,Construction,159375,VAConstruction,NA
2020-01-01,Canada,Seasonally adjusted at annual rates,Chained (2017) dollars,Construction,158590,VAConstruction,NA
2020-04-01,Canada,Seasonally adjusted at annual rates,Chained (2017) dollars,Construction,144080,VAConstruction,NA
2020-07-01,Canada,Seasonally adjusted at annual rates,Chained (2017) dollars,Construction,154226,VAConstruction,NA
2020-10-01,Canada,Seasonally adjusted at annual rates,Chained (2017) dollars,Construction,157480,VAConstruction,NA
2021-01-01,Canada,Seasonally adjusted at annual rates,Chained (2017) dollars,Construction,164322,VAConstruction,NA
2021-04-01,Canada,Seasonally adjusted at annual rates,Chained (2017) dollars,Construction,168835,VAConstruction,NA
2021-07-01,Canada,Seasonally adjusted at annual rates,Chained (2017) dollars,Construction,163561,VAConstruction,NA
2021-10-01,Canada,Seasonally adjusted at annual rates,Chained (2017) dollars,Construction,164202,VAConstruction,NA
2022-01-01,Canada,Seasonally adjusted at annual rates,Chained (2017) dollars,Construction,167793,VAConstruction,NA
2022-04-01,Canada,Seasonally adjusted at annual rates,Chained (2017) dollars,Construction,167111,VAConstruction,NA
2022-07-01,Canada,Seasonally adjusted at annual rates,Chained (2017) dollars,Construction,165643,VAConstruction,NA
2022-10-01,Canada,Seasonally adjusted at annual rates,Chained (2017) dollars,Construction,166277,VAConstruction,NA
2023-01-01,Canada,Seasonally adjusted at annual rates,Chained (2017) dollars,Construction,165563,VAConstruction,NA
2023-04-01,Canada,Seasonally adjusted at annual rates,Chained (2017) dollars,Construction,166954,VAConstruction,NA
2023-07-01,Canada,Seasonally adjusted at annual rates,Chained (2017) dollars,Construction,166697,VAConstruction,NA
2023-10-01,Canada,Seasonally adjusted at annual rates,Chained (2017) dollars,Construction,165098,VAConstruction,NA
2024-01-01,Canada,Seasonally adjusted at annual rates,Chained (2017) dollars,Construction,164985,VAConstruction,NA
2024-04-01,Canada,Seasonally adjusted at annual rates,Chained (2017) dollars,Construction,165679,VAConstruction,NA
2024-07-01,Canada,Seasonally adjusted at annual rates,Chained (2017) dollars,Construction,166039,VAConstruction,NA
2024-10-01,Canada,Seasonally adjusted at annual rates,Chained (2017) dollars,Construction,167700,VAConstruction,NA
2025-01-01,Canada,Seasonally adjusted at annual rates,Chained (2017) dollars,Construction,168287,VAConstruction,NA
2025-04-01,Canada,Seasonally adjusted at annual rates,Chained (2017) dollars,Construction,169254,VAConstruction,NA
2025-07-01,Canada,Seasonally adjusted at annual rates,Chained (2017) dollars,Construction,171650,VAConstruction,NA
2025-10-01,Canada,Seasonally adjusted at annual rates,Chained (2017) dollars,Construction,170658,VAConstruction,NA
1997-01-01,Canada,Seasonally adjusted at annual rates,Chained (2017) dollars,"Agriculture, forestry, fishing and hunting",26732,VAAgriculture,NA
1997-04-01,Canada,Seasonally adjusted at annual rates,Chained (2017) dollars,"Agriculture, forestry, fishing and hunting",27008,VAAgriculture,NA
1997-07-01,Canada,Seasonally adjusted at annual rates,Chained (2017) dollars,"Agriculture, forestry, fishing and hunting",27204,VAAgriculture,NA
1997-10-01,Canada,Seasonally adjusted at annual rates,Chained (2017) dollars,"Agriculture, forestry, fishing and hunting",28001,VAAgriculture,NA
1998-01-01,Canada,Seasonally adjusted at annual rates,Chained (2017) dollars,"Agriculture, forestry, fishing and hunting",29540,VAAgriculture,NA
1998-04-01,Canada,Seasonally adjusted at annual rates,Chained (2017) dollars,"Agriculture, forestry, fishing and hunting",28897,VAAgriculture,NA
1998-07-01,Canada,Seasonally adjusted at annual rates,Chained (2017) dollars,"Agriculture, forestry, fishing and hunting",29145,VAAgriculture,NA
1998-10-01,Canada,Seasonally adjusted at annual rates,Chained (2017) dollars,"Agriculture, forestry, fishing and hunting",30759,VAAgriculture,NA
1999-01-01,Canada,Seasonally adjusted at annual rates,Chained (2017) dollars,"Agriculture, forestry, fishing and hunting",30942,VAAgriculture,NA
1999-04-01,Canada,Seasonally adjusted at annual rates,Chained (2017) dollars,"Agriculture, forestry, fishing and hunting",30403,VAAgriculture,NA
1999-07-01,Canada,Seasonally adjusted at annual rates,Chained (2017) dollars,"Agriculture, forestry, fishing and hunting",31149,VAAgriculture,NA
1999-10-01,Canada,Seasonally adjusted at annual rates,Chained (2017) dollars,"Agriculture, forestry, fishing and hunting",30859,VAAgriculture,NA
2000-01-01,Canada,Seasonally adjusted at annual rates,Chained (2017) dollars,"Agriculture, forestry, fishing and hunting",30789,VAAgriculture,NA
2000-04-01,Canada,Seasonally adjusted at annual rates,Chained (2017) dollars,"Agriculture, forestry, fishing and hunting",31128,VAAgriculture,NA
2000-07-01,Canada,Seasonally adjusted at annual rates,Chained (2017) dollars,"Agriculture, forestry, fishing and hunting",30646,VAAgriculture,NA
2000-10-01,Canada,Seasonally adjusted at annual rates,Chained (2017) dollars,"Agriculture, forestry, fishing and hunting",30064,VAAgriculture,NA
2001-01-01,Canada,Seasonally adjusted at annual rates,Chained (2017) dollars,"Agriculture, forestry, fishing and hunting",30781,VAAgriculture,NA
2001-04-01,Canada,Seasonally adjusted at annual rates,Chained (2017) dollars,"Agriculture, forestry, fishing and hunting",30675,VAAgriculture,NA
2001-07-01,Canada,Seasonally adjusted at annual rates,Chained (2017) dollars,"Agriculture, forestry, fishing and hunting",30705,VAAgriculture,NA
2001-10-01,Canada,Seasonally adjusted at annual rates,Chained (2017) dollars,"Agriculture, forestry, fishing and hunting",30675,VAAgriculture,NA
2002-01-01,Canada,Seasonally adjusted at annual rates,Chained (2017) dollars,"Agriculture, forestry, fishing and hunting",29605,VAAgriculture,NA
2002-04-01,Canada,Seasonally adjusted at annual rates,Chained (2017) dollars,"Agriculture, forestry, fishing and hunting",30832,VAAgriculture,NA
2002-07-01,Canada,Seasonally adjusted at annual rates,Chained (2017) dollars,"Agriculture, forestry, fishing and hunting",31391,VAAgriculture,NA
2002-10-01,Canada,Seasonally adjusted at annual rates,Chained (2017) dollars,"Agriculture, forestry, fishing and hunting",32588,VAAgriculture,NA
2003-01-01,Canada,Seasonally adjusted at annual rates,Chained (2017) dollars,"Agriculture, forestry, fishing and hunting",33302,VAAgriculture,NA
2003-04-01,Canada,Seasonally adjusted at annual rates,Chained (2017) dollars,"Agriculture, forestry, fishing and hunting",32652,VAAgriculture,NA
2003-07-01,Canada,Seasonally adjusted at annual rates,Chained (2017) dollars,"Agriculture, forestry, fishing and hunting",31947,VAAgriculture,NA
2003-10-01,Canada,Seasonally adjusted at annual rates,Chained (2017) dollars,"Agriculture, forestry, fishing and hunting",32768,VAAgriculture,NA
2004-01-01,Canada,Seasonally adjusted at annual rates,Chained (2017) dollars,"Agriculture, forestry, fishing and hunting",33380,VAAgriculture,NA
2004-04-01,Canada,Seasonally adjusted at annual rates,Chained (2017) dollars,"Agriculture, forestry, fishing and hunting",34150,VAAgriculture,NA
2004-07-01,Canada,Seasonally adjusted at annual rates,Chained (2017) dollars,"Agriculture, forestry, fishing and hunting",34750,VAAgriculture,NA
2004-10-01,Canada,Seasonally adjusted at annual rates,Chained (2017) dollars,"Agriculture, forestry, fishing and hunting",34165,VAAgriculture,NA
2005-01-01,Canada,Seasonally adjusted at annual rates,Chained (2017) dollars,"Agriculture, forestry, fishing and hunting",32731,VAAgriculture,NA
2005-04-01,Canada,Seasonally adjusted at annual rates,Chained (2017) dollars,"Agriculture, forestry, fishing and hunting",32977,VAAgriculture,NA
2005-07-01,Canada,Seasonally adjusted at annual rates,Chained (2017) dollars,"Agriculture, forestry, fishing and hunting",33528,VAAgriculture,NA
2005-10-01,Canada,Seasonally adjusted at annual rates,Chained (2017) dollars,"Agriculture, forestry, fishing and hunting",32408,VAAgriculture,NA
2006-01-01,Canada,Seasonally adjusted at annual rates,Chained (2017) dollars,"Agriculture, forestry, fishing and hunting",32459,VAAgriculture,NA
2006-04-01,Canada,Seasonally adjusted at annual rates,Chained (2017) dollars,"Agriculture, forestry, fishing and hunting",32333,VAAgriculture,NA
2006-07-01,Canada,Seasonally adjusted at annual rates,Chained (2017) dollars,"Agriculture, forestry, fishing and hunting",31705,VAAgriculture,NA
2006-10-01,Canada,Seasonally adjusted at annual rates,Chained (2017) dollars,"Agriculture, forestry, fishing and hunting",31455,VAAgriculture,NA
2007-01-01,Canada,Seasonally adjusted at annual rates,Chained (2017) dollars,"Agriculture, forestry, fishing and hunting",31609,VAAgriculture,NA
2007-04-01,Canada,Seasonally adjusted at annual rates,Chained (2017) dollars,"Agriculture, forestry, fishing and hunting",30695,VAAgriculture,NA
2007-07-01,Canada,Seasonally adjusted at annual rates,Chained (2017) dollars,"Agriculture, forestry, fishing and hunting",31495,VAAgriculture,NA
2007-10-01,Canada,Seasonally adjusted at annual rates,Chained (2017) dollars,"Agriculture, forestry, fishing and hunting",31801,VAAgriculture,NA
2008-01-01,Canada,Seasonally adjusted at annual rates,Chained (2017) dollars,"Agriculture, forestry, fishing and hunting",31934,VAAgriculture,NA
2008-04-01,Canada,Seasonally adjusted at annual rates,Chained (2017) dollars,"Agriculture, forestry, fishing and hunting",32589,VAAgriculture,NA
2008-07-01,Canada,Seasonally adjusted at annual rates,Chained (2017) dollars,"Agriculture, forestry, fishing and hunting",33307,VAAgriculture,NA
2008-10-01,Canada,Seasonally adjusted at annual rates,Chained (2017) dollars,"Agriculture, forestry, fishing and hunting",33427,VAAgriculture,NA
2009-01-01,Canada,Seasonally adjusted at annual rates,Chained (2017) dollars,"Agriculture, forestry, fishing and hunting",32837,VAAgriculture,NA
2009-04-01,Canada,Seasonally adjusted at annual rates,Chained (2017) dollars,"Agriculture, forestry, fishing and hunting",31086,VAAgriculture,NA
2009-07-01,Canada,Seasonally adjusted at annual rates,Chained (2017) dollars,"Agriculture, forestry, fishing and hunting",30851,VAAgriculture,NA
2009-10-01,Canada,Seasonally adjusted at annual rates,Chained (2017) dollars,"Agriculture, forestry, fishing and hunting",31246,VAAgriculture,NA
2010-01-01,Canada,Seasonally adjusted at annual rates,Chained (2017) dollars,"Agriculture, forestry, fishing and hunting",31436,VAAgriculture,NA
2010-04-01,Canada,Seasonally adjusted at annual rates,Chained (2017) dollars,"Agriculture, forestry, fishing and hunting",31479,VAAgriculture,NA
2010-07-01,Canada,Seasonally adjusted at annual rates,Chained (2017) dollars,"Agriculture, forestry, fishing and hunting",31658,VAAgriculture,NA
2010-10-01,Canada,Seasonally adjusted at annual rates,Chained (2017) dollars,"Agriculture, forestry, fishing and hunting",31787,VAAgriculture,NA
2011-01-01,Canada,Seasonally adjusted at annual rates,Chained (2017) dollars,"Agriculture, forestry, fishing and hunting",32682,VAAgriculture,NA
2011-04-01,Canada,Seasonally adjusted at annual rates,Chained (2017) dollars,"Agriculture, forestry, fishing and hunting",32923,VAAgriculture,NA
2011-07-01,Canada,Seasonally adjusted at annual rates,Chained (2017) dollars,"Agriculture, forestry, fishing and hunting",32891,VAAgriculture,NA
2011-10-01,Canada,Seasonally adjusted at annual rates,Chained (2017) dollars,"Agriculture, forestry, fishing and hunting",33028,VAAgriculture,NA
2012-01-01,Canada,Seasonally adjusted at annual rates,Chained (2017) dollars,"Agriculture, forestry, fishing and hunting",32276,VAAgriculture,NA
2012-04-01,Canada,Seasonally adjusted at annual rates,Chained (2017) dollars,"Agriculture, forestry, fishing and hunting",32513,VAAgriculture,NA
2012-07-01,Canada,Seasonally adjusted at annual rates,Chained (2017) dollars,"Agriculture, forestry, fishing and hunting",33477,VAAgriculture,NA
2012-10-01,Canada,Seasonally adjusted at annual rates,Chained (2017) dollars,"Agriculture, forestry, fishing and hunting",34970,VAAgriculture,NA
2013-01-01,Canada,Seasonally adjusted at annual rates,Chained (2017) dollars,"Agriculture, forestry, fishing and hunting",37360,VAAgriculture,NA
2013-04-01,Canada,Seasonally adjusted at annual rates,Chained (2017) dollars,"Agriculture, forestry, fishing and hunting",38971,VAAgriculture,NA
2013-07-01,Canada,Seasonally adjusted at annual rates,Chained (2017) dollars,"Agriculture, forestry, fishing and hunting",40165,VAAgriculture,NA
2013-10-01,Canada,Seasonally adjusted at annual rates,Chained (2017) dollars,"Agriculture, forestry, fishing and hunting",39513,VAAgriculture,NA
2014-01-01,Canada,Seasonally adjusted at annual rates,Chained (2017) dollars,"Agriculture, forestry, fishing and hunting",37150,VAAgriculture,NA
2014-04-01,Canada,Seasonally adjusted at annual rates,Chained (2017) dollars,"Agriculture, forestry, fishing and hunting",36452,VAAgriculture,NA
2014-07-01,Canada,Seasonally adjusted at annual rates,Chained (2017) dollars,"Agriculture, forestry, fishing and hunting",35836,VAAgriculture,NA
2014-10-01,Canada,Seasonally adjusted at annual rates,Chained (2017) dollars,"Agriculture, forestry, fishing and hunting",36166,VAAgriculture,NA
2015-01-01,Canada,Seasonally adjusted at annual rates,Chained (2017) dollars,"Agriculture, forestry, fishing and hunting",37025,VAAgriculture,NA
2015-04-01,Canada,Seasonally adjusted at annual rates,Chained (2017) dollars,"Agriculture, forestry, fishing and hunting",37755,VAAgriculture,NA
2015-07-01,Canada,Seasonally adjusted at annual rates,Chained (2017) dollars,"Agriculture, forestry, fishing and hunting",38249,VAAgriculture,NA
2015-10-01,Canada,Seasonally adjusted at annual rates,Chained (2017) dollars,"Agriculture, forestry, fishing and hunting",38915,VAAgriculture,NA
2016-01-01,Canada,Seasonally adjusted at annual rates,Chained (2017) dollars,"Agriculture, forestry, fishing and hunting",39075,VAAgriculture,NA
2016-04-01,Canada,Seasonally adjusted at annual rates,Chained (2017) dollars,"Agriculture, forestry, fishing and hunting",39129,VAAgriculture,NA
2016-07-01,Canada,Seasonally adjusted at annual rates,Chained (2017) dollars,"Agriculture, forestry, fishing and hunting",39836,VAAgriculture,NA
2016-10-01,Canada,Seasonally adjusted at annual rates,Chained (2017) dollars,"Agriculture, forestry, fishing and hunting",40156,VAAgriculture,NA
2017-01-01,Canada,Seasonally adjusted at annual rates,Chained (2017) dollars,"Agriculture, forestry, fishing and hunting",40559,VAAgriculture,NA
2017-04-01,Canada,Seasonally adjusted at annual rates,Chained (2017) dollars,"Agriculture, forestry, fishing and hunting",40462,VAAgriculture,NA
2017-07-01,Canada,Seasonally adjusted at annual rates,Chained (2017) dollars,"Agriculture, forestry, fishing and hunting",40443,VAAgriculture,NA
2017-10-01,Canada,Seasonally adjusted at annual rates,Chained (2017) dollars,"Agriculture, forestry, fishing and hunting",40369,VAAgriculture,NA
2018-01-01,Canada,Seasonally adjusted at annual rates,Chained (2017) dollars,"Agriculture, forestry, fishing and hunting",40636,VAAgriculture,NA
2018-04-01,Canada,Seasonally adjusted at annual rates,Chained (2017) dollars,"Agriculture, forestry, fishing and hunting",40567,VAAgriculture,NA
2018-07-01,Canada,Seasonally adjusted at annual rates,Chained (2017) dollars,"Agriculture, forestry, fishing and hunting",40176,VAAgriculture,NA
2018-10-01,Canada,Seasonally adjusted at annual rates,Chained (2017) dollars,"Agriculture, forestry, fishing and hunting",39830,VAAgriculture,NA
2019-01-01,Canada,Seasonally adjusted at annual rates,Chained (2017) dollars,"Agriculture, forestry, fishing and hunting",40706,VAAgriculture,NA
2019-04-01,Canada,Seasonally adjusted at annual rates,Chained (2017) dollars,"Agriculture, forestry, fishing and hunting",41381,VAAgriculture,NA
2019-07-01,Canada,Seasonally adjusted at annual rates,Chained (2017) dollars,"Agriculture, forestry, fishing and hunting",41339,VAAgriculture,NA
2019-10-01,Canada,Seasonally adjusted at annual rates,Chained (2017) dollars,"Agriculture, forestry, fishing and hunting",41498,VAAgriculture,NA
2020-01-01,Canada,Seasonally adjusted at annual rates,Chained (2017) dollars,"Agriculture, forestry, fishing and hunting",41504,VAAgriculture,NA
2020-04-01,Canada,Seasonally adjusted at annual rates,Chained (2017) dollars,"Agriculture, forestry, fishing and hunting",41487,VAAgriculture,NA
2020-07-01,Canada,Seasonally adjusted at annual rates,Chained (2017) dollars,"Agriculture, forestry, fishing and hunting",41883,VAAgriculture,NA
2020-10-01,Canada,Seasonally adjusted at annual rates,Chained (2017) dollars,"Agriculture, forestry, fishing and hunting",40606,VAAgriculture,NA
2021-01-01,Canada,Seasonally adjusted at annual rates,Chained (2017) dollars,"Agriculture, forestry, fishing and hunting",37721,VAAgriculture,NA
2021-04-01,Canada,Seasonally adjusted at annual rates,Chained (2017) dollars,"Agriculture, forestry, fishing and hunting",35820,VAAgriculture,NA
2021-07-01,Canada,Seasonally adjusted at annual rates,Chained (2017) dollars,"Agriculture, forestry, fishing and hunting",32603,VAAgriculture,NA
2021-10-01,Canada,Seasonally adjusted at annual rates,Chained (2017) dollars,"Agriculture, forestry, fishing and hunting",34432,VAAgriculture,NA
2022-01-01,Canada,Seasonally adjusted at annual rates,Chained (2017) dollars,"Agriculture, forestry, fishing and hunting",38856,VAAgriculture,NA
2022-04-01,Canada,Seasonally adjusted at annual rates,Chained (2017) dollars,"Agriculture, forestry, fishing and hunting",42812,VAAgriculture,NA
2022-07-01,Canada,Seasonally adjusted at annual rates,Chained (2017) dollars,"Agriculture, forestry, fishing and hunting",47356,VAAgriculture,NA
2022-10-01,Canada,Seasonally adjusted at annual rates,Chained (2017) dollars,"Agriculture, forestry, fishing and hunting",46661,VAAgriculture,NA
2023-01-01,Canada,Seasonally adjusted at annual rates,Chained (2017) dollars,"Agriculture, forestry, fishing and hunting",44344,VAAgriculture,NA
2023-04-01,Canada,Seasonally adjusted at annual rates,Chained (2017) dollars,"Agriculture, forestry, fishing and hunting",42510,VAAgriculture,NA
2023-07-01,Canada,Seasonally adjusted at annual rates,Chained (2017) dollars,"Agriculture, forestry, fishing and hunting",40809,VAAgriculture,NA
2023-10-01,Canada,Seasonally adjusted at annual rates,Chained (2017) dollars,"Agriculture, forestry, fishing and hunting",41525,VAAgriculture,NA
2024-01-01,Canada,Seasonally adjusted at annual rates,Chained (2017) dollars,"Agriculture, forestry, fishing and hunting",42605,VAAgriculture,NA
2024-04-01,Canada,Seasonally adjusted at annual rates,Chained (2017) dollars,"Agriculture, forestry, fishing and hunting",43222,VAAgriculture,NA
2024-07-01,Canada,Seasonally adjusted at annual rates,Chained (2017) dollars,"Agriculture, forestry, fishing and hunting",43855,VAAgriculture,NA
2024-10-01,Canada,Seasonally adjusted at annual rates,Chained (2017) dollars,"Agriculture, forestry, fishing and hunting",44047,VAAgriculture,NA
2025-01-01,Canada,Seasonally adjusted at annual rates,Chained (2017) dollars,"Agriculture, forestry, fishing and hunting",44348,VAAgriculture,NA
2025-04-01,Canada,Seasonally adjusted at annual rates,Chained (2017) dollars,"Agriculture, forestry, fishing and hunting",45276,VAAgriculture,NA
2025-07-01,Canada,Seasonally adjusted at annual rates,Chained (2017) dollars,"Agriculture, forestry, fishing and hunting",47493,VAAgriculture,NA
2025-10-01,Canada,Seasonally adjusted at annual rates,Chained (2017) dollars,"Agriculture, forestry, fishing and hunting",47654,VAAgriculture,NA
1997-01-01,Canada,Seasonally adjusted at annual rates,Chained (2017) dollars,Retail trade,55794,VARetail,NA
1997-04-01,Canada,Seasonally adjusted at annual rates,Chained (2017) dollars,Retail trade,56544,VARetail,NA
1997-07-01,Canada,Seasonally adjusted at annual rates,Chained (2017) dollars,Retail trade,57461,VARetail,NA
1997-10-01,Canada,Seasonally adjusted at annual rates,Chained (2017) dollars,Retail trade,59330,VARetail,NA
1998-01-01,Canada,Seasonally adjusted at annual rates,Chained (2017) dollars,Retail trade,59531,VARetail,NA
1998-04-01,Canada,Seasonally adjusted at annual rates,Chained (2017) dollars,Retail trade,61193,VARetail,NA
1998-07-01,Canada,Seasonally adjusted at annual rates,Chained (2017) dollars,Retail trade,61168,VARetail,NA
1998-10-01,Canada,Seasonally adjusted at annual rates,Chained (2017) dollars,Retail trade,61460,VARetail,NA
1999-01-01,Canada,Seasonally adjusted at annual rates,Chained (2017) dollars,Retail trade,63171,VARetail,NA
1999-04-01,Canada,Seasonally adjusted at annual rates,Chained (2017) dollars,Retail trade,62895,VARetail,NA
1999-07-01,Canada,Seasonally adjusted at annual rates,Chained (2017) dollars,Retail trade,63409,VARetail,NA
1999-10-01,Canada,Seasonally adjusted at annual rates,Chained (2017) dollars,Retail trade,63989,VARetail,NA
2000-01-01,Canada,Seasonally adjusted at annual rates,Chained (2017) dollars,Retail trade,64997,VARetail,NA
2000-04-01,Canada,Seasonally adjusted at annual rates,Chained (2017) dollars,Retail trade,65134,VARetail,NA
2000-07-01,Canada,Seasonally adjusted at annual rates,Chained (2017) dollars,Retail trade,66608,VARetail,NA
2000-10-01,Canada,Seasonally adjusted at annual rates,Chained (2017) dollars,Retail trade,66469,VARetail,NA
2001-01-01,Canada,Seasonally adjusted at annual rates,Chained (2017) dollars,Retail trade,67163,VARetail,NA
2001-04-01,Canada,Seasonally adjusted at annual rates,Chained (2017) dollars,Retail trade,68148,VARetail,NA
2001-07-01,Canada,Seasonally adjusted at annual rates,Chained (2017) dollars,Retail trade,67938,VARetail,NA
2001-10-01,Canada,Seasonally adjusted at annual rates,Chained (2017) dollars,Retail trade,70612,VARetail,NA
2002-01-01,Canada,Seasonally adjusted at annual rates,Chained (2017) dollars,Retail trade,72083,VARetail,NA
2002-04-01,Canada,Seasonally adjusted at annual rates,Chained (2017) dollars,Retail trade,72038,VARetail,NA
2002-07-01,Canada,Seasonally adjusted at annual rates,Chained (2017) dollars,Retail trade,72226,VARetail,NA
2002-10-01,Canada,Seasonally adjusted at annual rates,Chained (2017) dollars,Retail trade,73358,VARetail,NA
2003-01-01,Canada,Seasonally adjusted at annual rates,Chained (2017) dollars,Retail trade,73552,VARetail,NA
2003-04-01,Canada,Seasonally adjusted at annual rates,Chained (2017) dollars,Retail trade,74355,VARetail,NA
2003-07-01,Canada,Seasonally adjusted at annual rates,Chained (2017) dollars,Retail trade,75511,VARetail,NA
2003-10-01,Canada,Seasonally adjusted at annual rates,Chained (2017) dollars,Retail trade,75310,VARetail,NA
2004-01-01,Canada,Seasonally adjusted at annual rates,Chained (2017) dollars,Retail trade,76387,VARetail,NA
2004-04-01,Canada,Seasonally adjusted at annual rates,Chained (2017) dollars,Retail trade,76714,VARetail,NA
2004-07-01,Canada,Seasonally adjusted at annual rates,Chained (2017) dollars,Retail trade,77566,VARetail,NA
2004-10-01,Canada,Seasonally adjusted at annual rates,Chained (2017) dollars,Retail trade,78193,VARetail,NA
2005-01-01,Canada,Seasonally adjusted at annual rates,Chained (2017) dollars,Retail trade,79321,VARetail,NA
2005-04-01,Canada,Seasonally adjusted at annual rates,Chained (2017) dollars,Retail trade,79566,VARetail,NA
2005-07-01,Canada,Seasonally adjusted at annual rates,Chained (2017) dollars,Retail trade,79843,VARetail,NA
2005-10-01,Canada,Seasonally adjusted at annual rates,Chained (2017) dollars,Retail trade,81122,VARetail,NA
2006-01-01,Canada,Seasonally adjusted at annual rates,Chained (2017) dollars,Retail trade,83414,VARetail,NA
2006-04-01,Canada,Seasonally adjusted at annual rates,Chained (2017) dollars,Retail trade,84584,VARetail,NA
2006-07-01,Canada,Seasonally adjusted at annual rates,Chained (2017) dollars,Retail trade,85323,VARetail,NA
2006-10-01,Canada,Seasonally adjusted at annual rates,Chained (2017) dollars,Retail trade,85611,VARetail,NA
2007-01-01,Canada,Seasonally adjusted at annual rates,Chained (2017) dollars,Retail trade,86125,VARetail,NA
2007-04-01,Canada,Seasonally adjusted at annual rates,Chained (2017) dollars,Retail trade,87794,VARetail,NA
2007-07-01,Canada,Seasonally adjusted at annual rates,Chained (2017) dollars,Retail trade,88089,VARetail,NA
2007-10-01,Canada,Seasonally adjusted at annual rates,Chained (2017) dollars,Retail trade,89057,VARetail,NA
2008-01-01,Canada,Seasonally adjusted at annual rates,Chained (2017) dollars,Retail trade,89768,VARetail,NA
2008-04-01,Canada,Seasonally adjusted at annual rates,Chained (2017) dollars,Retail trade,89558,VARetail,NA
2008-07-01,Canada,Seasonally adjusted at annual rates,Chained (2017) dollars,Retail trade,89578,VARetail,NA
2008-10-01,Canada,Seasonally adjusted at annual rates,Chained (2017) dollars,Retail trade,87364,VARetail,NA
2009-01-01,Canada,Seasonally adjusted at annual rates,Chained (2017) dollars,Retail trade,86967,VARetail,NA
2009-04-01,Canada,Seasonally adjusted at annual rates,Chained (2017) dollars,Retail trade,87290,VARetail,NA
2009-07-01,Canada,Seasonally adjusted at annual rates,Chained (2017) dollars,Retail trade,87847,VARetail,NA
2009-10-01,Canada,Seasonally adjusted at annual rates,Chained (2017) dollars,Retail trade,87348,VARetail,NA
2010-01-01,Canada,Seasonally adjusted at annual rates,Chained (2017) dollars,Retail trade,89302,VARetail,NA
2010-04-01,Canada,Seasonally adjusted at annual rates,Chained (2017) dollars,Retail trade,88087,VARetail,NA
2010-07-01,Canada,Seasonally adjusted at annual rates,Chained (2017) dollars,Retail trade,88689,VARetail,NA
2010-10-01,Canada,Seasonally adjusted at annual rates,Chained (2017) dollars,Retail trade,89254,VARetail,NA
2011-01-01,Canada,Seasonally adjusted at annual rates,Chained (2017) dollars,Retail trade,88946,VARetail,NA
2011-04-01,Canada,Seasonally adjusted at annual rates,Chained (2017) dollars,Retail trade,89581,VARetail,NA
2011-07-01,Canada,Seasonally adjusted at annual rates,Chained (2017) dollars,Retail trade,89533,VARetail,NA
2011-10-01,Canada,Seasonally adjusted at annual rates,Chained (2017) dollars,Retail trade,90541,VARetail,NA
2012-01-01,Canada,Seasonally adjusted at annual rates,Chained (2017) dollars,Retail trade,89859,VARetail,NA
2012-04-01,Canada,Seasonally adjusted at annual rates,Chained (2017) dollars,Retail trade,89619,VARetail,NA
2012-07-01,Canada,Seasonally adjusted at annual rates,Chained (2017) dollars,Retail trade,90005,VARetail,NA
2012-10-01,Canada,Seasonally adjusted at annual rates,Chained (2017) dollars,Retail trade,90861,VARetail,NA
2013-01-01,Canada,Seasonally adjusted at annual rates,Chained (2017) dollars,Retail trade,93080,VARetail,NA
2013-04-01,Canada,Seasonally adjusted at annual rates,Chained (2017) dollars,Retail trade,94810,VARetail,NA
2013-07-01,Canada,Seasonally adjusted at annual rates,Chained (2017) dollars,Retail trade,95986,VARetail,NA
2013-10-01,Canada,Seasonally adjusted at annual rates,Chained (2017) dollars,Retail trade,96553,VARetail,NA
2014-01-01,Canada,Seasonally adjusted at annual rates,Chained (2017) dollars,Retail trade,96612,VARetail,NA
2014-04-01,Canada,Seasonally adjusted at annual rates,Chained (2017) dollars,Retail trade,95740,VARetail,NA
2014-07-01,Canada,Seasonally adjusted at annual rates,Chained (2017) dollars,Retail trade,96232,VARetail,NA
2014-10-01,Canada,Seasonally adjusted at annual rates,Chained (2017) dollars,Retail trade,95921,VARetail,NA
2015-01-01,Canada,Seasonally adjusted at annual rates,Chained (2017) dollars,Retail trade,94898,VARetail,NA
2015-04-01,Canada,Seasonally adjusted at annual rates,Chained (2017) dollars,Retail trade,95296,VARetail,NA
2015-07-01,Canada,Seasonally adjusted at annual rates,Chained (2017) dollars,Retail trade,96611,VARetail,NA
2015-10-01,Canada,Seasonally adjusted at annual rates,Chained (2017) dollars,Retail trade,97199,VARetail,NA
2016-01-01,Canada,Seasonally adjusted at annual rates,Chained (2017) dollars,Retail trade,99197,VARetail,NA
2016-04-01,Canada,Seasonally adjusted at annual rates,Chained (2017) dollars,Retail trade,99044,VARetail,NA
2016-07-01,Canada,Seasonally adjusted at annual rates,Chained (2017) dollars,Retail trade,99640,VARetail,NA
2016-10-01,Canada,Seasonally adjusted at annual rates,Chained (2017) dollars,Retail trade,100763,VARetail,NA
2017-01-01,Canada,Seasonally adjusted at annual rates,Chained (2017) dollars,Retail trade,102660,VARetail,NA
2017-04-01,Canada,Seasonally adjusted at annual rates,Chained (2017) dollars,Retail trade,102596,VARetail,NA
2017-07-01,Canada,Seasonally adjusted at annual rates,Chained (2017) dollars,Retail trade,101320,VARetail,NA
2017-10-01,Canada,Seasonally adjusted at annual rates,Chained (2017) dollars,Retail trade,102632,VARetail,NA
2018-01-01,Canada,Seasonally adjusted at annual rates,Chained (2017) dollars,Retail trade,103166,VARetail,NA
2018-04-01,Canada,Seasonally adjusted at annual rates,Chained (2017) dollars,Retail trade,104485,VARetail,NA
2018-07-01,Canada,Seasonally adjusted at annual rates,Chained (2017) dollars,Retail trade,105867,VARetail,NA
2018-10-01,Canada,Seasonally adjusted at annual rates,Chained (2017) dollars,Retail trade,106682,VARetail,NA
2019-01-01,Canada,Seasonally adjusted at annual rates,Chained (2017) dollars,Retail trade,106715,VARetail,NA
2019-04-01,Canada,Seasonally adjusted at annual rates,Chained (2017) dollars,Retail trade,107130,VARetail,NA
2019-07-01,Canada,Seasonally adjusted at annual rates,Chained (2017) dollars,Retail trade,107556,VARetail,NA
2019-10-01,Canada,Seasonally adjusted at annual rates,Chained (2017) dollars,Retail trade,107375,VARetail,NA
2020-01-01,Canada,Seasonally adjusted at annual rates,Chained (2017) dollars,Retail trade,102515,VARetail,NA
2020-04-01,Canada,Seasonally adjusted at annual rates,Chained (2017) dollars,Retail trade,93594,VARetail,NA
2020-07-01,Canada,Seasonally adjusted at annual rates,Chained (2017) dollars,Retail trade,108835,VARetail,NA
2020-10-01,Canada,Seasonally adjusted at annual rates,Chained (2017) dollars,Retail trade,111129,VARetail,NA
2021-01-01,Canada,Seasonally adjusted at annual rates,Chained (2017) dollars,Retail trade,111278,VARetail,NA
2021-04-01,Canada,Seasonally adjusted at annual rates,Chained (2017) dollars,Retail trade,107385,VARetail,NA
2021-07-01,Canada,Seasonally adjusted at annual rates,Chained (2017) dollars,Retail trade,111732,VARetail,NA
2021-10-01,Canada,Seasonally adjusted at annual rates,Chained (2017) dollars,Retail trade,112789,VARetail,NA
2022-01-01,Canada,Seasonally adjusted at annual rates,Chained (2017) dollars,Retail trade,114451,VARetail,NA
2022-04-01,Canada,Seasonally adjusted at annual rates,Chained (2017) dollars,Retail trade,116072,VARetail,NA
2022-07-01,Canada,Seasonally adjusted at annual rates,Chained (2017) dollars,Retail trade,116461,VARetail,NA
2022-10-01,Canada,Seasonally adjusted at annual rates,Chained (2017) dollars,Retail trade,116512,VARetail,NA
2023-01-01,Canada,Seasonally adjusted at annual rates,Chained (2017) dollars,Retail trade,118798,VARetail,NA
2023-04-01,Canada,Seasonally adjusted at annual rates,Chained (2017) dollars,Retail trade,118863,VARetail,NA
2023-07-01,Canada,Seasonally adjusted at annual rates,Chained (2017) dollars,Retail trade,118054,VARetail,NA
2023-10-01,Canada,Seasonally adjusted at annual rates,Chained (2017) dollars,Retail trade,119817,VARetail,NA
2024-01-01,Canada,Seasonally adjusted at annual rates,Chained (2017) dollars,Retail trade,119631,VARetail,NA
2024-04-01,Canada,Seasonally adjusted at annual rates,Chained (2017) dollars,Retail trade,119571,VARetail,NA
2024-07-01,Canada,Seasonally adjusted at annual rates,Chained (2017) dollars,Retail trade,121278,VARetail,NA
2024-10-01,Canada,Seasonally adjusted at annual rates,Chained (2017) dollars,Retail trade,122799,VARetail,NA
2025-01-01,Canada,Seasonally adjusted at annual rates,Chained (2017) dollars,Retail trade,123306,VARetail,NA
2025-04-01,Canada,Seasonally adjusted at annual rates,Chained (2017) dollars,Retail trade,124125,VARetail,NA
2025-07-01,Canada,Seasonally adjusted at annual rates,Chained (2017) dollars,Retail trade,124202,VARetail,NA
2025-10-01,Canada,Seasonally adjusted at annual rates,Chained (2017) dollars,Retail trade,123976,VARetail,NA
1997-01-01,Canada,Seasonally adjusted at annual rates,Chained (2017) dollars,Information and cultural industries,29143,VAInformation,NA
1997-04-01,Canada,Seasonally adjusted at annual rates,Chained (2017) dollars,Information and cultural industries,30075,VAInformation,NA
1997-07-01,Canada,Seasonally adjusted at annual rates,Chained (2017) dollars,Information and cultural industries,30663,VAInformation,NA
1997-10-01,Canada,Seasonally adjusted at annual rates,Chained (2017) dollars,Information and cultural industries,30807,VAInformation,NA
1998-01-01,Canada,Seasonally adjusted at annual rates,Chained (2017) dollars,Information and cultural industries,31338,VAInformation,NA
1998-04-01,Canada,Seasonally adjusted at annual rates,Chained (2017) dollars,Information and cultural industries,31604,VAInformation,NA
1998-07-01,Canada,Seasonally adjusted at annual rates,Chained (2017) dollars,Information and cultural industries,32732,VAInformation,NA
1998-10-01,Canada,Seasonally adjusted at annual rates,Chained (2017) dollars,Information and cultural industries,33878,VAInformation,NA
1999-01-01,Canada,Seasonally adjusted at annual rates,Chained (2017) dollars,Information and cultural industries,34902,VAInformation,NA
1999-04-01,Canada,Seasonally adjusted at annual rates,Chained (2017) dollars,Information and cultural industries,35504,VAInformation,NA
1999-07-01,Canada,Seasonally adjusted at annual rates,Chained (2017) dollars,Information and cultural industries,36121,VAInformation,NA
1999-10-01,Canada,Seasonally adjusted at annual rates,Chained (2017) dollars,Information and cultural industries,36662,VAInformation,NA
2000-01-01,Canada,Seasonally adjusted at annual rates,Chained (2017) dollars,Information and cultural industries,37848,VAInformation,NA
2000-04-01,Canada,Seasonally adjusted at annual rates,Chained (2017) dollars,Information and cultural industries,38881,VAInformation,NA
2000-07-01,Canada,Seasonally adjusted at annual rates,Chained (2017) dollars,Information and cultural industries,39626,VAInformation,NA
2000-10-01,Canada,Seasonally adjusted at annual rates,Chained (2017) dollars,Information and cultural industries,40250,VAInformation,NA
2001-01-01,Canada,Seasonally adjusted at annual rates,Chained (2017) dollars,Information and cultural industries,40836,VAInformation,NA
2001-04-01,Canada,Seasonally adjusted at annual rates,Chained (2017) dollars,Information and cultural industries,41577,VAInformation,NA
2001-07-01,Canada,Seasonally adjusted at annual rates,Chained (2017) dollars,Information and cultural industries,42385,VAInformation,NA
2001-10-01,Canada,Seasonally adjusted at annual rates,Chained (2017) dollars,Information and cultural industries,43521,VAInformation,NA
2002-01-01,Canada,Seasonally adjusted at annual rates,Chained (2017) dollars,Information and cultural industries,44223,VAInformation,NA
2002-04-01,Canada,Seasonally adjusted at annual rates,Chained (2017) dollars,Information and cultural industries,44642,VAInformation,NA
2002-07-01,Canada,Seasonally adjusted at annual rates,Chained (2017) dollars,Information and cultural industries,45397,VAInformation,NA
2002-10-01,Canada,Seasonally adjusted at annual rates,Chained (2017) dollars,Information and cultural industries,46222,VAInformation,NA
2003-01-01,Canada,Seasonally adjusted at annual rates,Chained (2017) dollars,Information and cultural industries,46065,VAInformation,NA
2003-04-01,Canada,Seasonally adjusted at annual rates,Chained (2017) dollars,Information and cultural industries,45867,VAInformation,NA
2003-07-01,Canada,Seasonally adjusted at annual rates,Chained (2017) dollars,Information and cultural industries,46205,VAInformation,NA
2003-10-01,Canada,Seasonally adjusted at annual rates,Chained (2017) dollars,Information and cultural industries,46738,VAInformation,NA
2004-01-01,Canada,Seasonally adjusted at annual rates,Chained (2017) dollars,Information and cultural industries,48048,VAInformation,NA
2004-04-01,Canada,Seasonally adjusted at annual rates,Chained (2017) dollars,Information and cultural industries,49255,VAInformation,NA
2004-07-01,Canada,Seasonally adjusted at annual rates,Chained (2017) dollars,Information and cultural industries,50054,VAInformation,NA
2004-10-01,Canada,Seasonally adjusted at annual rates,Chained (2017) dollars,Information and cultural industries,50495,VAInformation,NA
2005-01-01,Canada,Seasonally adjusted at annual rates,Chained (2017) dollars,Information and cultural industries,50620,VAInformation,NA
2005-04-01,Canada,Seasonally adjusted at annual rates,Chained (2017) dollars,Information and cultural industries,51022,VAInformation,NA
2005-07-01,Canada,Seasonally adjusted at annual rates,Chained (2017) dollars,Information and cultural industries,51605,VAInformation,NA
2005-10-01,Canada,Seasonally adjusted at annual rates,Chained (2017) dollars,Information and cultural industries,52037,VAInformation,NA
2006-01-01,Canada,Seasonally adjusted at annual rates,Chained (2017) dollars,Information and cultural industries,52834,VAInformation,NA
2006-04-01,Canada,Seasonally adjusted at annual rates,Chained (2017) dollars,Information and cultural industries,53285,VAInformation,NA
2006-07-01,Canada,Seasonally adjusted at annual rates,Chained (2017) dollars,Information and cultural industries,54069,VAInformation,NA
2006-10-01,Canada,Seasonally adjusted at annual rates,Chained (2017) dollars,Information and cultural industries,54404,VAInformation,NA
2007-01-01,Canada,Seasonally adjusted at annual rates,Chained (2017) dollars,Information and cultural industries,54617,VAInformation,NA
2007-04-01,Canada,Seasonally adjusted at annual rates,Chained (2017) dollars,Information and cultural industries,54991,VAInformation,NA
2007-07-01,Canada,Seasonally adjusted at annual rates,Chained (2017) dollars,Information and cultural industries,54937,VAInformation,NA
2007-10-01,Canada,Seasonally adjusted at annual rates,Chained (2017) dollars,Information and cultural industries,54615,VAInformation,NA
2008-01-01,Canada,Seasonally adjusted at annual rates,Chained (2017) dollars,Information and cultural industries,53849,VAInformation,NA
2008-04-01,Canada,Seasonally adjusted at annual rates,Chained (2017) dollars,Information and cultural industries,53161,VAInformation,NA
2008-07-01,Canada,Seasonally adjusted at annual rates,Chained (2017) dollars,Information and cultural industries,53145,VAInformation,NA
2008-10-01,Canada,Seasonally adjusted at annual rates,Chained (2017) dollars,Information and cultural industries,52754,VAInformation,NA
2009-01-01,Canada,Seasonally adjusted at annual rates,Chained (2017) dollars,Information and cultural industries,53094,VAInformation,NA
2009-04-01,Canada,Seasonally adjusted at annual rates,Chained (2017) dollars,Information and cultural industries,52725,VAInformation,NA
2009-07-01,Canada,Seasonally adjusted at annual rates,Chained (2017) dollars,Information and cultural industries,52537,VAInformation,NA
2009-10-01,Canada,Seasonally adjusted at annual rates,Chained (2017) dollars,Information and cultural industries,52920,VAInformation,NA
2010-01-01,Canada,Seasonally adjusted at annual rates,Chained (2017) dollars,Information and cultural industries,53399,VAInformation,NA
2010-04-01,Canada,Seasonally adjusted at annual rates,Chained (2017) dollars,Information and cultural industries,53499,VAInformation,NA
2010-07-01,Canada,Seasonally adjusted at annual rates,Chained (2017) dollars,Information and cultural industries,53992,VAInformation,NA
2010-10-01,Canada,Seasonally adjusted at annual rates,Chained (2017) dollars,Information and cultural industries,54614,VAInformation,NA
2011-01-01,Canada,Seasonally adjusted at annual rates,Chained (2017) dollars,Information and cultural industries,54595,VAInformation,NA
2011-04-01,Canada,Seasonally adjusted at annual rates,Chained (2017) dollars,Information and cultural industries,54621,VAInformation,NA
2011-07-01,Canada,Seasonally adjusted at annual rates,Chained (2017) dollars,Information and cultural industries,54582,VAInformation,NA
2011-10-01,Canada,Seasonally adjusted at annual rates,Chained (2017) dollars,Information and cultural industries,54666,VAInformation,NA
2012-01-01,Canada,Seasonally adjusted at annual rates,Chained (2017) dollars,Information and cultural industries,54966,VAInformation,NA
2012-04-01,Canada,Seasonally adjusted at annual rates,Chained (2017) dollars,Information and cultural industries,55089,VAInformation,NA
2012-07-01,Canada,Seasonally adjusted at annual rates,Chained (2017) dollars,Information and cultural industries,55448,VAInformation,NA
2012-10-01,Canada,Seasonally adjusted at annual rates,Chained (2017) dollars,Information and cultural industries,54814,VAInformation,NA
2013-01-01,Canada,Seasonally adjusted at annual rates,Chained (2017) dollars,Information and cultural industries,54448,VAInformation,NA
2013-04-01,Canada,Seasonally adjusted at annual rates,Chained (2017) dollars,Information and cultural industries,54485,VAInformation,NA
2013-07-01,Canada,Seasonally adjusted at annual rates,Chained (2017) dollars,Information and cultural industries,54724,VAInformation,NA
2013-10-01,Canada,Seasonally adjusted at annual rates,Chained (2017) dollars,Information and cultural industries,55260,VAInformation,NA
2014-01-01,Canada,Seasonally adjusted at annual rates,Chained (2017) dollars,Information and cultural industries,55719,VAInformation,NA
2014-04-01,Canada,Seasonally adjusted at annual rates,Chained (2017) dollars,Information and cultural industries,56152,VAInformation,NA
2014-07-01,Canada,Seasonally adjusted at annual rates,Chained (2017) dollars,Information and cultural industries,56852,VAInformation,NA
2014-10-01,Canada,Seasonally adjusted at annual rates,Chained (2017) dollars,Information and cultural industries,57245,VAInformation,NA
2015-01-01,Canada,Seasonally adjusted at annual rates,Chained (2017) dollars,Information and cultural industries,57034,VAInformation,NA
2015-04-01,Canada,Seasonally adjusted at annual rates,Chained (2017) dollars,Information and cultural industries,57321,VAInformation,NA
2015-07-01,Canada,Seasonally adjusted at annual rates,Chained (2017) dollars,Information and cultural industries,57838,VAInformation,NA
2015-10-01,Canada,Seasonally adjusted at annual rates,Chained (2017) dollars,Information and cultural industries,58442,VAInformation,NA
2016-01-01,Canada,Seasonally adjusted at annual rates,Chained (2017) dollars,Information and cultural industries,58969,VAInformation,NA
2016-04-01,Canada,Seasonally adjusted at annual rates,Chained (2017) dollars,Information and cultural industries,59398,VAInformation,NA
2016-07-01,Canada,Seasonally adjusted at annual rates,Chained (2017) dollars,Information and cultural industries,60334,VAInformation,NA
2016-10-01,Canada,Seasonally adjusted at annual rates,Chained (2017) dollars,Information and cultural industries,60728,VAInformation,NA
2017-01-01,Canada,Seasonally adjusted at annual rates,Chained (2017) dollars,Information and cultural industries,61496,VAInformation,NA
2017-04-01,Canada,Seasonally adjusted at annual rates,Chained (2017) dollars,Information and cultural industries,62078,VAInformation,NA
2017-07-01,Canada,Seasonally adjusted at annual rates,Chained (2017) dollars,Information and cultural industries,62125,VAInformation,NA
2017-10-01,Canada,Seasonally adjusted at annual rates,Chained (2017) dollars,Information and cultural industries,62321,VAInformation,NA
2018-01-01,Canada,Seasonally adjusted at annual rates,Chained (2017) dollars,Information and cultural industries,63590,VAInformation,NA
2018-04-01,Canada,Seasonally adjusted at annual rates,Chained (2017) dollars,Information and cultural industries,64294,VAInformation,NA
2018-07-01,Canada,Seasonally adjusted at annual rates,Chained (2017) dollars,Information and cultural industries,65051,VAInformation,NA
2018-10-01,Canada,Seasonally adjusted at annual rates,Chained (2017) dollars,Information and cultural industries,65824,VAInformation,NA
2019-01-01,Canada,Seasonally adjusted at annual rates,Chained (2017) dollars,Information and cultural industries,67120,VAInformation,NA
2019-04-01,Canada,Seasonally adjusted at annual rates,Chained (2017) dollars,Information and cultural industries,68429,VAInformation,NA
2019-07-01,Canada,Seasonally adjusted at annual rates,Chained (2017) dollars,Information and cultural industries,69304,VAInformation,NA
2019-10-01,Canada,Seasonally adjusted at annual rates,Chained (2017) dollars,Information and cultural industries,70663,VAInformation,NA
2020-01-01,Canada,Seasonally adjusted at annual rates,Chained (2017) dollars,Information and cultural industries,68864,VAInformation,NA
2020-04-01,Canada,Seasonally adjusted at annual rates,Chained (2017) dollars,Information and cultural industries,64893,VAInformation,NA
2020-07-01,Canada,Seasonally adjusted at annual rates,Chained (2017) dollars,Information and cultural industries,68112,VAInformation,NA
2020-10-01,Canada,Seasonally adjusted at annual rates,Chained (2017) dollars,Information and cultural industries,69567,VAInformation,NA
2021-01-01,Canada,Seasonally adjusted at annual rates,Chained (2017) dollars,Information and cultural industries,70497,VAInformation,NA
2021-04-01,Canada,Seasonally adjusted at annual rates,Chained (2017) dollars,Information and cultural industries,71170,VAInformation,NA
2021-07-01,Canada,Seasonally adjusted at annual rates,Chained (2017) dollars,Information and cultural industries,73248,VAInformation,NA
2021-10-01,Canada,Seasonally adjusted at annual rates,Chained (2017) dollars,Information and cultural industries,74121,VAInformation,NA
2022-01-01,Canada,Seasonally adjusted at annual rates,Chained (2017) dollars,Information and cultural industries,73874,VAInformation,NA
2022-04-01,Canada,Seasonally adjusted at annual rates,Chained (2017) dollars,Information and cultural industries,73960,VAInformation,NA
2022-07-01,Canada,Seasonally adjusted at annual rates,Chained (2017) dollars,Information and cultural industries,74943,VAInformation,NA
2022-10-01,Canada,Seasonally adjusted at annual rates,Chained (2017) dollars,Information and cultural industries,74887,VAInformation,NA
2023-01-01,Canada,Seasonally adjusted at annual rates,Chained (2017) dollars,Information and cultural industries,76337,VAInformation,NA
2023-04-01,Canada,Seasonally adjusted at annual rates,Chained (2017) dollars,Information and cultural industries,78224,VAInformation,NA
2023-07-01,Canada,Seasonally adjusted at annual rates,Chained (2017) dollars,Information and cultural industries,77986,VAInformation,NA
2023-10-01,Canada,Seasonally adjusted at annual rates,Chained (2017) dollars,Information and cultural industries,78594,VAInformation,NA
2024-01-01,Canada,Seasonally adjusted at annual rates,Chained (2017) dollars,Information and cultural industries,79815,VAInformation,NA
2024-04-01,Canada,Seasonally adjusted at annual rates,Chained (2017) dollars,Information and cultural industries,79648,VAInformation,NA
2024-07-01,Canada,Seasonally adjusted at annual rates,Chained (2017) dollars,Information and cultural industries,79785,VAInformation,NA
2024-10-01,Canada,Seasonally adjusted at annual rates,Chained (2017) dollars,Information and cultural industries,79551,VAInformation,NA
2025-01-01,Canada,Seasonally adjusted at annual rates,Chained (2017) dollars,Information and cultural industries,80705,VAInformation,NA
2025-04-01,Canada,Seasonally adjusted at annual rates,Chained (2017) dollars,Information and cultural industries,80972,VAInformation,NA
2025-07-01,Canada,Seasonally adjusted at annual rates,Chained (2017) dollars,Information and cultural industries,80766,VAInformation,NA
2025-10-01,Canada,Seasonally adjusted at annual rates,Chained (2017) dollars,Information and cultural industries,81621,VAInformation,NA
1997-01-01,Canada,Seasonally adjusted at annual rates,Chained (2017) dollars,Finance and insurance,66058,VAFinance,NA
1997-04-01,Canada,Seasonally adjusted at annual rates,Chained (2017) dollars,Finance and insurance,66585,VAFinance,NA
1997-07-01,Canada,Seasonally adjusted at annual rates,Chained (2017) dollars,Finance and insurance,67802,VAFinance,NA
1997-10-01,Canada,Seasonally adjusted at annual rates,Chained (2017) dollars,Finance and insurance,68799,VAFinance,NA
1998-01-01,Canada,Seasonally adjusted at annual rates,Chained (2017) dollars,Finance and insurance,68756,VAFinance,NA
1998-04-01,Canada,Seasonally adjusted at annual rates,Chained (2017) dollars,Finance and insurance,68857,VAFinance,NA
1998-07-01,Canada,Seasonally adjusted at annual rates,Chained (2017) dollars,Finance and insurance,69900,VAFinance,NA
1998-10-01,Canada,Seasonally adjusted at annual rates,Chained (2017) dollars,Finance and insurance,71008,VAFinance,NA
1999-01-01,Canada,Seasonally adjusted at annual rates,Chained (2017) dollars,Finance and insurance,71418,VAFinance,NA
1999-04-01,Canada,Seasonally adjusted at annual rates,Chained (2017) dollars,Finance and insurance,73428,VAFinance,NA
1999-07-01,Canada,Seasonally adjusted at annual rates,Chained (2017) dollars,Finance and insurance,74522,VAFinance,NA
1999-10-01,Canada,Seasonally adjusted at annual rates,Chained (2017) dollars,Finance and insurance,75892,VAFinance,NA
2000-01-01,Canada,Seasonally adjusted at annual rates,Chained (2017) dollars,Finance and insurance,78228,VAFinance,NA
2000-04-01,Canada,Seasonally adjusted at annual rates,Chained (2017) dollars,Finance and insurance,77958,VAFinance,NA
2000-07-01,Canada,Seasonally adjusted at annual rates,Chained (2017) dollars,Finance and insurance,78206,VAFinance,NA
2000-10-01,Canada,Seasonally adjusted at annual rates,Chained (2017) dollars,Finance and insurance,78137,VAFinance,NA
2001-01-01,Canada,Seasonally adjusted at annual rates,Chained (2017) dollars,Finance and insurance,81087,VAFinance,NA
2001-04-01,Canada,Seasonally adjusted at annual rates,Chained (2017) dollars,Finance and insurance,80997,VAFinance,NA
2001-07-01,Canada,Seasonally adjusted at annual rates,Chained (2017) dollars,Finance and insurance,81097,VAFinance,NA
2001-10-01,Canada,Seasonally adjusted at annual rates,Chained (2017) dollars,Finance and insurance,82887,VAFinance,NA
2002-01-01,Canada,Seasonally adjusted at annual rates,Chained (2017) dollars,Finance and insurance,82511,VAFinance,NA
2002-04-01,Canada,Seasonally adjusted at annual rates,Chained (2017) dollars,Finance and insurance,81942,VAFinance,NA
2002-07-01,Canada,Seasonally adjusted at annual rates,Chained (2017) dollars,Finance and insurance,83190,VAFinance,NA
2002-10-01,Canada,Seasonally adjusted at annual rates,Chained (2017) dollars,Finance and insurance,83472,VAFinance,NA
2003-01-01,Canada,Seasonally adjusted at annual rates,Chained (2017) dollars,Finance and insurance,82230,VAFinance,NA
2003-04-01,Canada,Seasonally adjusted at annual rates,Chained (2017) dollars,Finance and insurance,83569,VAFinance,NA
2003-07-01,Canada,Seasonally adjusted at annual rates,Chained (2017) dollars,Finance and insurance,84948,VAFinance,NA
2003-10-01,Canada,Seasonally adjusted at annual rates,Chained (2017) dollars,Finance and insurance,86065,VAFinance,NA
2004-01-01,Canada,Seasonally adjusted at annual rates,Chained (2017) dollars,Finance and insurance,87755,VAFinance,NA
2004-04-01,Canada,Seasonally adjusted at annual rates,Chained (2017) dollars,Finance and insurance,88964,VAFinance,NA
2004-07-01,Canada,Seasonally adjusted at annual rates,Chained (2017) dollars,Finance and insurance,89071,VAFinance,NA
2004-10-01,Canada,Seasonally adjusted at annual rates,Chained (2017) dollars,Finance and insurance,90394,VAFinance,NA
2005-01-01,Canada,Seasonally adjusted at annual rates,Chained (2017) dollars,Finance and insurance,90640,VAFinance,NA
2005-04-01,Canada,Seasonally adjusted at annual rates,Chained (2017) dollars,Finance and insurance,91808,VAFinance,NA
2005-07-01,Canada,Seasonally adjusted at annual rates,Chained (2017) dollars,Finance and insurance,92967,VAFinance,NA
2005-10-01,Canada,Seasonally adjusted at annual rates,Chained (2017) dollars,Finance and insurance,94873,VAFinance,NA
2006-01-01,Canada,Seasonally adjusted at annual rates,Chained (2017) dollars,Finance and insurance,97725,VAFinance,NA
2006-04-01,Canada,Seasonally adjusted at annual rates,Chained (2017) dollars,Finance and insurance,99530,VAFinance,NA
2006-07-01,Canada,Seasonally adjusted at annual rates,Chained (2017) dollars,Finance and insurance,101168,VAFinance,NA
2006-10-01,Canada,Seasonally adjusted at annual rates,Chained (2017) dollars,Finance and insurance,102510,VAFinance,NA
2007-01-01,Canada,Seasonally adjusted at annual rates,Chained (2017) dollars,Finance and insurance,102360,VAFinance,NA
2007-04-01,Canada,Seasonally adjusted at annual rates,Chained (2017) dollars,Finance and insurance,103207,VAFinance,NA
2007-07-01,Canada,Seasonally adjusted at annual rates,Chained (2017) dollars,Finance and insurance,104999,VAFinance,NA
2007-10-01,Canada,Seasonally adjusted at annual rates,Chained (2017) dollars,Finance and insurance,105127,VAFinance,NA
2008-01-01,Canada,Seasonally adjusted at annual rates,Chained (2017) dollars,Finance and insurance,104746,VAFinance,NA
2008-04-01,Canada,Seasonally adjusted at annual rates,Chained (2017) dollars,Finance and insurance,104417,VAFinance,NA
2008-07-01,Canada,Seasonally adjusted at annual rates,Chained (2017) dollars,Finance and insurance,103860,VAFinance,NA
2008-10-01,Canada,Seasonally adjusted at annual rates,Chained (2017) dollars,Finance and insurance,104064,VAFinance,NA
2009-01-01,Canada,Seasonally adjusted at annual rates,Chained (2017) dollars,Finance and insurance,103107,VAFinance,NA
2009-04-01,Canada,Seasonally adjusted at annual rates,Chained (2017) dollars,Finance and insurance,103163,VAFinance,NA
2009-07-01,Canada,Seasonally adjusted at annual rates,Chained (2017) dollars,Finance and insurance,102684,VAFinance,NA
2009-10-01,Canada,Seasonally adjusted at annual rates,Chained (2017) dollars,Finance and insurance,102682,VAFinance,NA
2010-01-01,Canada,Seasonally adjusted at annual rates,Chained (2017) dollars,Finance and insurance,101721,VAFinance,NA
2010-04-01,Canada,Seasonally adjusted at annual rates,Chained (2017) dollars,Finance and insurance,102607,VAFinance,NA
2010-07-01,Canada,Seasonally adjusted at annual rates,Chained (2017) dollars,Finance and insurance,103593,VAFinance,NA
2010-10-01,Canada,Seasonally adjusted at annual rates,Chained (2017) dollars,Finance and insurance,105410,VAFinance,NA
2011-01-01,Canada,Seasonally adjusted at annual rates,Chained (2017) dollars,Finance and insurance,106524,VAFinance,NA
2011-04-01,Canada,Seasonally adjusted at annual rates,Chained (2017) dollars,Finance and insurance,106464,VAFinance,NA
2011-07-01,Canada,Seasonally adjusted at annual rates,Chained (2017) dollars,Finance and insurance,107492,VAFinance,NA
2011-10-01,Canada,Seasonally adjusted at annual rates,Chained (2017) dollars,Finance and insurance,106892,VAFinance,NA
2012-01-01,Canada,Seasonally adjusted at annual rates,Chained (2017) dollars,Finance and insurance,107457,VAFinance,NA
2012-04-01,Canada,Seasonally adjusted at annual rates,Chained (2017) dollars,Finance and insurance,108184,VAFinance,NA
2012-07-01,Canada,Seasonally adjusted at annual rates,Chained (2017) dollars,Finance and insurance,109660,VAFinance,NA
2012-10-01,Canada,Seasonally adjusted at annual rates,Chained (2017) dollars,Finance and insurance,109686,VAFinance,NA
2013-01-01,Canada,Seasonally adjusted at annual rates,Chained (2017) dollars,Finance and insurance,110549,VAFinance,NA
2013-04-01,Canada,Seasonally adjusted at annual rates,Chained (2017) dollars,Finance and insurance,113019,VAFinance,NA
2013-07-01,Canada,Seasonally adjusted at annual rates,Chained (2017) dollars,Finance and insurance,113609,VAFinance,NA
2013-10-01,Canada,Seasonally adjusted at annual rates,Chained (2017) dollars,Finance and insurance,114223,VAFinance,NA
2014-01-01,Canada,Seasonally adjusted at annual rates,Chained (2017) dollars,Finance and insurance,113901,VAFinance,NA
2014-04-01,Canada,Seasonally adjusted at annual rates,Chained (2017) dollars,Finance and insurance,114402,VAFinance,NA
2014-07-01,Canada,Seasonally adjusted at annual rates,Chained (2017) dollars,Finance and insurance,116544,VAFinance,NA
2014-10-01,Canada,Seasonally adjusted at annual rates,Chained (2017) dollars,Finance and insurance,119289,VAFinance,NA
2015-01-01,Canada,Seasonally adjusted at annual rates,Chained (2017) dollars,Finance and insurance,121156,VAFinance,NA
2015-04-01,Canada,Seasonally adjusted at annual rates,Chained (2017) dollars,Finance and insurance,120817,VAFinance,NA
2015-07-01,Canada,Seasonally adjusted at annual rates,Chained (2017) dollars,Finance and insurance,122560,VAFinance,NA
2015-10-01,Canada,Seasonally adjusted at annual rates,Chained (2017) dollars,Finance and insurance,122226,VAFinance,NA
2016-01-01,Canada,Seasonally adjusted at annual rates,Chained (2017) dollars,Finance and insurance,123985,VAFinance,NA
2016-04-01,Canada,Seasonally adjusted at annual rates,Chained (2017) dollars,Finance and insurance,124410,VAFinance,NA
2016-07-01,Canada,Seasonally adjusted at annual rates,Chained (2017) dollars,Finance and insurance,127329,VAFinance,NA
2016-10-01,Canada,Seasonally adjusted at annual rates,Chained (2017) dollars,Finance and insurance,128142,VAFinance,NA
2017-01-01,Canada,Seasonally adjusted at annual rates,Chained (2017) dollars,Finance and insurance,130337,VAFinance,NA
2017-04-01,Canada,Seasonally adjusted at annual rates,Chained (2017) dollars,Finance and insurance,136136,VAFinance,NA
2017-07-01,Canada,Seasonally adjusted at annual rates,Chained (2017) dollars,Finance and insurance,136316,VAFinance,NA
2017-10-01,Canada,Seasonally adjusted at annual rates,Chained (2017) dollars,Finance and insurance,137176,VAFinance,NA
2018-01-01,Canada,Seasonally adjusted at annual rates,Chained (2017) dollars,Finance and insurance,138042,VAFinance,NA
2018-04-01,Canada,Seasonally adjusted at annual rates,Chained (2017) dollars,Finance and insurance,137112,VAFinance,NA
2018-07-01,Canada,Seasonally adjusted at annual rates,Chained (2017) dollars,Finance and insurance,138180,VAFinance,NA
2018-10-01,Canada,Seasonally adjusted at annual rates,Chained (2017) dollars,Finance and insurance,140122,VAFinance,NA
2019-01-01,Canada,Seasonally adjusted at annual rates,Chained (2017) dollars,Finance and insurance,139918,VAFinance,NA
2019-04-01,Canada,Seasonally adjusted at annual rates,Chained (2017) dollars,Finance and insurance,141012,VAFinance,NA
2019-07-01,Canada,Seasonally adjusted at annual rates,Chained (2017) dollars,Finance and insurance,142540,VAFinance,NA
2019-10-01,Canada,Seasonally adjusted at annual rates,Chained (2017) dollars,Finance and insurance,144538,VAFinance,NA
2020-01-01,Canada,Seasonally adjusted at annual rates,Chained (2017) dollars,Finance and insurance,143538,VAFinance,NA
2020-04-01,Canada,Seasonally adjusted at annual rates,Chained (2017) dollars,Finance and insurance,144461,VAFinance,NA
2020-07-01,Canada,Seasonally adjusted at annual rates,Chained (2017) dollars,Finance and insurance,147926,VAFinance,NA
2020-10-01,Canada,Seasonally adjusted at annual rates,Chained (2017) dollars,Finance and insurance,151342,VAFinance,NA
2021-01-01,Canada,Seasonally adjusted at annual rates,Chained (2017) dollars,Finance and insurance,154780,VAFinance,NA
2021-04-01,Canada,Seasonally adjusted at annual rates,Chained (2017) dollars,Finance and insurance,156277,VAFinance,NA
2021-07-01,Canada,Seasonally adjusted at annual rates,Chained (2017) dollars,Finance and insurance,160667,VAFinance,NA
2021-10-01,Canada,Seasonally adjusted at annual rates,Chained (2017) dollars,Finance and insurance,162664,VAFinance,NA
2022-01-01,Canada,Seasonally adjusted at annual rates,Chained (2017) dollars,Finance and insurance,163893,VAFinance,NA
2022-04-01,Canada,Seasonally adjusted at annual rates,Chained (2017) dollars,Finance and insurance,162023,VAFinance,NA
2022-07-01,Canada,Seasonally adjusted at annual rates,Chained (2017) dollars,Finance and insurance,161034,VAFinance,NA
2022-10-01,Canada,Seasonally adjusted at annual rates,Chained (2017) dollars,Finance and insurance,161018,VAFinance,NA
2023-01-01,Canada,Seasonally adjusted at annual rates,Chained (2017) dollars,Finance and insurance,163750,VAFinance,NA
2023-04-01,Canada,Seasonally adjusted at annual rates,Chained (2017) dollars,Finance and insurance,164270,VAFinance,NA
2023-07-01,Canada,Seasonally adjusted at annual rates,Chained (2017) dollars,Finance and insurance,163909,VAFinance,NA
2023-10-01,Canada,Seasonally adjusted at annual rates,Chained (2017) dollars,Finance and insurance,164899,VAFinance,NA
2024-01-01,Canada,Seasonally adjusted at annual rates,Chained (2017) dollars,Finance and insurance,166399,VAFinance,NA
2024-04-01,Canada,Seasonally adjusted at annual rates,Chained (2017) dollars,Finance and insurance,168824,VAFinance,NA
2024-07-01,Canada,Seasonally adjusted at annual rates,Chained (2017) dollars,Finance and insurance,172420,VAFinance,NA
2024-10-01,Canada,Seasonally adjusted at annual rates,Chained (2017) dollars,Finance and insurance,174161,VAFinance,NA
2025-01-01,Canada,Seasonally adjusted at annual rates,Chained (2017) dollars,Finance and insurance,175364,VAFinance,NA
2025-04-01,Canada,Seasonally adjusted at annual rates,Chained (2017) dollars,Finance and insurance,176153,VAFinance,NA
2025-07-01,Canada,Seasonally adjusted at annual rates,Chained (2017) dollars,Finance and insurance,178474,VAFinance,NA
2025-10-01,Canada,Seasonally adjusted at annual rates,Chained (2017) dollars,Finance and insurance,179421,VAFinance,NA
1997-01-01,Canada,Seasonally adjusted at annual rates,Chained (2017) dollars,Real estate and rental and leasing,138957,VARealEstate,NA
1997-04-01,Canada,Seasonally adjusted at annual rates,Chained (2017) dollars,Real estate and rental and leasing,138799,VARealEstate,NA
1997-07-01,Canada,Seasonally adjusted at annual rates,Chained (2017) dollars,Real estate and rental and leasing,139688,VARealEstate,NA
1997-10-01,Canada,Seasonally adjusted at annual rates,Chained (2017) dollars,Real estate and rental and leasing,140837,VARealEstate,NA
1998-01-01,Canada,Seasonally adjusted at annual rates,Chained (2017) dollars,Real estate and rental and leasing,142045,VARealEstate,NA
1998-04-01,Canada,Seasonally adjusted at annual rates,Chained (2017) dollars,Real estate and rental and leasing,143150,VARealEstate,NA
1998-07-01,Canada,Seasonally adjusted at annual rates,Chained (2017) dollars,Real estate and rental and leasing,144704,VARealEstate,NA
1998-10-01,Canada,Seasonally adjusted at annual rates,Chained (2017) dollars,Real estate and rental and leasing,145845,VARealEstate,NA
1999-01-01,Canada,Seasonally adjusted at annual rates,Chained (2017) dollars,Real estate and rental and leasing,147544,VARealEstate,NA
1999-04-01,Canada,Seasonally adjusted at annual rates,Chained (2017) dollars,Real estate and rental and leasing,149265,VARealEstate,NA
1999-07-01,Canada,Seasonally adjusted at annual rates,Chained (2017) dollars,Real estate and rental and leasing,150474,VARealEstate,NA
1999-10-01,Canada,Seasonally adjusted at annual rates,Chained (2017) dollars,Real estate and rental and leasing,151978,VARealEstate,NA
2000-01-01,Canada,Seasonally adjusted at annual rates,Chained (2017) dollars,Real estate and rental and leasing,153734,VARealEstate,NA
2000-04-01,Canada,Seasonally adjusted at annual rates,Chained (2017) dollars,Real estate and rental and leasing,155181,VARealEstate,NA
2000-07-01,Canada,Seasonally adjusted at annual rates,Chained (2017) dollars,Real estate and rental and leasing,156719,VARealEstate,NA
2000-10-01,Canada,Seasonally adjusted at annual rates,Chained (2017) dollars,Real estate and rental and leasing,157585,VARealEstate,NA
2001-01-01,Canada,Seasonally adjusted at annual rates,Chained (2017) dollars,Real estate and rental and leasing,158341,VARealEstate,NA
2001-04-01,Canada,Seasonally adjusted at annual rates,Chained (2017) dollars,Real estate and rental and leasing,160046,VARealEstate,NA
2001-07-01,Canada,Seasonally adjusted at annual rates,Chained (2017) dollars,Real estate and rental and leasing,161819,VARealEstate,NA
2001-10-01,Canada,Seasonally adjusted at annual rates,Chained (2017) dollars,Real estate and rental and leasing,164890,VARealEstate,NA
2002-01-01,Canada,Seasonally adjusted at annual rates,Chained (2017) dollars,Real estate and rental and leasing,168030,VARealEstate,NA
2002-04-01,Canada,Seasonally adjusted at annual rates,Chained (2017) dollars,Real estate and rental and leasing,168757,VARealEstate,NA
2002-07-01,Canada,Seasonally adjusted at annual rates,Chained (2017) dollars,Real estate and rental and leasing,169903,VARealEstate,NA
2002-10-01,Canada,Seasonally adjusted at annual rates,Chained (2017) dollars,Real estate and rental and leasing,171606,VARealEstate,NA
2003-01-01,Canada,Seasonally adjusted at annual rates,Chained (2017) dollars,Real estate and rental and leasing,172310,VARealEstate,NA
2003-04-01,Canada,Seasonally adjusted at annual rates,Chained (2017) dollars,Real estate and rental and leasing,172833,VARealEstate,NA
2003-07-01,Canada,Seasonally adjusted at annual rates,Chained (2017) dollars,Real estate and rental and leasing,174723,VARealEstate,NA
2003-10-01,Canada,Seasonally adjusted at annual rates,Chained (2017) dollars,Real estate and rental and leasing,175663,VARealEstate,NA
2004-01-01,Canada,Seasonally adjusted at annual rates,Chained (2017) dollars,Real estate and rental and leasing,176905,VARealEstate,NA
2004-04-01,Canada,Seasonally adjusted at annual rates,Chained (2017) dollars,Real estate and rental and leasing,178083,VARealEstate,NA
2004-07-01,Canada,Seasonally adjusted at annual rates,Chained (2017) dollars,Real estate and rental and leasing,179466,VARealEstate,NA
2004-10-01,Canada,Seasonally adjusted at annual rates,Chained (2017) dollars,Real estate and rental and leasing,181447,VARealEstate,NA
2005-01-01,Canada,Seasonally adjusted at annual rates,Chained (2017) dollars,Real estate and rental and leasing,183308,VARealEstate,NA
2005-04-01,Canada,Seasonally adjusted at annual rates,Chained (2017) dollars,Real estate and rental and leasing,185798,VARealEstate,NA
2005-07-01,Canada,Seasonally adjusted at annual rates,Chained (2017) dollars,Real estate and rental and leasing,187990,VARealEstate,NA
2005-10-01,Canada,Seasonally adjusted at annual rates,Chained (2017) dollars,Real estate and rental and leasing,189672,VARealEstate,NA
2006-01-01,Canada,Seasonally adjusted at annual rates,Chained (2017) dollars,Real estate and rental and leasing,191655,VARealEstate,NA
2006-04-01,Canada,Seasonally adjusted at annual rates,Chained (2017) dollars,Real estate and rental and leasing,191758,VARealEstate,NA
2006-07-01,Canada,Seasonally adjusted at annual rates,Chained (2017) dollars,Real estate and rental and leasing,192689,VARealEstate,NA
2006-10-01,Canada,Seasonally adjusted at annual rates,Chained (2017) dollars,Real estate and rental and leasing,193856,VARealEstate,NA
2007-01-01,Canada,Seasonally adjusted at annual rates,Chained (2017) dollars,Real estate and rental and leasing,194873,VARealEstate,NA
2007-04-01,Canada,Seasonally adjusted at annual rates,Chained (2017) dollars,Real estate and rental and leasing,195653,VARealEstate,NA
2007-07-01,Canada,Seasonally adjusted at annual rates,Chained (2017) dollars,Real estate and rental and leasing,196461,VARealEstate,NA
2007-10-01,Canada,Seasonally adjusted at annual rates,Chained (2017) dollars,Real estate and rental and leasing,197785,VARealEstate,NA
2008-01-01,Canada,Seasonally adjusted at annual rates,Chained (2017) dollars,Real estate and rental and leasing,199073,VARealEstate,NA
2008-04-01,Canada,Seasonally adjusted at annual rates,Chained (2017) dollars,Real estate and rental and leasing,200025,VARealEstate,NA
2008-07-01,Canada,Seasonally adjusted at annual rates,Chained (2017) dollars,Real estate and rental and leasing,201691,VARealEstate,NA
2008-10-01,Canada,Seasonally adjusted at annual rates,Chained (2017) dollars,Real estate and rental and leasing,200807,VARealEstate,NA
2009-01-01,Canada,Seasonally adjusted at annual rates,Chained (2017) dollars,Real estate and rental and leasing,201604,VARealEstate,NA
2009-04-01,Canada,Seasonally adjusted at annual rates,Chained (2017) dollars,Real estate and rental and leasing,206201,VARealEstate,NA
2009-07-01,Canada,Seasonally adjusted at annual rates,Chained (2017) dollars,Real estate and rental and leasing,208649,VARealEstate,NA
2009-10-01,Canada,Seasonally adjusted at annual rates,Chained (2017) dollars,Real estate and rental and leasing,210368,VARealEstate,NA
2010-01-01,Canada,Seasonally adjusted at annual rates,Chained (2017) dollars,Real estate and rental and leasing,210964,VARealEstate,NA
2010-04-01,Canada,Seasonally adjusted at annual rates,Chained (2017) dollars,Real estate and rental and leasing,210800,VARealEstate,NA
2010-07-01,Canada,Seasonally adjusted at annual rates,Chained (2017) dollars,Real estate and rental and leasing,210598,VARealEstate,NA
2010-10-01,Canada,Seasonally adjusted at annual rates,Chained (2017) dollars,Real estate and rental and leasing,213234,VARealEstate,NA
2011-01-01,Canada,Seasonally adjusted at annual rates,Chained (2017) dollars,Real estate and rental and leasing,215927,VARealEstate,NA
2011-04-01,Canada,Seasonally adjusted at annual rates,Chained (2017) dollars,Real estate and rental and leasing,216356,VARealEstate,NA
2011-07-01,Canada,Seasonally adjusted at annual rates,Chained (2017) dollars,Real estate and rental and leasing,218603,VARealEstate,NA
2011-10-01,Canada,Seasonally adjusted at annual rates,Chained (2017) dollars,Real estate and rental and leasing,221331,VARealEstate,NA
2012-01-01,Canada,Seasonally adjusted at annual rates,Chained (2017) dollars,Real estate and rental and leasing,223432,VARealEstate,NA
2012-04-01,Canada,Seasonally adjusted at annual rates,Chained (2017) dollars,Real estate and rental and leasing,224452,VARealEstate,NA
2012-07-01,Canada,Seasonally adjusted at annual rates,Chained (2017) dollars,Real estate and rental and leasing,225215,VARealEstate,NA
2012-10-01,Canada,Seasonally adjusted at annual rates,Chained (2017) dollars,Real estate and rental and leasing,226643,VARealEstate,NA
2013-01-01,Canada,Seasonally adjusted at annual rates,Chained (2017) dollars,Real estate and rental and leasing,228574,VARealEstate,NA
2013-04-01,Canada,Seasonally adjusted at annual rates,Chained (2017) dollars,Real estate and rental and leasing,230377,VARealEstate,NA
2013-07-01,Canada,Seasonally adjusted at annual rates,Chained (2017) dollars,Real estate and rental and leasing,232352,VARealEstate,NA
2013-10-01,Canada,Seasonally adjusted at annual rates,Chained (2017) dollars,Real estate and rental and leasing,233613,VARealEstate,NA
2014-01-01,Canada,Seasonally adjusted at annual rates,Chained (2017) dollars,Real estate and rental and leasing,234488,VARealEstate,NA
2014-04-01,Canada,Seasonally adjusted at annual rates,Chained (2017) dollars,Real estate and rental and leasing,236786,VARealEstate,NA
2014-07-01,Canada,Seasonally adjusted at annual rates,Chained (2017) dollars,Real estate and rental and leasing,239179,VARealEstate,NA
2014-10-01,Canada,Seasonally adjusted at annual rates,Chained (2017) dollars,Real estate and rental and leasing,240542,VARealEstate,NA
2015-01-01,Canada,Seasonally adjusted at annual rates,Chained (2017) dollars,Real estate and rental and leasing,241643,VARealEstate,NA
2015-04-01,Canada,Seasonally adjusted at annual rates,Chained (2017) dollars,Real estate and rental and leasing,244473,VARealEstate,NA
2015-07-01,Canada,Seasonally adjusted at annual rates,Chained (2017) dollars,Real estate and rental and leasing,245831,VARealEstate,NA
2015-10-01,Canada,Seasonally adjusted at annual rates,Chained (2017) dollars,Real estate and rental and leasing,247349,VARealEstate,NA
2016-01-01,Canada,Seasonally adjusted at annual rates,Chained (2017) dollars,Real estate and rental and leasing,248955,VARealEstate,NA
2016-04-01,Canada,Seasonally adjusted at annual rates,Chained (2017) dollars,Real estate and rental and leasing,250546,VARealEstate,NA
2016-07-01,Canada,Seasonally adjusted at annual rates,Chained (2017) dollars,Real estate and rental and leasing,251199,VARealEstate,NA
2016-10-01,Canada,Seasonally adjusted at annual rates,Chained (2017) dollars,Real estate and rental and leasing,252722,VARealEstate,NA
2017-01-01,Canada,Seasonally adjusted at annual rates,Chained (2017) dollars,Real estate and rental and leasing,255551,VARealEstate,NA
2017-04-01,Canada,Seasonally adjusted at annual rates,Chained (2017) dollars,Real estate and rental and leasing,256926,VARealEstate,NA
2017-07-01,Canada,Seasonally adjusted at annual rates,Chained (2017) dollars,Real estate and rental and leasing,258064,VARealEstate,NA
2017-10-01,Canada,Seasonally adjusted at annual rates,Chained (2017) dollars,Real estate and rental and leasing,261255,VARealEstate,NA
2018-01-01,Canada,Seasonally adjusted at annual rates,Chained (2017) dollars,Real estate and rental and leasing,261601,VARealEstate,NA
2018-04-01,Canada,Seasonally adjusted at annual rates,Chained (2017) dollars,Real estate and rental and leasing,263372,VARealEstate,NA
2018-07-01,Canada,Seasonally adjusted at annual rates,Chained (2017) dollars,Real estate and rental and leasing,265862,VARealEstate,NA
2018-10-01,Canada,Seasonally adjusted at annual rates,Chained (2017) dollars,Real estate and rental and leasing,266893,VARealEstate,NA
2019-01-01,Canada,Seasonally adjusted at annual rates,Chained (2017) dollars,Real estate and rental and leasing,267884,VARealEstate,NA
2019-04-01,Canada,Seasonally adjusted at annual rates,Chained (2017) dollars,Real estate and rental and leasing,270455,VARealEstate,NA
2019-07-01,Canada,Seasonally adjusted at annual rates,Chained (2017) dollars,Real estate and rental and leasing,273436,VARealEstate,NA
2019-10-01,Canada,Seasonally adjusted at annual rates,Chained (2017) dollars,Real estate and rental and leasing,274641,VARealEstate,NA
2020-01-01,Canada,Seasonally adjusted at annual rates,Chained (2017) dollars,Real estate and rental and leasing,273949,VARealEstate,NA
2020-04-01,Canada,Seasonally adjusted at annual rates,Chained (2017) dollars,Real estate and rental and leasing,267474,VARealEstate,NA
2020-07-01,Canada,Seasonally adjusted at annual rates,Chained (2017) dollars,Real estate and rental and leasing,280905,VARealEstate,NA
2020-10-01,Canada,Seasonally adjusted at annual rates,Chained (2017) dollars,Real estate and rental and leasing,281876,VARealEstate,NA
2021-01-01,Canada,Seasonally adjusted at annual rates,Chained (2017) dollars,Real estate and rental and leasing,285618,VARealEstate,NA
2021-04-01,Canada,Seasonally adjusted at annual rates,Chained (2017) dollars,Real estate and rental and leasing,284186,VARealEstate,NA
2021-07-01,Canada,Seasonally adjusted at annual rates,Chained (2017) dollars,Real estate and rental and leasing,284892,VARealEstate,NA
2021-10-01,Canada,Seasonally adjusted at annual rates,Chained (2017) dollars,Real estate and rental and leasing,288576,VARealEstate,NA
2022-01-01,Canada,Seasonally adjusted at annual rates,Chained (2017) dollars,Real estate and rental and leasing,290700,VARealEstate,NA
2022-04-01,Canada,Seasonally adjusted at annual rates,Chained (2017) dollars,Real estate and rental and leasing,286512,VARealEstate,NA
2022-07-01,Canada,Seasonally adjusted at annual rates,Chained (2017) dollars,Real estate and rental and leasing,286358,VARealEstate,NA
2022-10-01,Canada,Seasonally adjusted at annual rates,Chained (2017) dollars,Real estate and rental and leasing,287838,VARealEstate,NA
2023-01-01,Canada,Seasonally adjusted at annual rates,Chained (2017) dollars,Real estate and rental and leasing,289603,VARealEstate,NA
2023-04-01,Canada,Seasonally adjusted at annual rates,Chained (2017) dollars,Real estate and rental and leasing,293886,VARealEstate,NA
2023-07-01,Canada,Seasonally adjusted at annual rates,Chained (2017) dollars,Real estate and rental and leasing,295221,VARealEstate,NA
2023-10-01,Canada,Seasonally adjusted at annual rates,Chained (2017) dollars,Real estate and rental and leasing,295750,VARealEstate,NA
2024-01-01,Canada,Seasonally adjusted at annual rates,Chained (2017) dollars,Real estate and rental and leasing,299767,VARealEstate,NA
2024-04-01,Canada,Seasonally adjusted at annual rates,Chained (2017) dollars,Real estate and rental and leasing,301204,VARealEstate,NA
2024-07-01,Canada,Seasonally adjusted at annual rates,Chained (2017) dollars,Real estate and rental and leasing,302534,VARealEstate,NA
2024-10-01,Canada,Seasonally adjusted at annual rates,Chained (2017) dollars,Real estate and rental and leasing,305551,VARealEstate,NA
2025-01-01,Canada,Seasonally adjusted at annual rates,Chained (2017) dollars,Real estate and rental and leasing,304845,VARealEstate,NA
2025-04-01,Canada,Seasonally adjusted at annual rates,Chained (2017) dollars,Real estate and rental and leasing,306012,VARealEstate,NA
2025-07-01,Canada,Seasonally adjusted at annual rates,Chained (2017) dollars,Real estate and rental and leasing,308849,VARealEstate,NA
2025-10-01,Canada,Seasonally adjusted at annual rates,Chained (2017) dollars,Real estate and rental and leasing,309892,VARealEstate,NA
1997-01-01,Canada,Seasonally adjusted at annual rates,Chained (2017) dollars,Wholesale trade,56187,VAWholesaleTrade,NA
1997-04-01,Canada,Seasonally adjusted at annual rates,Chained (2017) dollars,Wholesale trade,57846,VAWholesaleTrade,NA
1997-07-01,Canada,Seasonally adjusted at annual rates,Chained (2017) dollars,Wholesale trade,60867,VAWholesaleTrade,NA
1997-10-01,Canada,Seasonally adjusted at annual rates,Chained (2017) dollars,Wholesale trade,62601,VAWholesaleTrade,NA
1998-01-01,Canada,Seasonally adjusted at annual rates,Chained (2017) dollars,Wholesale trade,63270,VAWholesaleTrade,NA
1998-04-01,Canada,Seasonally adjusted at annual rates,Chained (2017) dollars,Wholesale trade,64349,VAWholesaleTrade,NA
1998-07-01,Canada,Seasonally adjusted at annual rates,Chained (2017) dollars,Wholesale trade,63689,VAWholesaleTrade,NA
1998-10-01,Canada,Seasonally adjusted at annual rates,Chained (2017) dollars,Wholesale trade,63780,VAWholesaleTrade,NA
1999-01-01,Canada,Seasonally adjusted at annual rates,Chained (2017) dollars,Wholesale trade,64340,VAWholesaleTrade,NA
1999-04-01,Canada,Seasonally adjusted at annual rates,Chained (2017) dollars,Wholesale trade,63728,VAWholesaleTrade,NA
1999-07-01,Canada,Seasonally adjusted at annual rates,Chained (2017) dollars,Wholesale trade,64210,VAWholesaleTrade,NA
1999-10-01,Canada,Seasonally adjusted at annual rates,Chained (2017) dollars,Wholesale trade,65922,VAWholesaleTrade,NA
2000-01-01,Canada,Seasonally adjusted at annual rates,Chained (2017) dollars,Wholesale trade,66716,VAWholesaleTrade,NA
2000-04-01,Canada,Seasonally adjusted at annual rates,Chained (2017) dollars,Wholesale trade,67630,VAWholesaleTrade,NA
2000-07-01,Canada,Seasonally adjusted at annual rates,Chained (2017) dollars,Wholesale trade,68645,VAWholesaleTrade,NA
2000-10-01,Canada,Seasonally adjusted at annual rates,Chained (2017) dollars,Wholesale trade,68774,VAWholesaleTrade,NA
2001-01-01,Canada,Seasonally adjusted at annual rates,Chained (2017) dollars,Wholesale trade,68302,VAWholesaleTrade,NA
2001-04-01,Canada,Seasonally adjusted at annual rates,Chained (2017) dollars,Wholesale trade,68197,VAWholesaleTrade,NA
2001-07-01,Canada,Seasonally adjusted at annual rates,Chained (2017) dollars,Wholesale trade,69385,VAWholesaleTrade,NA
2001-10-01,Canada,Seasonally adjusted at annual rates,Chained (2017) dollars,Wholesale trade,67952,VAWholesaleTrade,NA
2002-01-01,Canada,Seasonally adjusted at annual rates,Chained (2017) dollars,Wholesale trade,69443,VAWholesaleTrade,NA
2002-04-01,Canada,Seasonally adjusted at annual rates,Chained (2017) dollars,Wholesale trade,70573,VAWholesaleTrade,NA
2002-07-01,Canada,Seasonally adjusted at annual rates,Chained (2017) dollars,Wholesale trade,72009,VAWholesaleTrade,NA
2002-10-01,Canada,Seasonally adjusted at annual rates,Chained (2017) dollars,Wholesale trade,71826,VAWholesaleTrade,NA
2003-01-01,Canada,Seasonally adjusted at annual rates,Chained (2017) dollars,Wholesale trade,73808,VAWholesaleTrade,NA
2003-04-01,Canada,Seasonally adjusted at annual rates,Chained (2017) dollars,Wholesale trade,74231,VAWholesaleTrade,NA
2003-07-01,Canada,Seasonally adjusted at annual rates,Chained (2017) dollars,Wholesale trade,73609,VAWholesaleTrade,NA
2003-10-01,Canada,Seasonally adjusted at annual rates,Chained (2017) dollars,Wholesale trade,75649,VAWholesaleTrade,NA
2004-01-01,Canada,Seasonally adjusted at annual rates,Chained (2017) dollars,Wholesale trade,75125,VAWholesaleTrade,NA
2004-04-01,Canada,Seasonally adjusted at annual rates,Chained (2017) dollars,Wholesale trade,75738,VAWholesaleTrade,NA
2004-07-01,Canada,Seasonally adjusted at annual rates,Chained (2017) dollars,Wholesale trade,76761,VAWholesaleTrade,NA
2004-10-01,Canada,Seasonally adjusted at annual rates,Chained (2017) dollars,Wholesale trade,78448,VAWholesaleTrade,NA
2005-01-01,Canada,Seasonally adjusted at annual rates,Chained (2017) dollars,Wholesale trade,79629,VAWholesaleTrade,NA
2005-04-01,Canada,Seasonally adjusted at annual rates,Chained (2017) dollars,Wholesale trade,80875,VAWholesaleTrade,NA
2005-07-01,Canada,Seasonally adjusted at annual rates,Chained (2017) dollars,Wholesale trade,81399,VAWholesaleTrade,NA
2005-10-01,Canada,Seasonally adjusted at annual rates,Chained (2017) dollars,Wholesale trade,83890,VAWholesaleTrade,NA
2006-01-01,Canada,Seasonally adjusted at annual rates,Chained (2017) dollars,Wholesale trade,85138,VAWholesaleTrade,NA
2006-04-01,Canada,Seasonally adjusted at annual rates,Chained (2017) dollars,Wholesale trade,85940,VAWholesaleTrade,NA
2006-07-01,Canada,Seasonally adjusted at annual rates,Chained (2017) dollars,Wholesale trade,85390,VAWholesaleTrade,NA
2006-10-01,Canada,Seasonally adjusted at annual rates,Chained (2017) dollars,Wholesale trade,85555,VAWholesaleTrade,NA
2007-01-01,Canada,Seasonally adjusted at annual rates,Chained (2017) dollars,Wholesale trade,88246,VAWholesaleTrade,NA
2007-04-01,Canada,Seasonally adjusted at annual rates,Chained (2017) dollars,Wholesale trade,89807,VAWholesaleTrade,NA
2007-07-01,Canada,Seasonally adjusted at annual rates,Chained (2017) dollars,Wholesale trade,88926,VAWholesaleTrade,NA
2007-10-01,Canada,Seasonally adjusted at annual rates,Chained (2017) dollars,Wholesale trade,88761,VAWholesaleTrade,NA
2008-01-01,Canada,Seasonally adjusted at annual rates,Chained (2017) dollars,Wholesale trade,88731,VAWholesaleTrade,NA
2008-04-01,Canada,Seasonally adjusted at annual rates,Chained (2017) dollars,Wholesale trade,89413,VAWholesaleTrade,NA
2008-07-01,Canada,Seasonally adjusted at annual rates,Chained (2017) dollars,Wholesale trade,90178,VAWholesaleTrade,NA
2008-10-01,Canada,Seasonally adjusted at annual rates,Chained (2017) dollars,Wholesale trade,86536,VAWholesaleTrade,NA
2009-01-01,Canada,Seasonally adjusted at annual rates,Chained (2017) dollars,Wholesale trade,82037,VAWholesaleTrade,NA
2009-04-01,Canada,Seasonally adjusted at annual rates,Chained (2017) dollars,Wholesale trade,81800,VAWholesaleTrade,NA
2009-07-01,Canada,Seasonally adjusted at annual rates,Chained (2017) dollars,Wholesale trade,83099,VAWholesaleTrade,NA
2009-10-01,Canada,Seasonally adjusted at annual rates,Chained (2017) dollars,Wholesale trade,85027,VAWholesaleTrade,NA
2010-01-01,Canada,Seasonally adjusted at annual rates,Chained (2017) dollars,Wholesale trade,87370,VAWholesaleTrade,NA
2010-04-01,Canada,Seasonally adjusted at annual rates,Chained (2017) dollars,Wholesale trade,87736,VAWholesaleTrade,NA
2010-07-01,Canada,Seasonally adjusted at annual rates,Chained (2017) dollars,Wholesale trade,88492,VAWholesaleTrade,NA
2010-10-01,Canada,Seasonally adjusted at annual rates,Chained (2017) dollars,Wholesale trade,91494,VAWholesaleTrade,NA
2011-01-01,Canada,Seasonally adjusted at annual rates,Chained (2017) dollars,Wholesale trade,94011,VAWholesaleTrade,NA
2011-04-01,Canada,Seasonally adjusted at annual rates,Chained (2017) dollars,Wholesale trade,93803,VAWholesaleTrade,NA
2011-07-01,Canada,Seasonally adjusted at annual rates,Chained (2017) dollars,Wholesale trade,96188,VAWholesaleTrade,NA
2011-10-01,Canada,Seasonally adjusted at annual rates,Chained (2017) dollars,Wholesale trade,97695,VAWholesaleTrade,NA
2012-01-01,Canada,Seasonally adjusted at annual rates,Chained (2017) dollars,Wholesale trade,97523,VAWholesaleTrade,NA
2012-04-01,Canada,Seasonally adjusted at annual rates,Chained (2017) dollars,Wholesale trade,98852,VAWholesaleTrade,NA
2012-07-01,Canada,Seasonally adjusted at annual rates,Chained (2017) dollars,Wholesale trade,99166,VAWholesaleTrade,NA
2012-10-01,Canada,Seasonally adjusted at annual rates,Chained (2017) dollars,Wholesale trade,99491,VAWholesaleTrade,NA
2013-01-01,Canada,Seasonally adjusted at annual rates,Chained (2017) dollars,Wholesale trade,101259,VAWholesaleTrade,NA
2013-04-01,Canada,Seasonally adjusted at annual rates,Chained (2017) dollars,Wholesale trade,101884,VAWholesaleTrade,NA
2013-07-01,Canada,Seasonally adjusted at annual rates,Chained (2017) dollars,Wholesale trade,103947,VAWholesaleTrade,NA
2013-10-01,Canada,Seasonally adjusted at annual rates,Chained (2017) dollars,Wholesale trade,104641,VAWholesaleTrade,NA
2014-01-01,Canada,Seasonally adjusted at annual rates,Chained (2017) dollars,Wholesale trade,104125,VAWholesaleTrade,NA
2014-04-01,Canada,Seasonally adjusted at annual rates,Chained (2017) dollars,Wholesale trade,105792,VAWholesaleTrade,NA
2014-07-01,Canada,Seasonally adjusted at annual rates,Chained (2017) dollars,Wholesale trade,107234,VAWholesaleTrade,NA
2014-10-01,Canada,Seasonally adjusted at annual rates,Chained (2017) dollars,Wholesale trade,105110,VAWholesaleTrade,NA
2015-01-01,Canada,Seasonally adjusted at annual rates,Chained (2017) dollars,Wholesale trade,102863,VAWholesaleTrade,NA
2015-04-01,Canada,Seasonally adjusted at annual rates,Chained (2017) dollars,Wholesale trade,102849,VAWholesaleTrade,NA
2015-07-01,Canada,Seasonally adjusted at annual rates,Chained (2017) dollars,Wholesale trade,100946,VAWholesaleTrade,NA
2015-10-01,Canada,Seasonally adjusted at annual rates,Chained (2017) dollars,Wholesale trade,101815,VAWholesaleTrade,NA
2016-01-01,Canada,Seasonally adjusted at annual rates,Chained (2017) dollars,Wholesale trade,102302,VAWholesaleTrade,NA
2016-04-01,Canada,Seasonally adjusted at annual rates,Chained (2017) dollars,Wholesale trade,101247,VAWholesaleTrade,NA
2016-07-01,Canada,Seasonally adjusted at annual rates,Chained (2017) dollars,Wholesale trade,101516,VAWholesaleTrade,NA
2016-10-01,Canada,Seasonally adjusted at annual rates,Chained (2017) dollars,Wholesale trade,102722,VAWholesaleTrade,NA
2017-01-01,Canada,Seasonally adjusted at annual rates,Chained (2017) dollars,Wholesale trade,104791,VAWholesaleTrade,NA
2017-04-01,Canada,Seasonally adjusted at annual rates,Chained (2017) dollars,Wholesale trade,105378,VAWholesaleTrade,NA
2017-07-01,Canada,Seasonally adjusted at annual rates,Chained (2017) dollars,Wholesale trade,105001,VAWholesaleTrade,NA
2017-10-01,Canada,Seasonally adjusted at annual rates,Chained (2017) dollars,Wholesale trade,106794,VAWholesaleTrade,NA
2018-01-01,Canada,Seasonally adjusted at annual rates,Chained (2017) dollars,Wholesale trade,107329,VAWholesaleTrade,NA
2018-04-01,Canada,Seasonally adjusted at annual rates,Chained (2017) dollars,Wholesale trade,109298,VAWholesaleTrade,NA
2018-07-01,Canada,Seasonally adjusted at annual rates,Chained (2017) dollars,Wholesale trade,109546,VAWholesaleTrade,NA
2018-10-01,Canada,Seasonally adjusted at annual rates,Chained (2017) dollars,Wholesale trade,109611,VAWholesaleTrade,NA
2019-01-01,Canada,Seasonally adjusted at annual rates,Chained (2017) dollars,Wholesale trade,110484,VAWholesaleTrade,NA
2019-04-01,Canada,Seasonally adjusted at annual rates,Chained (2017) dollars,Wholesale trade,113195,VAWholesaleTrade,NA
2019-07-01,Canada,Seasonally adjusted at annual rates,Chained (2017) dollars,Wholesale trade,113827,VAWholesaleTrade,NA
2019-10-01,Canada,Seasonally adjusted at annual rates,Chained (2017) dollars,Wholesale trade,113727,VAWholesaleTrade,NA
2020-01-01,Canada,Seasonally adjusted at annual rates,Chained (2017) dollars,Wholesale trade,112155,VAWholesaleTrade,NA
2020-04-01,Canada,Seasonally adjusted at annual rates,Chained (2017) dollars,Wholesale trade,98388,VAWholesaleTrade,NA
2020-07-01,Canada,Seasonally adjusted at annual rates,Chained (2017) dollars,Wholesale trade,118193,VAWholesaleTrade,NA
2020-10-01,Canada,Seasonally adjusted at annual rates,Chained (2017) dollars,Wholesale trade,118723,VAWholesaleTrade,NA
2021-01-01,Canada,Seasonally adjusted at annual rates,Chained (2017) dollars,Wholesale trade,118740,VAWholesaleTrade,NA
2021-04-01,Canada,Seasonally adjusted at annual rates,Chained (2017) dollars,Wholesale trade,117380,VAWholesaleTrade,NA
2021-07-01,Canada,Seasonally adjusted at annual rates,Chained (2017) dollars,Wholesale trade,115524,VAWholesaleTrade,NA
2021-10-01,Canada,Seasonally adjusted at annual rates,Chained (2017) dollars,Wholesale trade,121677,VAWholesaleTrade,NA
2022-01-01,Canada,Seasonally adjusted at annual rates,Chained (2017) dollars,Wholesale trade,124097,VAWholesaleTrade,NA
2022-04-01,Canada,Seasonally adjusted at annual rates,Chained (2017) dollars,Wholesale trade,122802,VAWholesaleTrade,NA
2022-07-01,Canada,Seasonally adjusted at annual rates,Chained (2017) dollars,Wholesale trade,122418,VAWholesaleTrade,NA
2022-10-01,Canada,Seasonally adjusted at annual rates,Chained (2017) dollars,Wholesale trade,122074,VAWholesaleTrade,NA
2023-01-01,Canada,Seasonally adjusted at annual rates,Chained (2017) dollars,Wholesale trade,123489,VAWholesaleTrade,NA
2023-04-01,Canada,Seasonally adjusted at annual rates,Chained (2017) dollars,Wholesale trade,121274,VAWholesaleTrade,NA
2023-07-01,Canada,Seasonally adjusted at annual rates,Chained (2017) dollars,Wholesale trade,122683,VAWholesaleTrade,NA
2023-10-01,Canada,Seasonally adjusted at annual rates,Chained (2017) dollars,Wholesale trade,124254,VAWholesaleTrade,NA
2024-01-01,Canada,Seasonally adjusted at annual rates,Chained (2017) dollars,Wholesale trade,124385,VAWholesaleTrade,NA
2024-04-01,Canada,Seasonally adjusted at annual rates,Chained (2017) dollars,Wholesale trade,124277,VAWholesaleTrade,NA
2024-07-01,Canada,Seasonally adjusted at annual rates,Chained (2017) dollars,Wholesale trade,123680,VAWholesaleTrade,NA
2024-10-01,Canada,Seasonally adjusted at annual rates,Chained (2017) dollars,Wholesale trade,125574,VAWholesaleTrade,NA
2025-01-01,Canada,Seasonally adjusted at annual rates,Chained (2017) dollars,Wholesale trade,127509,VAWholesaleTrade,NA
2025-04-01,Canada,Seasonally adjusted at annual rates,Chained (2017) dollars,Wholesale trade,125885,VAWholesaleTrade,NA
2025-07-01,Canada,Seasonally adjusted at annual rates,Chained (2017) dollars,Wholesale trade,127441,VAWholesaleTrade,NA
2025-10-01,Canada,Seasonally adjusted at annual rates,Chained (2017) dollars,Wholesale trade,125617,VAWholesaleTrade,NA
1997-01-01,Canada,Seasonally adjusted at annual rates,Chained (2017) dollars,Transportation and warehousing,56376,VATransportationandWarehousing,NA
1997-04-01,Canada,Seasonally adjusted at annual rates,Chained (2017) dollars,Transportation and warehousing,57489,VATransportationandWarehousing,NA
1997-07-01,Canada,Seasonally adjusted at annual rates,Chained (2017) dollars,Transportation and warehousing,58141,VATransportationandWarehousing,NA
1997-10-01,Canada,Seasonally adjusted at annual rates,Chained (2017) dollars,Transportation and warehousing,57218,VATransportationandWarehousing,NA
1998-01-01,Canada,Seasonally adjusted at annual rates,Chained (2017) dollars,Transportation and warehousing,57818,VATransportationandWarehousing,NA
1998-04-01,Canada,Seasonally adjusted at annual rates,Chained (2017) dollars,Transportation and warehousing,57214,VATransportationandWarehousing,NA
1998-07-01,Canada,Seasonally adjusted at annual rates,Chained (2017) dollars,Transportation and warehousing,56673,VATransportationandWarehousing,NA
1998-10-01,Canada,Seasonally adjusted at annual rates,Chained (2017) dollars,Transportation and warehousing,59083,VATransportationandWarehousing,NA
1999-01-01,Canada,Seasonally adjusted at annual rates,Chained (2017) dollars,Transportation and warehousing,58972,VATransportationandWarehousing,NA
1999-04-01,Canada,Seasonally adjusted at annual rates,Chained (2017) dollars,Transportation and warehousing,60293,VATransportationandWarehousing,NA
1999-07-01,Canada,Seasonally adjusted at annual rates,Chained (2017) dollars,Transportation and warehousing,61175,VATransportationandWarehousing,NA
1999-10-01,Canada,Seasonally adjusted at annual rates,Chained (2017) dollars,Transportation and warehousing,62400,VATransportationandWarehousing,NA
2000-01-01,Canada,Seasonally adjusted at annual rates,Chained (2017) dollars,Transportation and warehousing,63042,VATransportationandWarehousing,NA
2000-04-01,Canada,Seasonally adjusted at annual rates,Chained (2017) dollars,Transportation and warehousing,63651,VATransportationandWarehousing,NA
2000-07-01,Canada,Seasonally adjusted at annual rates,Chained (2017) dollars,Transportation and warehousing,64593,VATransportationandWarehousing,NA
2000-10-01,Canada,Seasonally adjusted at annual rates,Chained (2017) dollars,Transportation and warehousing,65243,VATransportationandWarehousing,NA
2001-01-01,Canada,Seasonally adjusted at annual rates,Chained (2017) dollars,Transportation and warehousing,66010,VATransportationandWarehousing,NA
2001-04-01,Canada,Seasonally adjusted at annual rates,Chained (2017) dollars,Transportation and warehousing,65463,VATransportationandWarehousing,NA
2001-07-01,Canada,Seasonally adjusted at annual rates,Chained (2017) dollars,Transportation and warehousing,64967,VATransportationandWarehousing,NA
2001-10-01,Canada,Seasonally adjusted at annual rates,Chained (2017) dollars,Transportation and warehousing,63987,VATransportationandWarehousing,NA
2002-01-01,Canada,Seasonally adjusted at annual rates,Chained (2017) dollars,Transportation and warehousing,64522,VATransportationandWarehousing,NA
2002-04-01,Canada,Seasonally adjusted at annual rates,Chained (2017) dollars,Transportation and warehousing,65403,VATransportationandWarehousing,NA
2002-07-01,Canada,Seasonally adjusted at annual rates,Chained (2017) dollars,Transportation and warehousing,65468,VATransportationandWarehousing,NA
2002-10-01,Canada,Seasonally adjusted at annual rates,Chained (2017) dollars,Transportation and warehousing,65352,VATransportationandWarehousing,NA
2003-01-01,Canada,Seasonally adjusted at annual rates,Chained (2017) dollars,Transportation and warehousing,65707,VATransportationandWarehousing,NA
2003-04-01,Canada,Seasonally adjusted at annual rates,Chained (2017) dollars,Transportation and warehousing,64875,VATransportationandWarehousing,NA
2003-07-01,Canada,Seasonally adjusted at annual rates,Chained (2017) dollars,Transportation and warehousing,65088,VATransportationandWarehousing,NA
2003-10-01,Canada,Seasonally adjusted at annual rates,Chained (2017) dollars,Transportation and warehousing,66042,VATransportationandWarehousing,NA
2004-01-01,Canada,Seasonally adjusted at annual rates,Chained (2017) dollars,Transportation and warehousing,66127,VATransportationandWarehousing,NA
2004-04-01,Canada,Seasonally adjusted at annual rates,Chained (2017) dollars,Transportation and warehousing,67173,VATransportationandWarehousing,NA
2004-07-01,Canada,Seasonally adjusted at annual rates,Chained (2017) dollars,Transportation and warehousing,67551,VATransportationandWarehousing,NA
2004-10-01,Canada,Seasonally adjusted at annual rates,Chained (2017) dollars,Transportation and warehousing,68262,VATransportationandWarehousing,NA
2005-01-01,Canada,Seasonally adjusted at annual rates,Chained (2017) dollars,Transportation and warehousing,69611,VATransportationandWarehousing,NA
2005-04-01,Canada,Seasonally adjusted at annual rates,Chained (2017) dollars,Transportation and warehousing,70474,VATransportationandWarehousing,NA
2005-07-01,Canada,Seasonally adjusted at annual rates,Chained (2017) dollars,Transportation and warehousing,71831,VATransportationandWarehousing,NA
2005-10-01,Canada,Seasonally adjusted at annual rates,Chained (2017) dollars,Transportation and warehousing,72512,VATransportationandWarehousing,NA
2006-01-01,Canada,Seasonally adjusted at annual rates,Chained (2017) dollars,Transportation and warehousing,72808,VATransportationandWarehousing,NA
2006-04-01,Canada,Seasonally adjusted at annual rates,Chained (2017) dollars,Transportation and warehousing,72838,VATransportationandWarehousing,NA
2006-07-01,Canada,Seasonally adjusted at annual rates,Chained (2017) dollars,Transportation and warehousing,72537,VATransportationandWarehousing,NA
2006-10-01,Canada,Seasonally adjusted at annual rates,Chained (2017) dollars,Transportation and warehousing,72726,VATransportationandWarehousing,NA
2007-01-01,Canada,Seasonally adjusted at annual rates,Chained (2017) dollars,Transportation and warehousing,72741,VATransportationandWarehousing,NA
2007-04-01,Canada,Seasonally adjusted at annual rates,Chained (2017) dollars,Transportation and warehousing,73520,VATransportationandWarehousing,NA
2007-07-01,Canada,Seasonally adjusted at annual rates,Chained (2017) dollars,Transportation and warehousing,74036,VATransportationandWarehousing,NA
2007-10-01,Canada,Seasonally adjusted at annual rates,Chained (2017) dollars,Transportation and warehousing,73690,VATransportationandWarehousing,NA
2008-01-01,Canada,Seasonally adjusted at annual rates,Chained (2017) dollars,Transportation and warehousing,73123,VATransportationandWarehousing,NA
2008-04-01,Canada,Seasonally adjusted at annual rates,Chained (2017) dollars,Transportation and warehousing,73526,VATransportationandWarehousing,NA
2008-07-01,Canada,Seasonally adjusted at annual rates,Chained (2017) dollars,Transportation and warehousing,73727,VATransportationandWarehousing,NA
2008-10-01,Canada,Seasonally adjusted at annual rates,Chained (2017) dollars,Transportation and warehousing,72826,VATransportationandWarehousing,NA
2009-01-01,Canada,Seasonally adjusted at annual rates,Chained (2017) dollars,Transportation and warehousing,70243,VATransportationandWarehousing,NA
2009-04-01,Canada,Seasonally adjusted at annual rates,Chained (2017) dollars,Transportation and warehousing,69594,VATransportationandWarehousing,NA
2009-07-01,Canada,Seasonally adjusted at annual rates,Chained (2017) dollars,Transportation and warehousing,70062,VATransportationandWarehousing,NA
2009-10-01,Canada,Seasonally adjusted at annual rates,Chained (2017) dollars,Transportation and warehousing,70974,VATransportationandWarehousing,NA
2010-01-01,Canada,Seasonally adjusted at annual rates,Chained (2017) dollars,Transportation and warehousing,72293,VATransportationandWarehousing,NA
2010-04-01,Canada,Seasonally adjusted at annual rates,Chained (2017) dollars,Transportation and warehousing,72832,VATransportationandWarehousing,NA
2010-07-01,Canada,Seasonally adjusted at annual rates,Chained (2017) dollars,Transportation and warehousing,73447,VATransportationandWarehousing,NA
2010-10-01,Canada,Seasonally adjusted at annual rates,Chained (2017) dollars,Transportation and warehousing,73680,VATransportationandWarehousing,NA
2011-01-01,Canada,Seasonally adjusted at annual rates,Chained (2017) dollars,Transportation and warehousing,75858,VATransportationandWarehousing,NA
2011-04-01,Canada,Seasonally adjusted at annual rates,Chained (2017) dollars,Transportation and warehousing,74802,VATransportationandWarehousing,NA
2011-07-01,Canada,Seasonally adjusted at annual rates,Chained (2017) dollars,Transportation and warehousing,76337,VATransportationandWarehousing,NA
2011-10-01,Canada,Seasonally adjusted at annual rates,Chained (2017) dollars,Transportation and warehousing,76554,VATransportationandWarehousing,NA
2012-01-01,Canada,Seasonally adjusted at annual rates,Chained (2017) dollars,Transportation and warehousing,76685,VATransportationandWarehousing,NA
2012-04-01,Canada,Seasonally adjusted at annual rates,Chained (2017) dollars,Transportation and warehousing,77029,VATransportationandWarehousing,NA
2012-07-01,Canada,Seasonally adjusted at annual rates,Chained (2017) dollars,Transportation and warehousing,77213,VATransportationandWarehousing,NA
2012-10-01,Canada,Seasonally adjusted at annual rates,Chained (2017) dollars,Transportation and warehousing,76677,VATransportationandWarehousing,NA
2013-01-01,Canada,Seasonally adjusted at annual rates,Chained (2017) dollars,Transportation and warehousing,77291,VATransportationandWarehousing,NA
2013-04-01,Canada,Seasonally adjusted at annual rates,Chained (2017) dollars,Transportation and warehousing,78018,VATransportationandWarehousing,NA
2013-07-01,Canada,Seasonally adjusted at annual rates,Chained (2017) dollars,Transportation and warehousing,77715,VATransportationandWarehousing,NA
2013-10-01,Canada,Seasonally adjusted at annual rates,Chained (2017) dollars,Transportation and warehousing,80429,VATransportationandWarehousing,NA
2014-01-01,Canada,Seasonally adjusted at annual rates,Chained (2017) dollars,Transportation and warehousing,81322,VATransportationandWarehousing,NA
2014-04-01,Canada,Seasonally adjusted at annual rates,Chained (2017) dollars,Transportation and warehousing,83241,VATransportationandWarehousing,NA
2014-07-01,Canada,Seasonally adjusted at annual rates,Chained (2017) dollars,Transportation and warehousing,83702,VATransportationandWarehousing,NA
2014-10-01,Canada,Seasonally adjusted at annual rates,Chained (2017) dollars,Transportation and warehousing,83951,VATransportationandWarehousing,NA
2015-01-01,Canada,Seasonally adjusted at annual rates,Chained (2017) dollars,Transportation and warehousing,84019,VATransportationandWarehousing,NA
2015-04-01,Canada,Seasonally adjusted at annual rates,Chained (2017) dollars,Transportation and warehousing,84627,VATransportationandWarehousing,NA
2015-07-01,Canada,Seasonally adjusted at annual rates,Chained (2017) dollars,Transportation and warehousing,85945,VATransportationandWarehousing,NA
2015-10-01,Canada,Seasonally adjusted at annual rates,Chained (2017) dollars,Transportation and warehousing,86401,VATransportationandWarehousing,NA
2016-01-01,Canada,Seasonally adjusted at annual rates,Chained (2017) dollars,Transportation and warehousing,86633,VATransportationandWarehousing,NA
2016-04-01,Canada,Seasonally adjusted at annual rates,Chained (2017) dollars,Transportation and warehousing,86072,VATransportationandWarehousing,NA
2016-07-01,Canada,Seasonally adjusted at annual rates,Chained (2017) dollars,Transportation and warehousing,87723,VATransportationandWarehousing,NA
2016-10-01,Canada,Seasonally adjusted at annual rates,Chained (2017) dollars,Transportation and warehousing,88700,VATransportationandWarehousing,NA
2017-01-01,Canada,Seasonally adjusted at annual rates,Chained (2017) dollars,Transportation and warehousing,90526,VATransportationandWarehousing,NA
2017-04-01,Canada,Seasonally adjusted at annual rates,Chained (2017) dollars,Transportation and warehousing,92686,VATransportationandWarehousing,NA
2017-07-01,Canada,Seasonally adjusted at annual rates,Chained (2017) dollars,Transportation and warehousing,93143,VATransportationandWarehousing,NA
2017-10-01,Canada,Seasonally adjusted at annual rates,Chained (2017) dollars,Transportation and warehousing,93986,VATransportationandWarehousing,NA
2018-01-01,Canada,Seasonally adjusted at annual rates,Chained (2017) dollars,Transportation and warehousing,94911,VATransportationandWarehousing,NA
2018-04-01,Canada,Seasonally adjusted at annual rates,Chained (2017) dollars,Transportation and warehousing,93853,VATransportationandWarehousing,NA
2018-07-01,Canada,Seasonally adjusted at annual rates,Chained (2017) dollars,Transportation and warehousing,94334,VATransportationandWarehousing,NA
2018-10-01,Canada,Seasonally adjusted at annual rates,Chained (2017) dollars,Transportation and warehousing,94282,VATransportationandWarehousing,NA
2019-01-01,Canada,Seasonally adjusted at annual rates,Chained (2017) dollars,Transportation and warehousing,94708,VATransportationandWarehousing,NA
2019-04-01,Canada,Seasonally adjusted at annual rates,Chained (2017) dollars,Transportation and warehousing,96349,VATransportationandWarehousing,NA
2019-07-01,Canada,Seasonally adjusted at annual rates,Chained (2017) dollars,Transportation and warehousing,98420,VATransportationandWarehousing,NA
2019-10-01,Canada,Seasonally adjusted at annual rates,Chained (2017) dollars,Transportation and warehousing,99947,VATransportationandWarehousing,NA
2020-01-01,Canada,Seasonally adjusted at annual rates,Chained (2017) dollars,Transportation and warehousing,93769,VATransportationandWarehousing,NA
2020-04-01,Canada,Seasonally adjusted at annual rates,Chained (2017) dollars,Transportation and warehousing,60667,VATransportationandWarehousing,NA
2020-07-01,Canada,Seasonally adjusted at annual rates,Chained (2017) dollars,Transportation and warehousing,68671,VATransportationandWarehousing,NA
2020-10-01,Canada,Seasonally adjusted at annual rates,Chained (2017) dollars,Transportation and warehousing,73284,VATransportationandWarehousing,NA
2021-01-01,Canada,Seasonally adjusted at annual rates,Chained (2017) dollars,Transportation and warehousing,73233,VATransportationandWarehousing,NA
2021-04-01,Canada,Seasonally adjusted at annual rates,Chained (2017) dollars,Transportation and warehousing,73682,VATransportationandWarehousing,NA
2021-07-01,Canada,Seasonally adjusted at annual rates,Chained (2017) dollars,Transportation and warehousing,81260,VATransportationandWarehousing,NA
2021-10-01,Canada,Seasonally adjusted at annual rates,Chained (2017) dollars,Transportation and warehousing,87517,VATransportationandWarehousing,NA
2022-01-01,Canada,Seasonally adjusted at annual rates,Chained (2017) dollars,Transportation and warehousing,87581,VATransportationandWarehousing,NA
2022-04-01,Canada,Seasonally adjusted at annual rates,Chained (2017) dollars,Transportation and warehousing,92924,VATransportationandWarehousing,NA
2022-07-01,Canada,Seasonally adjusted at annual rates,Chained (2017) dollars,Transportation and warehousing,93980,VATransportationandWarehousing,NA
2022-10-01,Canada,Seasonally adjusted at annual rates,Chained (2017) dollars,Transportation and warehousing,94455,VATransportationandWarehousing,NA
2023-01-01,Canada,Seasonally adjusted at annual rates,Chained (2017) dollars,Transportation and warehousing,96719,VATransportationandWarehousing,NA
2023-04-01,Canada,Seasonally adjusted at annual rates,Chained (2017) dollars,Transportation and warehousing,97773,VATransportationandWarehousing,NA
2023-07-01,Canada,Seasonally adjusted at annual rates,Chained (2017) dollars,Transportation and warehousing,98956,VATransportationandWarehousing,NA
2023-10-01,Canada,Seasonally adjusted at annual rates,Chained (2017) dollars,Transportation and warehousing,99975,VATransportationandWarehousing,NA
2024-01-01,Canada,Seasonally adjusted at annual rates,Chained (2017) dollars,Transportation and warehousing,100901,VATransportationandWarehousing,NA
2024-04-01,Canada,Seasonally adjusted at annual rates,Chained (2017) dollars,Transportation and warehousing,101779,VATransportationandWarehousing,NA
2024-07-01,Canada,Seasonally adjusted at annual rates,Chained (2017) dollars,Transportation and warehousing,102479,VATransportationandWarehousing,NA
2024-10-01,Canada,Seasonally adjusted at annual rates,Chained (2017) dollars,Transportation and warehousing,102596,VATransportationandWarehousing,NA
2025-01-01,Canada,Seasonally adjusted at annual rates,Chained (2017) dollars,Transportation and warehousing,102538,VATransportationandWarehousing,NA
2025-04-01,Canada,Seasonally adjusted at annual rates,Chained (2017) dollars,Transportation and warehousing,102810,VATransportationandWarehousing,NA
2025-07-01,Canada,Seasonally adjusted at annual rates,Chained (2017) dollars,Transportation and warehousing,103263,VATransportationandWarehousing,NA
2025-10-01,Canada,Seasonally adjusted at annual rates,Chained (2017) dollars,Transportation and warehousing,103907,VATransportationandWarehousing,NA
1961-01-01,Canada,Seasonally adjusted at annual rates,NA,NA,1944,TaxesLessSubsidies,NA
1961-04-01,Canada,Seasonally adjusted at annual rates,NA,NA,1876,TaxesLessSubsidies,NA
1961-07-01,Canada,Seasonally adjusted at annual rates,NA,NA,1764,TaxesLessSubsidies,NA
1961-10-01,Canada,Seasonally adjusted at annual rates,NA,NA,1924,TaxesLessSubsidies,NA
1962-01-01,Canada,Seasonally adjusted at annual rates,NA,NA,1992,TaxesLessSubsidies,NA
1962-04-01,Canada,Seasonally adjusted at annual rates,NA,NA,2016,TaxesLessSubsidies,NA
1962-07-01,Canada,Seasonally adjusted at annual rates,NA,NA,2188,TaxesLessSubsidies,NA
1962-10-01,Canada,Seasonally adjusted at annual rates,NA,NA,1996,TaxesLessSubsidies,NA
1963-01-01,Canada,Seasonally adjusted at annual rates,NA,NA,2080,TaxesLessSubsidies,NA
1963-04-01,Canada,Seasonally adjusted at annual rates,NA,NA,1944,TaxesLessSubsidies,NA
1963-07-01,Canada,Seasonally adjusted at annual rates,NA,NA,2076,TaxesLessSubsidies,NA
1963-10-01,Canada,Seasonally adjusted at annual rates,NA,NA,2176,TaxesLessSubsidies,NA
1964-01-01,Canada,Seasonally adjusted at annual rates,NA,NA,2308,TaxesLessSubsidies,NA
1964-04-01,Canada,Seasonally adjusted at annual rates,NA,NA,2516,TaxesLessSubsidies,NA
1964-07-01,Canada,Seasonally adjusted at annual rates,NA,NA,2536,TaxesLessSubsidies,NA
1964-10-01,Canada,Seasonally adjusted at annual rates,NA,NA,2392,TaxesLessSubsidies,NA
1965-01-01,Canada,Seasonally adjusted at annual rates,NA,NA,2632,TaxesLessSubsidies,NA
1965-04-01,Canada,Seasonally adjusted at annual rates,NA,NA,2900,TaxesLessSubsidies,NA
1965-07-01,Canada,Seasonally adjusted at annual rates,NA,NA,2952,TaxesLessSubsidies,NA
1965-10-01,Canada,Seasonally adjusted at annual rates,NA,NA,2912,TaxesLessSubsidies,NA
1966-01-01,Canada,Seasonally adjusted at annual rates,NA,NA,2980,TaxesLessSubsidies,NA
1966-04-01,Canada,Seasonally adjusted at annual rates,NA,NA,3232,TaxesLessSubsidies,NA
1966-07-01,Canada,Seasonally adjusted at annual rates,NA,NA,3144,TaxesLessSubsidies,NA
1966-10-01,Canada,Seasonally adjusted at annual rates,NA,NA,2920,TaxesLessSubsidies,NA
1967-01-01,Canada,Seasonally adjusted at annual rates,NA,NA,3276,TaxesLessSubsidies,NA
1967-04-01,Canada,Seasonally adjusted at annual rates,NA,NA,3304,TaxesLessSubsidies,NA
1967-07-01,Canada,Seasonally adjusted at annual rates,NA,NA,3112,TaxesLessSubsidies,NA
1967-10-01,Canada,Seasonally adjusted at annual rates,NA,NA,3108,TaxesLessSubsidies,NA
1968-01-01,Canada,Seasonally adjusted at annual rates,NA,NA,3280,TaxesLessSubsidies,NA
1968-04-01,Canada,Seasonally adjusted at annual rates,NA,NA,3096,TaxesLessSubsidies,NA
1968-07-01,Canada,Seasonally adjusted at annual rates,NA,NA,3128,TaxesLessSubsidies,NA
1968-10-01,Canada,Seasonally adjusted at annual rates,NA,NA,3340,TaxesLessSubsidies,NA
1969-01-01,Canada,Seasonally adjusted at annual rates,NA,NA,3628,TaxesLessSubsidies,NA
1969-04-01,Canada,Seasonally adjusted at annual rates,NA,NA,3592,TaxesLessSubsidies,NA
1969-07-01,Canada,Seasonally adjusted at annual rates,NA,NA,3440,TaxesLessSubsidies,NA
1969-10-01,Canada,Seasonally adjusted at annual rates,NA,NA,3188,TaxesLessSubsidies,NA
1970-01-01,Canada,Seasonally adjusted at annual rates,NA,NA,3136,TaxesLessSubsidies,NA
1970-04-01,Canada,Seasonally adjusted at annual rates,NA,NA,3456,TaxesLessSubsidies,NA
1970-07-01,Canada,Seasonally adjusted at annual rates,NA,NA,3508,TaxesLessSubsidies,NA
1970-10-01,Canada,Seasonally adjusted at annual rates,NA,NA,3504,TaxesLessSubsidies,NA
1971-01-01,Canada,Seasonally adjusted at annual rates,NA,NA,3608,TaxesLessSubsidies,NA
1971-04-01,Canada,Seasonally adjusted at annual rates,NA,NA,4040,TaxesLessSubsidies,NA
1971-07-01,Canada,Seasonally adjusted at annual rates,NA,NA,3984,TaxesLessSubsidies,NA
1971-10-01,Canada,Seasonally adjusted at annual rates,NA,NA,4124,TaxesLessSubsidies,NA
1972-01-01,Canada,Seasonally adjusted at annual rates,NA,NA,4328,TaxesLessSubsidies,NA
1972-04-01,Canada,Seasonally adjusted at annual rates,NA,NA,4360,TaxesLessSubsidies,NA
1972-07-01,Canada,Seasonally adjusted at annual rates,NA,NA,4848,TaxesLessSubsidies,NA
1972-10-01,Canada,Seasonally adjusted at annual rates,NA,NA,4772,TaxesLessSubsidies,NA
1973-01-01,Canada,Seasonally adjusted at annual rates,NA,NA,4824,TaxesLessSubsidies,NA
1973-04-01,Canada,Seasonally adjusted at annual rates,NA,NA,4828,TaxesLessSubsidies,NA
1973-07-01,Canada,Seasonally adjusted at annual rates,NA,NA,5164,TaxesLessSubsidies,NA
1973-10-01,Canada,Seasonally adjusted at annual rates,NA,NA,5696,TaxesLessSubsidies,NA
1974-01-01,Canada,Seasonally adjusted at annual rates,NA,NA,6548,TaxesLessSubsidies,NA
1974-04-01,Canada,Seasonally adjusted at annual rates,NA,NA,6428,TaxesLessSubsidies,NA
1974-07-01,Canada,Seasonally adjusted at annual rates,NA,NA,6592,TaxesLessSubsidies,NA
1974-10-01,Canada,Seasonally adjusted at annual rates,NA,NA,5516,TaxesLessSubsidies,NA
1975-01-01,Canada,Seasonally adjusted at annual rates,NA,NA,4980,TaxesLessSubsidies,NA
1975-04-01,Canada,Seasonally adjusted at annual rates,NA,NA,4148,TaxesLessSubsidies,NA
1975-07-01,Canada,Seasonally adjusted at annual rates,NA,NA,4008,TaxesLessSubsidies,NA
1975-10-01,Canada,Seasonally adjusted at annual rates,NA,NA,4840,TaxesLessSubsidies,NA
1976-01-01,Canada,Seasonally adjusted at annual rates,NA,NA,5388,TaxesLessSubsidies,NA
1976-04-01,Canada,Seasonally adjusted at annual rates,NA,NA,6132,TaxesLessSubsidies,NA
1976-07-01,Canada,Seasonally adjusted at annual rates,NA,NA,5856,TaxesLessSubsidies,NA
1976-10-01,Canada,Seasonally adjusted at annual rates,NA,NA,6248,TaxesLessSubsidies,NA
1977-01-01,Canada,Seasonally adjusted at annual rates,NA,NA,6676,TaxesLessSubsidies,NA
1977-04-01,Canada,Seasonally adjusted at annual rates,NA,NA,6388,TaxesLessSubsidies,NA
1977-07-01,Canada,Seasonally adjusted at annual rates,NA,NA,6532,TaxesLessSubsidies,NA
1977-10-01,Canada,Seasonally adjusted at annual rates,NA,NA,6992,TaxesLessSubsidies,NA
1978-01-01,Canada,Seasonally adjusted at annual rates,NA,NA,5936,TaxesLessSubsidies,NA
1978-04-01,Canada,Seasonally adjusted at annual rates,NA,NA,7872,TaxesLessSubsidies,NA
1978-07-01,Canada,Seasonally adjusted at annual rates,NA,NA,7472,TaxesLessSubsidies,NA
1978-10-01,Canada,Seasonally adjusted at annual rates,NA,NA,7924,TaxesLessSubsidies,NA
1979-01-01,Canada,Seasonally adjusted at annual rates,NA,NA,7012,TaxesLessSubsidies,NA
1979-04-01,Canada,Seasonally adjusted at annual rates,NA,NA,7668,TaxesLessSubsidies,NA
1979-07-01,Canada,Seasonally adjusted at annual rates,NA,NA,6996,TaxesLessSubsidies,NA
1979-10-01,Canada,Seasonally adjusted at annual rates,NA,NA,7180,TaxesLessSubsidies,NA
1980-01-01,Canada,Seasonally adjusted at annual rates,NA,NA,5920,TaxesLessSubsidies,NA
1980-04-01,Canada,Seasonally adjusted at annual rates,NA,NA,5512,TaxesLessSubsidies,NA
1980-07-01,Canada,Seasonally adjusted at annual rates,NA,NA,5768,TaxesLessSubsidies,NA
1980-10-01,Canada,Seasonally adjusted at annual rates,NA,NA,7640,TaxesLessSubsidies,NA
1981-01-01,Canada,Seasonally adjusted at annual rates,NA,NA,9876,TaxesLessSubsidies,NA
1981-04-01,Canada,Seasonally adjusted at annual rates,NA,NA,11760,TaxesLessSubsidies,NA
1981-07-01,Canada,Seasonally adjusted at annual rates,NA,NA,13684,TaxesLessSubsidies,NA
1981-10-01,Canada,Seasonally adjusted at annual rates,NA,NA,13840,TaxesLessSubsidies,NA
1982-01-01,Canada,Seasonally adjusted at annual rates,NA,NA,13440,TaxesLessSubsidies,NA
1982-04-01,Canada,Seasonally adjusted at annual rates,NA,NA,10608,TaxesLessSubsidies,NA
1982-07-01,Canada,Seasonally adjusted at annual rates,NA,NA,11804,TaxesLessSubsidies,NA
1982-10-01,Canada,Seasonally adjusted at annual rates,NA,NA,11604,TaxesLessSubsidies,NA
1983-01-01,Canada,Seasonally adjusted at annual rates,NA,NA,10048,TaxesLessSubsidies,NA
1983-04-01,Canada,Seasonally adjusted at annual rates,NA,NA,10956,TaxesLessSubsidies,NA
1983-07-01,Canada,Seasonally adjusted at annual rates,NA,NA,10728,TaxesLessSubsidies,NA
1983-10-01,Canada,Seasonally adjusted at annual rates,NA,NA,10272,TaxesLessSubsidies,NA
1984-01-01,Canada,Seasonally adjusted at annual rates,NA,NA,11520,TaxesLessSubsidies,NA
1984-04-01,Canada,Seasonally adjusted at annual rates,NA,NA,11208,TaxesLessSubsidies,NA
1984-07-01,Canada,Seasonally adjusted at annual rates,NA,NA,9700,TaxesLessSubsidies,NA
1984-10-01,Canada,Seasonally adjusted at annual rates,NA,NA,11920,TaxesLessSubsidies,NA
1985-01-01,Canada,Seasonally adjusted at annual rates,NA,NA,12956,TaxesLessSubsidies,NA
1985-04-01,Canada,Seasonally adjusted at annual rates,NA,NA,12456,TaxesLessSubsidies,NA
1985-07-01,Canada,Seasonally adjusted at annual rates,NA,NA,12212,TaxesLessSubsidies,NA
1985-10-01,Canada,Seasonally adjusted at annual rates,NA,NA,11728,TaxesLessSubsidies,NA
1986-01-01,Canada,Seasonally adjusted at annual rates,NA,NA,15760,TaxesLessSubsidies,NA
1986-04-01,Canada,Seasonally adjusted at annual rates,NA,NA,16076,TaxesLessSubsidies,NA
1986-07-01,Canada,Seasonally adjusted at annual rates,NA,NA,17708,TaxesLessSubsidies,NA
1986-10-01,Canada,Seasonally adjusted at annual rates,NA,NA,14588,TaxesLessSubsidies,NA
1987-01-01,Canada,Seasonally adjusted at annual rates,NA,NA,16464,TaxesLessSubsidies,NA
1987-04-01,Canada,Seasonally adjusted at annual rates,NA,NA,16684,TaxesLessSubsidies,NA
1987-07-01,Canada,Seasonally adjusted at annual rates,NA,NA,18516,TaxesLessSubsidies,NA
1987-10-01,Canada,Seasonally adjusted at annual rates,NA,NA,19168,TaxesLessSubsidies,NA
1988-01-01,Canada,Seasonally adjusted at annual rates,NA,NA,19448,TaxesLessSubsidies,NA
1988-04-01,Canada,Seasonally adjusted at annual rates,NA,NA,19924,TaxesLessSubsidies,NA
1988-07-01,Canada,Seasonally adjusted at annual rates,NA,NA,21128,TaxesLessSubsidies,NA
1988-10-01,Canada,Seasonally adjusted at annual rates,NA,NA,21388,TaxesLessSubsidies,NA
1989-01-01,Canada,Seasonally adjusted at annual rates,NA,NA,23240,TaxesLessSubsidies,NA
1989-04-01,Canada,Seasonally adjusted at annual rates,NA,NA,23952,TaxesLessSubsidies,NA
1989-07-01,Canada,Seasonally adjusted at annual rates,NA,NA,25220,TaxesLessSubsidies,NA
1989-10-01,Canada,Seasonally adjusted at annual rates,NA,NA,24400,TaxesLessSubsidies,NA
1990-01-01,Canada,Seasonally adjusted at annual rates,NA,NA,25688,TaxesLessSubsidies,NA
1990-04-01,Canada,Seasonally adjusted at annual rates,NA,NA,25608,TaxesLessSubsidies,NA
1990-07-01,Canada,Seasonally adjusted at annual rates,NA,NA,24764,TaxesLessSubsidies,NA
1990-10-01,Canada,Seasonally adjusted at annual rates,NA,NA,15320,TaxesLessSubsidies,NA
1991-01-01,Canada,Seasonally adjusted at annual rates,NA,NA,24556,TaxesLessSubsidies,NA
1991-04-01,Canada,Seasonally adjusted at annual rates,NA,NA,24968,TaxesLessSubsidies,NA
1991-07-01,Canada,Seasonally adjusted at annual rates,NA,NA,23092,TaxesLessSubsidies,NA
1991-10-01,Canada,Seasonally adjusted at annual rates,NA,NA,25700,TaxesLessSubsidies,NA
1992-01-01,Canada,Seasonally adjusted at annual rates,NA,NA,28220,TaxesLessSubsidies,NA
1992-04-01,Canada,Seasonally adjusted at annual rates,NA,NA,24628,TaxesLessSubsidies,NA
1992-07-01,Canada,Seasonally adjusted at annual rates,NA,NA,26040,TaxesLessSubsidies,NA
1992-10-01,Canada,Seasonally adjusted at annual rates,NA,NA,26836,TaxesLessSubsidies,NA
1993-01-01,Canada,Seasonally adjusted at annual rates,NA,NA,27048,TaxesLessSubsidies,NA
1993-04-01,Canada,Seasonally adjusted at annual rates,NA,NA,26496,TaxesLessSubsidies,NA
1993-07-01,Canada,Seasonally adjusted at annual rates,NA,NA,26956,TaxesLessSubsidies,NA
1993-10-01,Canada,Seasonally adjusted at annual rates,NA,NA,28236,TaxesLessSubsidies,NA
1994-01-01,Canada,Seasonally adjusted at annual rates,NA,NA,28260,TaxesLessSubsidies,NA
1994-04-01,Canada,Seasonally adjusted at annual rates,NA,NA,26044,TaxesLessSubsidies,NA
1994-07-01,Canada,Seasonally adjusted at annual rates,NA,NA,26044,TaxesLessSubsidies,NA
1994-10-01,Canada,Seasonally adjusted at annual rates,NA,NA,27448,TaxesLessSubsidies,NA
1995-01-01,Canada,Seasonally adjusted at annual rates,NA,NA,27736,TaxesLessSubsidies,NA
1995-04-01,Canada,Seasonally adjusted at annual rates,NA,NA,27996,TaxesLessSubsidies,NA
1995-07-01,Canada,Seasonally adjusted at annual rates,NA,NA,27544,TaxesLessSubsidies,NA
1995-10-01,Canada,Seasonally adjusted at annual rates,NA,NA,28600,TaxesLessSubsidies,NA
1996-01-01,Canada,Seasonally adjusted at annual rates,NA,NA,26104,TaxesLessSubsidies,NA
1996-04-01,Canada,Seasonally adjusted at annual rates,NA,NA,28508,TaxesLessSubsidies,NA
1996-07-01,Canada,Seasonally adjusted at annual rates,NA,NA,28464,TaxesLessSubsidies,NA
1996-10-01,Canada,Seasonally adjusted at annual rates,NA,NA,28772,TaxesLessSubsidies,NA
1997-01-01,Canada,Seasonally adjusted at annual rates,NA,NA,30164,TaxesLessSubsidies,NA
1997-04-01,Canada,Seasonally adjusted at annual rates,NA,NA,30220,TaxesLessSubsidies,NA
1997-07-01,Canada,Seasonally adjusted at annual rates,NA,NA,30756,TaxesLessSubsidies,NA
1997-10-01,Canada,Seasonally adjusted at annual rates,NA,NA,31480,TaxesLessSubsidies,NA
1998-01-01,Canada,Seasonally adjusted at annual rates,NA,NA,30984,TaxesLessSubsidies,NA
1998-04-01,Canada,Seasonally adjusted at annual rates,NA,NA,31616,TaxesLessSubsidies,NA
1998-07-01,Canada,Seasonally adjusted at annual rates,NA,NA,32192,TaxesLessSubsidies,NA
1998-10-01,Canada,Seasonally adjusted at annual rates,NA,NA,31476,TaxesLessSubsidies,NA
1999-01-01,Canada,Seasonally adjusted at annual rates,NA,NA,32104,TaxesLessSubsidies,NA
1999-04-01,Canada,Seasonally adjusted at annual rates,NA,NA,32596,TaxesLessSubsidies,NA
1999-07-01,Canada,Seasonally adjusted at annual rates,NA,NA,32732,TaxesLessSubsidies,NA
1999-10-01,Canada,Seasonally adjusted at annual rates,NA,NA,33672,TaxesLessSubsidies,NA
2000-01-01,Canada,Seasonally adjusted at annual rates,NA,NA,33964,TaxesLessSubsidies,NA
2000-04-01,Canada,Seasonally adjusted at annual rates,NA,NA,34484,TaxesLessSubsidies,NA
2000-07-01,Canada,Seasonally adjusted at annual rates,NA,NA,35220,TaxesLessSubsidies,NA
2000-10-01,Canada,Seasonally adjusted at annual rates,NA,NA,36228,TaxesLessSubsidies,NA
2001-01-01,Canada,Seasonally adjusted at annual rates,NA,NA,36100,TaxesLessSubsidies,NA
2001-04-01,Canada,Seasonally adjusted at annual rates,NA,NA,36600,TaxesLessSubsidies,NA
2001-07-01,Canada,Seasonally adjusted at annual rates,NA,NA,37288,TaxesLessSubsidies,NA
2001-10-01,Canada,Seasonally adjusted at annual rates,NA,NA,36180,TaxesLessSubsidies,NA
2002-01-01,Canada,Seasonally adjusted at annual rates,NA,NA,39096,TaxesLessSubsidies,NA
2002-04-01,Canada,Seasonally adjusted at annual rates,NA,NA,40004,TaxesLessSubsidies,NA
2002-07-01,Canada,Seasonally adjusted at annual rates,NA,NA,40412,TaxesLessSubsidies,NA
2002-10-01,Canada,Seasonally adjusted at annual rates,NA,NA,41112,TaxesLessSubsidies,NA
2003-01-01,Canada,Seasonally adjusted at annual rates,NA,NA,40760,TaxesLessSubsidies,NA
2003-04-01,Canada,Seasonally adjusted at annual rates,NA,NA,40412,TaxesLessSubsidies,NA
2003-07-01,Canada,Seasonally adjusted at annual rates,NA,NA,40700,TaxesLessSubsidies,NA
2003-10-01,Canada,Seasonally adjusted at annual rates,NA,NA,40664,TaxesLessSubsidies,NA
2004-01-01,Canada,Seasonally adjusted at annual rates,NA,NA,40040,TaxesLessSubsidies,NA
2004-04-01,Canada,Seasonally adjusted at annual rates,NA,NA,41256,TaxesLessSubsidies,NA
2004-07-01,Canada,Seasonally adjusted at annual rates,NA,NA,41756,TaxesLessSubsidies,NA
2004-10-01,Canada,Seasonally adjusted at annual rates,NA,NA,41888,TaxesLessSubsidies,NA
2005-01-01,Canada,Seasonally adjusted at annual rates,NA,NA,42196,TaxesLessSubsidies,NA
2005-04-01,Canada,Seasonally adjusted at annual rates,NA,NA,43356,TaxesLessSubsidies,NA
2005-07-01,Canada,Seasonally adjusted at annual rates,NA,NA,43632,TaxesLessSubsidies,NA
2005-10-01,Canada,Seasonally adjusted at annual rates,NA,NA,44212,TaxesLessSubsidies,NA
2006-01-01,Canada,Seasonally adjusted at annual rates,NA,NA,45568,TaxesLessSubsidies,NA
2006-04-01,Canada,Seasonally adjusted at annual rates,NA,NA,45992,TaxesLessSubsidies,NA
2006-07-01,Canada,Seasonally adjusted at annual rates,NA,NA,41624,TaxesLessSubsidies,NA
2006-10-01,Canada,Seasonally adjusted at annual rates,NA,NA,41548,TaxesLessSubsidies,NA
2007-01-01,Canada,Seasonally adjusted at annual rates,NA,NA,42844,TaxesLessSubsidies,NA
2007-04-01,Canada,Seasonally adjusted at annual rates,NA,NA,44188,TaxesLessSubsidies,NA
2007-07-01,Canada,Seasonally adjusted at annual rates,NA,NA,44788,TaxesLessSubsidies,NA
2007-10-01,Canada,Seasonally adjusted at annual rates,NA,NA,44936,TaxesLessSubsidies,NA
2008-01-01,Canada,Seasonally adjusted at annual rates,NA,NA,41172,TaxesLessSubsidies,NA
2008-04-01,Canada,Seasonally adjusted at annual rates,NA,NA,41248,TaxesLessSubsidies,NA
2008-07-01,Canada,Seasonally adjusted at annual rates,NA,NA,41196,TaxesLessSubsidies,NA
2008-10-01,Canada,Seasonally adjusted at annual rates,NA,NA,40164,TaxesLessSubsidies,NA
2009-01-01,Canada,Seasonally adjusted at annual rates,NA,NA,41644,TaxesLessSubsidies,NA
2009-04-01,Canada,Seasonally adjusted at annual rates,NA,NA,40460,TaxesLessSubsidies,NA
2009-07-01,Canada,Seasonally adjusted at annual rates,NA,NA,41516,TaxesLessSubsidies,NA
2009-10-01,Canada,Seasonally adjusted at annual rates,NA,NA,41768,TaxesLessSubsidies,NA
2010-01-01,Canada,Seasonally adjusted at annual rates,NA,NA,42636,TaxesLessSubsidies,NA
2010-04-01,Canada,Seasonally adjusted at annual rates,NA,NA,42896,TaxesLessSubsidies,NA
2010-07-01,Canada,Seasonally adjusted at annual rates,NA,NA,42496,TaxesLessSubsidies,NA
2010-10-01,Canada,Seasonally adjusted at annual rates,NA,NA,42552,TaxesLessSubsidies,NA
2011-01-01,Canada,Seasonally adjusted at annual rates,NA,NA,43084,TaxesLessSubsidies,NA
2011-04-01,Canada,Seasonally adjusted at annual rates,NA,NA,42816,TaxesLessSubsidies,NA
2011-07-01,Canada,Seasonally adjusted at annual rates,NA,NA,43152,TaxesLessSubsidies,NA
2011-10-01,Canada,Seasonally adjusted at annual rates,NA,NA,43420,TaxesLessSubsidies,NA
2012-01-01,Canada,Seasonally adjusted at annual rates,NA,NA,44148,TaxesLessSubsidies,NA
2012-04-01,Canada,Seasonally adjusted at annual rates,NA,NA,44672,TaxesLessSubsidies,NA
2012-07-01,Canada,Seasonally adjusted at annual rates,NA,NA,44596,TaxesLessSubsidies,NA
2012-10-01,Canada,Seasonally adjusted at annual rates,NA,NA,45476,TaxesLessSubsidies,NA
2013-01-01,Canada,Seasonally adjusted at annual rates,NA,NA,44856,TaxesLessSubsidies,NA
2013-04-01,Canada,Seasonally adjusted at annual rates,NA,NA,46364,TaxesLessSubsidies,NA
2013-07-01,Canada,Seasonally adjusted at annual rates,NA,NA,46728,TaxesLessSubsidies,NA
2013-10-01,Canada,Seasonally adjusted at annual rates,NA,NA,47572,TaxesLessSubsidies,NA
2014-01-01,Canada,Seasonally adjusted at annual rates,NA,NA,48060,TaxesLessSubsidies,NA
2014-04-01,Canada,Seasonally adjusted at annual rates,NA,NA,49348,TaxesLessSubsidies,NA
2014-07-01,Canada,Seasonally adjusted at annual rates,NA,NA,49556,TaxesLessSubsidies,NA
2014-10-01,Canada,Seasonally adjusted at annual rates,NA,NA,49716,TaxesLessSubsidies,NA
2015-01-01,Canada,Seasonally adjusted at annual rates,NA,NA,50560,TaxesLessSubsidies,NA
2015-04-01,Canada,Seasonally adjusted at annual rates,NA,NA,51456,TaxesLessSubsidies,NA
2015-07-01,Canada,Seasonally adjusted at annual rates,NA,NA,52044,TaxesLessSubsidies,NA
2015-10-01,Canada,Seasonally adjusted at annual rates,NA,NA,52004,TaxesLessSubsidies,NA
2016-01-01,Canada,Seasonally adjusted at annual rates,NA,NA,52496,TaxesLessSubsidies,NA
2016-04-01,Canada,Seasonally adjusted at annual rates,NA,NA,52312,TaxesLessSubsidies,NA
2016-07-01,Canada,Seasonally adjusted at annual rates,NA,NA,53284,TaxesLessSubsidies,NA
2016-10-01,Canada,Seasonally adjusted at annual rates,NA,NA,54016,TaxesLessSubsidies,NA
2017-01-01,Canada,Seasonally adjusted at annual rates,NA,NA,56068,TaxesLessSubsidies,NA
2017-04-01,Canada,Seasonally adjusted at annual rates,NA,NA,56744,TaxesLessSubsidies,NA
2017-07-01,Canada,Seasonally adjusted at annual rates,NA,NA,56804,TaxesLessSubsidies,NA
2017-10-01,Canada,Seasonally adjusted at annual rates,NA,NA,57512,TaxesLessSubsidies,NA
2018-01-01,Canada,Seasonally adjusted at annual rates,NA,NA,57644,TaxesLessSubsidies,NA
2018-04-01,Canada,Seasonally adjusted at annual rates,NA,NA,58664,TaxesLessSubsidies,NA
2018-07-01,Canada,Seasonally adjusted at annual rates,NA,NA,61356,TaxesLessSubsidies,NA
2018-10-01,Canada,Seasonally adjusted at annual rates,NA,NA,61004,TaxesLessSubsidies,NA
2019-01-01,Canada,Seasonally adjusted at annual rates,NA,NA,59888,TaxesLessSubsidies,NA
2019-04-01,Canada,Seasonally adjusted at annual rates,NA,NA,61412,TaxesLessSubsidies,NA
2019-07-01,Canada,Seasonally adjusted at annual rates,NA,NA,60392,TaxesLessSubsidies,NA
2019-10-01,Canada,Seasonally adjusted at annual rates,NA,NA,59208,TaxesLessSubsidies,NA
2020-01-01,Canada,Seasonally adjusted at annual rates,NA,NA,40468,TaxesLessSubsidies,NA
2020-04-01,Canada,Seasonally adjusted at annual rates,NA,NA,-74008,TaxesLessSubsidies,NA
2020-07-01,Canada,Seasonally adjusted at annual rates,NA,NA,-33692,TaxesLessSubsidies,NA
2020-10-01,Canada,Seasonally adjusted at annual rates,NA,NA,4568,TaxesLessSubsidies,NA
2021-01-01,Canada,Seasonally adjusted at annual rates,NA,NA,11768,TaxesLessSubsidies,NA
2021-04-01,Canada,Seasonally adjusted at annual rates,NA,NA,13468,TaxesLessSubsidies,NA
2021-07-01,Canada,Seasonally adjusted at annual rates,NA,NA,42076,TaxesLessSubsidies,NA
2021-10-01,Canada,Seasonally adjusted at annual rates,NA,NA,63292,TaxesLessSubsidies,NA
2022-01-01,Canada,Seasonally adjusted at annual rates,NA,NA,68056,TaxesLessSubsidies,NA
2022-04-01,Canada,Seasonally adjusted at annual rates,NA,NA,77600,TaxesLessSubsidies,NA
2022-07-01,Canada,Seasonally adjusted at annual rates,NA,NA,75888,TaxesLessSubsidies,NA
2022-10-01,Canada,Seasonally adjusted at annual rates,NA,NA,78180,TaxesLessSubsidies,NA
2023-01-01,Canada,Seasonally adjusted at annual rates,NA,NA,82112,TaxesLessSubsidies,NA
2023-04-01,Canada,Seasonally adjusted at annual rates,NA,NA,81692,TaxesLessSubsidies,NA
2023-07-01,Canada,Seasonally adjusted at annual rates,NA,NA,81376,TaxesLessSubsidies,NA
2023-10-01,Canada,Seasonally adjusted at annual rates,NA,NA,80720,TaxesLessSubsidies,NA
2024-01-01,Canada,Seasonally adjusted at annual rates,NA,NA,86620,TaxesLessSubsidies,NA
2024-04-01,Canada,Seasonally adjusted at annual rates,NA,NA,84860,TaxesLessSubsidies,NA
2024-07-01,Canada,Seasonally adjusted at annual rates,NA,NA,84116,TaxesLessSubsidies,NA
2024-10-01,Canada,Seasonally adjusted at annual rates,NA,NA,74460,TaxesLessSubsidies,NA
2025-01-01,Canada,Seasonally adjusted at annual rates,NA,NA,91148,TaxesLessSubsidies,NA
2025-04-01,Canada,Seasonally adjusted at annual rates,NA,NA,84116,TaxesLessSubsidies,NA
2025-07-01,Canada,Seasonally adjusted at annual rates,NA,NA,81768,TaxesLessSubsidies,NA
2025-10-01,Canada,Seasonally adjusted at annual rates,NA,NA,76256,TaxesLessSubsidies,NA
1961-01-01,Canada,Seasonally adjusted at annual rates,Chained (2017) dollars,NA,32616,ConsGov,NA
1961-04-01,Canada,Seasonally adjusted at annual rates,Chained (2017) dollars,NA,31969,ConsGov,NA
1961-07-01,Canada,Seasonally adjusted at annual rates,Chained (2017) dollars,NA,32948,ConsGov,NA
1961-10-01,Canada,Seasonally adjusted at annual rates,Chained (2017) dollars,NA,32426,ConsGov,NA
1962-01-01,Canada,Seasonally adjusted at annual rates,Chained (2017) dollars,NA,33269,ConsGov,NA
1962-04-01,Canada,Seasonally adjusted at annual rates,Chained (2017) dollars,NA,35124,ConsGov,NA
1962-07-01,Canada,Seasonally adjusted at annual rates,Chained (2017) dollars,NA,33385,ConsGov,NA
1962-10-01,Canada,Seasonally adjusted at annual rates,Chained (2017) dollars,NA,33286,ConsGov,NA
1963-01-01,Canada,Seasonally adjusted at annual rates,Chained (2017) dollars,NA,32235,ConsGov,NA
1963-04-01,Canada,Seasonally adjusted at annual rates,Chained (2017) dollars,NA,32079,ConsGov,NA
1963-07-01,Canada,Seasonally adjusted at annual rates,Chained (2017) dollars,NA,32866,ConsGov,NA
1963-10-01,Canada,Seasonally adjusted at annual rates,Chained (2017) dollars,NA,32479,ConsGov,NA
1964-01-01,Canada,Seasonally adjusted at annual rates,Chained (2017) dollars,NA,36507,ConsGov,NA
1964-04-01,Canada,Seasonally adjusted at annual rates,Chained (2017) dollars,NA,32191,ConsGov,NA
1964-07-01,Canada,Seasonally adjusted at annual rates,Chained (2017) dollars,NA,32095,ConsGov,NA
1964-10-01,Canada,Seasonally adjusted at annual rates,Chained (2017) dollars,NA,33032,ConsGov,NA
1965-01-01,Canada,Seasonally adjusted at annual rates,Chained (2017) dollars,NA,33730,ConsGov,NA
1965-04-01,Canada,Seasonally adjusted at annual rates,Chained (2017) dollars,NA,31815,ConsGov,NA
1965-07-01,Canada,Seasonally adjusted at annual rates,Chained (2017) dollars,NA,33286,ConsGov,NA
1965-10-01,Canada,Seasonally adjusted at annual rates,Chained (2017) dollars,NA,32473,ConsGov,NA
1966-01-01,Canada,Seasonally adjusted at annual rates,Chained (2017) dollars,NA,32797,ConsGov,NA
1966-04-01,Canada,Seasonally adjusted at annual rates,Chained (2017) dollars,NA,35125,ConsGov,NA
1966-07-01,Canada,Seasonally adjusted at annual rates,Chained (2017) dollars,NA,34656,ConsGov,NA
1966-10-01,Canada,Seasonally adjusted at annual rates,Chained (2017) dollars,NA,37034,ConsGov,NA
1967-01-01,Canada,Seasonally adjusted at annual rates,Chained (2017) dollars,NA,34044,ConsGov,NA
1967-04-01,Canada,Seasonally adjusted at annual rates,Chained (2017) dollars,NA,35820,ConsGov,NA
1967-07-01,Canada,Seasonally adjusted at annual rates,Chained (2017) dollars,NA,36948,ConsGov,NA
1967-10-01,Canada,Seasonally adjusted at annual rates,Chained (2017) dollars,NA,36658,ConsGov,NA
1968-01-01,Canada,Seasonally adjusted at annual rates,Chained (2017) dollars,NA,35725,ConsGov,NA
1968-04-01,Canada,Seasonally adjusted at annual rates,Chained (2017) dollars,NA,36556,ConsGov,NA
1968-07-01,Canada,Seasonally adjusted at annual rates,Chained (2017) dollars,NA,36543,ConsGov,NA
1968-10-01,Canada,Seasonally adjusted at annual rates,Chained (2017) dollars,NA,39117,ConsGov,NA
1969-01-01,Canada,Seasonally adjusted at annual rates,Chained (2017) dollars,NA,38379,ConsGov,NA
1969-04-01,Canada,Seasonally adjusted at annual rates,Chained (2017) dollars,NA,37182,ConsGov,NA
1969-07-01,Canada,Seasonally adjusted at annual rates,Chained (2017) dollars,NA,38402,ConsGov,NA
1969-10-01,Canada,Seasonally adjusted at annual rates,Chained (2017) dollars,NA,35581,ConsGov,NA
1970-01-01,Canada,Seasonally adjusted at annual rates,Chained (2017) dollars,NA,37006,ConsGov,NA
1970-04-01,Canada,Seasonally adjusted at annual rates,Chained (2017) dollars,NA,42077,ConsGov,NA
1970-07-01,Canada,Seasonally adjusted at annual rates,Chained (2017) dollars,NA,35878,ConsGov,NA
1970-10-01,Canada,Seasonally adjusted at annual rates,Chained (2017) dollars,NA,36675,ConsGov,NA
1971-01-01,Canada,Seasonally adjusted at annual rates,Chained (2017) dollars,NA,37670,ConsGov,NA
1971-04-01,Canada,Seasonally adjusted at annual rates,Chained (2017) dollars,NA,38378,ConsGov,NA
1971-07-01,Canada,Seasonally adjusted at annual rates,Chained (2017) dollars,NA,40141,ConsGov,NA
1971-10-01,Canada,Seasonally adjusted at annual rates,Chained (2017) dollars,NA,41670,ConsGov,NA
1972-01-01,Canada,Seasonally adjusted at annual rates,Chained (2017) dollars,NA,38624,ConsGov,NA
1972-04-01,Canada,Seasonally adjusted at annual rates,Chained (2017) dollars,NA,40456,ConsGov,NA
1972-07-01,Canada,Seasonally adjusted at annual rates,Chained (2017) dollars,NA,41839,ConsGov,NA
1972-10-01,Canada,Seasonally adjusted at annual rates,Chained (2017) dollars,NA,43013,ConsGov,NA
1973-01-01,Canada,Seasonally adjusted at annual rates,Chained (2017) dollars,NA,42176,ConsGov,NA
1973-04-01,Canada,Seasonally adjusted at annual rates,Chained (2017) dollars,NA,42000,ConsGov,NA
1973-07-01,Canada,Seasonally adjusted at annual rates,Chained (2017) dollars,NA,41950,ConsGov,NA
1973-10-01,Canada,Seasonally adjusted at annual rates,Chained (2017) dollars,NA,45457,ConsGov,NA
1974-01-01,Canada,Seasonally adjusted at annual rates,Chained (2017) dollars,NA,45030,ConsGov,NA
1974-04-01,Canada,Seasonally adjusted at annual rates,Chained (2017) dollars,NA,44336,ConsGov,NA
1974-07-01,Canada,Seasonally adjusted at annual rates,Chained (2017) dollars,NA,46502,ConsGov,NA
1974-10-01,Canada,Seasonally adjusted at annual rates,Chained (2017) dollars,NA,45890,ConsGov,NA
1975-01-01,Canada,Seasonally adjusted at annual rates,Chained (2017) dollars,NA,44461,ConsGov,NA
1975-04-01,Canada,Seasonally adjusted at annual rates,Chained (2017) dollars,NA,46373,ConsGov,NA
1975-07-01,Canada,Seasonally adjusted at annual rates,Chained (2017) dollars,NA,48444,ConsGov,NA
1975-10-01,Canada,Seasonally adjusted at annual rates,Chained (2017) dollars,NA,48199,ConsGov,NA
1976-01-01,Canada,Seasonally adjusted at annual rates,Chained (2017) dollars,NA,49162,ConsGov,NA
1976-04-01,Canada,Seasonally adjusted at annual rates,Chained (2017) dollars,NA,51097,ConsGov,NA
1976-07-01,Canada,Seasonally adjusted at annual rates,Chained (2017) dollars,NA,47379,ConsGov,NA
1976-10-01,Canada,Seasonally adjusted at annual rates,Chained (2017) dollars,NA,49658,ConsGov,NA
1977-01-01,Canada,Seasonally adjusted at annual rates,Chained (2017) dollars,NA,52212,ConsGov,NA
1977-04-01,Canada,Seasonally adjusted at annual rates,Chained (2017) dollars,NA,53124,ConsGov,NA
1977-07-01,Canada,Seasonally adjusted at annual rates,Chained (2017) dollars,NA,52010,ConsGov,NA
1977-10-01,Canada,Seasonally adjusted at annual rates,Chained (2017) dollars,NA,51773,ConsGov,NA
1978-01-01,Canada,Seasonally adjusted at annual rates,Chained (2017) dollars,NA,52695,ConsGov,NA
1978-04-01,Canada,Seasonally adjusted at annual rates,Chained (2017) dollars,NA,53572,ConsGov,NA
1978-07-01,Canada,Seasonally adjusted at annual rates,Chained (2017) dollars,NA,53443,ConsGov,NA
1978-10-01,Canada,Seasonally adjusted at annual rates,Chained (2017) dollars,NA,52715,ConsGov,NA
1979-01-01,Canada,Seasonally adjusted at annual rates,Chained (2017) dollars,NA,51141,ConsGov,NA
1979-04-01,Canada,Seasonally adjusted at annual rates,Chained (2017) dollars,NA,54922,ConsGov,NA
1979-07-01,Canada,Seasonally adjusted at annual rates,Chained (2017) dollars,NA,51207,ConsGov,NA
1979-10-01,Canada,Seasonally adjusted at annual rates,Chained (2017) dollars,NA,49702,ConsGov,NA
1980-01-01,Canada,Seasonally adjusted at annual rates,Chained (2017) dollars,NA,51240,ConsGov,NA
1980-04-01,Canada,Seasonally adjusted at annual rates,Chained (2017) dollars,NA,50354,ConsGov,NA
1980-07-01,Canada,Seasonally adjusted at annual rates,Chained (2017) dollars,NA,51734,ConsGov,NA
1980-10-01,Canada,Seasonally adjusted at annual rates,Chained (2017) dollars,NA,50678,ConsGov,NA
1981-01-01,Canada,Seasonally adjusted at annual rates,Chained (2017) dollars,NA,54019,ConsGov,NA
1981-04-01,Canada,Seasonally adjusted at annual rates,Chained (2017) dollars,NA,51379,ConsGov,NA
1981-07-01,Canada,Seasonally adjusted at annual rates,Chained (2017) dollars,NA,55440,ConsGov,NA
1981-10-01,Canada,Seasonally adjusted at annual rates,Chained (2017) dollars,NA,57799,ConsGov,NA
1982-01-01,Canada,Seasonally adjusted at annual rates,Chained (2017) dollars,NA,53791,ConsGov,NA
1982-04-01,Canada,Seasonally adjusted at annual rates,Chained (2017) dollars,NA,56450,ConsGov,NA
1982-07-01,Canada,Seasonally adjusted at annual rates,Chained (2017) dollars,NA,56103,ConsGov,NA
1982-10-01,Canada,Seasonally adjusted at annual rates,Chained (2017) dollars,NA,54641,ConsGov,NA
1983-01-01,Canada,Seasonally adjusted at annual rates,Chained (2017) dollars,NA,52067,ConsGov,NA
1983-04-01,Canada,Seasonally adjusted at annual rates,Chained (2017) dollars,NA,53689,ConsGov,NA
1983-07-01,Canada,Seasonally adjusted at annual rates,Chained (2017) dollars,NA,53172,ConsGov,NA
1983-10-01,Canada,Seasonally adjusted at annual rates,Chained (2017) dollars,NA,53609,ConsGov,NA
1984-01-01,Canada,Seasonally adjusted at annual rates,Chained (2017) dollars,NA,54990,ConsGov,NA
1984-04-01,Canada,Seasonally adjusted at annual rates,Chained (2017) dollars,NA,54337,ConsGov,NA
1984-07-01,Canada,Seasonally adjusted at annual rates,Chained (2017) dollars,NA,54674,ConsGov,NA
1984-10-01,Canada,Seasonally adjusted at annual rates,Chained (2017) dollars,NA,56201,ConsGov,NA
1985-01-01,Canada,Seasonally adjusted at annual rates,Chained (2017) dollars,NA,58544,ConsGov,NA
1985-04-01,Canada,Seasonally adjusted at annual rates,Chained (2017) dollars,NA,59741,ConsGov,NA
1985-07-01,Canada,Seasonally adjusted at annual rates,Chained (2017) dollars,NA,57350,ConsGov,NA
1985-10-01,Canada,Seasonally adjusted at annual rates,Chained (2017) dollars,NA,60599,ConsGov,NA
1986-01-01,Canada,Seasonally adjusted at annual rates,Chained (2017) dollars,NA,58219,ConsGov,NA
1986-04-01,Canada,Seasonally adjusted at annual rates,Chained (2017) dollars,NA,57932,ConsGov,NA
1986-07-01,Canada,Seasonally adjusted at annual rates,Chained (2017) dollars,NA,59119,ConsGov,NA
1986-10-01,Canada,Seasonally adjusted at annual rates,Chained (2017) dollars,NA,55798,ConsGov,NA
1987-01-01,Canada,Seasonally adjusted at annual rates,Chained (2017) dollars,NA,58252,ConsGov,NA
1987-04-01,Canada,Seasonally adjusted at annual rates,Chained (2017) dollars,NA,58380,ConsGov,NA
1987-07-01,Canada,Seasonally adjusted at annual rates,Chained (2017) dollars,NA,56973,ConsGov,NA
1987-10-01,Canada,Seasonally adjusted at annual rates,Chained (2017) dollars,NA,57753,ConsGov,NA
1988-01-01,Canada,Seasonally adjusted at annual rates,Chained (2017) dollars,NA,58272,ConsGov,NA
1988-04-01,Canada,Seasonally adjusted at annual rates,Chained (2017) dollars,NA,59186,ConsGov,NA
1988-07-01,Canada,Seasonally adjusted at annual rates,Chained (2017) dollars,NA,60720,ConsGov,NA
1988-10-01,Canada,Seasonally adjusted at annual rates,Chained (2017) dollars,NA,58876,ConsGov,NA
1989-01-01,Canada,Seasonally adjusted at annual rates,Chained (2017) dollars,NA,57971,ConsGov,NA
1989-04-01,Canada,Seasonally adjusted at annual rates,Chained (2017) dollars,NA,58570,ConsGov,NA
1989-07-01,Canada,Seasonally adjusted at annual rates,Chained (2017) dollars,NA,60409,ConsGov,NA
1989-10-01,Canada,Seasonally adjusted at annual rates,Chained (2017) dollars,NA,59093,ConsGov,NA
1990-01-01,Canada,Seasonally adjusted at annual rates,Chained (2017) dollars,NA,61991,ConsGov,NA
1990-04-01,Canada,Seasonally adjusted at annual rates,Chained (2017) dollars,NA,57598,ConsGov,NA
1990-07-01,Canada,Seasonally adjusted at annual rates,Chained (2017) dollars,NA,60927,ConsGov,NA
1990-10-01,Canada,Seasonally adjusted at annual rates,Chained (2017) dollars,NA,61852,ConsGov,NA
1991-01-01,Canada,Seasonally adjusted at annual rates,Chained (2017) dollars,NA,58029,ConsGov,NA
1991-04-01,Canada,Seasonally adjusted at annual rates,Chained (2017) dollars,NA,61261,ConsGov,NA
1991-07-01,Canada,Seasonally adjusted at annual rates,Chained (2017) dollars,NA,60741,ConsGov,NA
1991-10-01,Canada,Seasonally adjusted at annual rates,Chained (2017) dollars,NA,60862,ConsGov,NA
1992-01-01,Canada,Seasonally adjusted at annual rates,Chained (2017) dollars,NA,61086,ConsGov,NA
1992-04-01,Canada,Seasonally adjusted at annual rates,Chained (2017) dollars,NA,61437,ConsGov,NA
1992-07-01,Canada,Seasonally adjusted at annual rates,Chained (2017) dollars,NA,59619,ConsGov,NA
1992-10-01,Canada,Seasonally adjusted at annual rates,Chained (2017) dollars,NA,60934,ConsGov,NA
1993-01-01,Canada,Seasonally adjusted at annual rates,Chained (2017) dollars,NA,62086,ConsGov,NA
1993-04-01,Canada,Seasonally adjusted at annual rates,Chained (2017) dollars,NA,63880,ConsGov,NA
1993-07-01,Canada,Seasonally adjusted at annual rates,Chained (2017) dollars,NA,61602,ConsGov,NA
1993-10-01,Canada,Seasonally adjusted at annual rates,Chained (2017) dollars,NA,62755,ConsGov,NA
1994-01-01,Canada,Seasonally adjusted at annual rates,Chained (2017) dollars,NA,60861,ConsGov,NA
1994-04-01,Canada,Seasonally adjusted at annual rates,Chained (2017) dollars,NA,61798,ConsGov,NA
1994-07-01,Canada,Seasonally adjusted at annual rates,Chained (2017) dollars,NA,61664,ConsGov,NA
1994-10-01,Canada,Seasonally adjusted at annual rates,Chained (2017) dollars,NA,59952,ConsGov,NA
1995-01-01,Canada,Seasonally adjusted at annual rates,Chained (2017) dollars,NA,59619,ConsGov,NA
1995-04-01,Canada,Seasonally adjusted at annual rates,Chained (2017) dollars,NA,60282,ConsGov,NA
1995-07-01,Canada,Seasonally adjusted at annual rates,Chained (2017) dollars,NA,56925,ConsGov,NA
1995-10-01,Canada,Seasonally adjusted at annual rates,Chained (2017) dollars,NA,55511,ConsGov,NA
1996-01-01,Canada,Seasonally adjusted at annual rates,Chained (2017) dollars,NA,55517,ConsGov,NA
1996-04-01,Canada,Seasonally adjusted at annual rates,Chained (2017) dollars,NA,57130,ConsGov,NA
1996-07-01,Canada,Seasonally adjusted at annual rates,Chained (2017) dollars,NA,55176,ConsGov,NA
1996-10-01,Canada,Seasonally adjusted at annual rates,Chained (2017) dollars,NA,53423,ConsGov,NA
1997-01-01,Canada,Seasonally adjusted at annual rates,Chained (2017) dollars,NA,53968,ConsGov,NA
1997-04-01,Canada,Seasonally adjusted at annual rates,Chained (2017) dollars,NA,51517,ConsGov,NA
1997-07-01,Canada,Seasonally adjusted at annual rates,Chained (2017) dollars,NA,51722,ConsGov,NA
1997-10-01,Canada,Seasonally adjusted at annual rates,Chained (2017) dollars,NA,52524,ConsGov,NA
1998-01-01,Canada,Seasonally adjusted at annual rates,Chained (2017) dollars,NA,53592,ConsGov,NA
1998-04-01,Canada,Seasonally adjusted at annual rates,Chained (2017) dollars,NA,52529,ConsGov,NA
1998-07-01,Canada,Seasonally adjusted at annual rates,Chained (2017) dollars,NA,52889,ConsGov,NA
1998-10-01,Canada,Seasonally adjusted at annual rates,Chained (2017) dollars,NA,54737,ConsGov,NA
1999-01-01,Canada,Seasonally adjusted at annual rates,Chained (2017) dollars,NA,53726,ConsGov,NA
1999-04-01,Canada,Seasonally adjusted at annual rates,Chained (2017) dollars,NA,55243,ConsGov,NA
1999-07-01,Canada,Seasonally adjusted at annual rates,Chained (2017) dollars,NA,56082,ConsGov,NA
1999-10-01,Canada,Seasonally adjusted at annual rates,Chained (2017) dollars,NA,56148,ConsGov,NA
2000-01-01,Canada,Seasonally adjusted at annual rates,Chained (2017) dollars,NA,54919,ConsGov,NA
2000-04-01,Canada,Seasonally adjusted at annual rates,Chained (2017) dollars,NA,55771,ConsGov,NA
2000-07-01,Canada,Seasonally adjusted at annual rates,Chained (2017) dollars,NA,55861,ConsGov,NA
2000-10-01,Canada,Seasonally adjusted at annual rates,Chained (2017) dollars,NA,56279,ConsGov,NA
2001-01-01,Canada,Seasonally adjusted at annual rates,Chained (2017) dollars,NA,55973,ConsGov,NA
2001-04-01,Canada,Seasonally adjusted at annual rates,Chained (2017) dollars,NA,60612,ConsGov,NA
2001-07-01,Canada,Seasonally adjusted at annual rates,Chained (2017) dollars,NA,60257,ConsGov,NA
2001-10-01,Canada,Seasonally adjusted at annual rates,Chained (2017) dollars,NA,59325,ConsGov,NA
2002-01-01,Canada,Seasonally adjusted at annual rates,Chained (2017) dollars,NA,61538,ConsGov,NA
2002-04-01,Canada,Seasonally adjusted at annual rates,Chained (2017) dollars,NA,60659,ConsGov,NA
2002-07-01,Canada,Seasonally adjusted at annual rates,Chained (2017) dollars,NA,62189,ConsGov,NA
2002-10-01,Canada,Seasonally adjusted at annual rates,Chained (2017) dollars,NA,61811,ConsGov,NA
2003-01-01,Canada,Seasonally adjusted at annual rates,Chained (2017) dollars,NA,61910,ConsGov,NA
2003-04-01,Canada,Seasonally adjusted at annual rates,Chained (2017) dollars,NA,61679,ConsGov,NA
2003-07-01,Canada,Seasonally adjusted at annual rates,Chained (2017) dollars,NA,62428,ConsGov,NA
2003-10-01,Canada,Seasonally adjusted at annual rates,Chained (2017) dollars,NA,62793,ConsGov,NA
2004-01-01,Canada,Seasonally adjusted at annual rates,Chained (2017) dollars,NA,63938,ConsGov,NA
2004-04-01,Canada,Seasonally adjusted at annual rates,Chained (2017) dollars,NA,61815,ConsGov,NA
2004-07-01,Canada,Seasonally adjusted at annual rates,Chained (2017) dollars,NA,61830,ConsGov,NA
2004-10-01,Canada,Seasonally adjusted at annual rates,Chained (2017) dollars,NA,63453,ConsGov,NA
2005-01-01,Canada,Seasonally adjusted at annual rates,Chained (2017) dollars,NA,62248,ConsGov,NA
2005-04-01,Canada,Seasonally adjusted at annual rates,Chained (2017) dollars,NA,60530,ConsGov,NA
2005-07-01,Canada,Seasonally adjusted at annual rates,Chained (2017) dollars,NA,61459,ConsGov,NA
2005-10-01,Canada,Seasonally adjusted at annual rates,Chained (2017) dollars,NA,62403,ConsGov,NA
2006-01-01,Canada,Seasonally adjusted at annual rates,Chained (2017) dollars,NA,63273,ConsGov,NA
2006-04-01,Canada,Seasonally adjusted at annual rates,Chained (2017) dollars,NA,64169,ConsGov,NA
2006-07-01,Canada,Seasonally adjusted at annual rates,Chained (2017) dollars,NA,63584,ConsGov,NA
2006-10-01,Canada,Seasonally adjusted at annual rates,Chained (2017) dollars,NA,63055,ConsGov,NA
2007-01-01,Canada,Seasonally adjusted at annual rates,Chained (2017) dollars,NA,65304,ConsGov,NA
2007-04-01,Canada,Seasonally adjusted at annual rates,Chained (2017) dollars,NA,62764,ConsGov,NA
2007-07-01,Canada,Seasonally adjusted at annual rates,Chained (2017) dollars,NA,64053,ConsGov,NA
2007-10-01,Canada,Seasonally adjusted at annual rates,Chained (2017) dollars,NA,62173,ConsGov,NA
2008-01-01,Canada,Seasonally adjusted at annual rates,Chained (2017) dollars,NA,65285,ConsGov,NA
2008-04-01,Canada,Seasonally adjusted at annual rates,Chained (2017) dollars,NA,66786,ConsGov,NA
2008-07-01,Canada,Seasonally adjusted at annual rates,Chained (2017) dollars,NA,63620,ConsGov,NA
2008-10-01,Canada,Seasonally adjusted at annual rates,Chained (2017) dollars,NA,66134,ConsGov,NA
2009-01-01,Canada,Seasonally adjusted at annual rates,Chained (2017) dollars,NA,64812,ConsGov,NA
2009-04-01,Canada,Seasonally adjusted at annual rates,Chained (2017) dollars,NA,66076,ConsGov,NA
2009-07-01,Canada,Seasonally adjusted at annual rates,Chained (2017) dollars,NA,66526,ConsGov,NA
2009-10-01,Canada,Seasonally adjusted at annual rates,Chained (2017) dollars,NA,67497,ConsGov,NA
2010-01-01,Canada,Seasonally adjusted at annual rates,Chained (2017) dollars,NA,68828,ConsGov,NA
2010-04-01,Canada,Seasonally adjusted at annual rates,Chained (2017) dollars,NA,68247,ConsGov,NA
2010-07-01,Canada,Seasonally adjusted at annual rates,Chained (2017) dollars,NA,69764,ConsGov,NA
2010-10-01,Canada,Seasonally adjusted at annual rates,Chained (2017) dollars,NA,68892,ConsGov,NA
2011-01-01,Canada,Seasonally adjusted at annual rates,Chained (2017) dollars,NA,68245,ConsGov,NA
2011-04-01,Canada,Seasonally adjusted at annual rates,Chained (2017) dollars,NA,69677,ConsGov,NA
2011-07-01,Canada,Seasonally adjusted at annual rates,Chained (2017) dollars,NA,69520,ConsGov,NA
2011-10-01,Canada,Seasonally adjusted at annual rates,Chained (2017) dollars,NA,70027,ConsGov,NA
2012-01-01,Canada,Seasonally adjusted at annual rates,Chained (2017) dollars,NA,67629,ConsGov,NA
2012-04-01,Canada,Seasonally adjusted at annual rates,Chained (2017) dollars,NA,66815,ConsGov,NA
2012-07-01,Canada,Seasonally adjusted at annual rates,Chained (2017) dollars,NA,66914,ConsGov,NA
2012-10-01,Canada,Seasonally adjusted at annual rates,Chained (2017) dollars,NA,66155,ConsGov,NA
2013-01-01,Canada,Seasonally adjusted at annual rates,Chained (2017) dollars,NA,63623,ConsGov,NA
2013-04-01,Canada,Seasonally adjusted at annual rates,Chained (2017) dollars,NA,62673,ConsGov,NA
2013-07-01,Canada,Seasonally adjusted at annual rates,Chained (2017) dollars,NA,62795,ConsGov,NA
2013-10-01,Canada,Seasonally adjusted at annual rates,Chained (2017) dollars,NA,62451,ConsGov,NA
2014-01-01,Canada,Seasonally adjusted at annual rates,Chained (2017) dollars,NA,63884,ConsGov,NA
2014-04-01,Canada,Seasonally adjusted at annual rates,Chained (2017) dollars,NA,62617,ConsGov,NA
2014-07-01,Canada,Seasonally adjusted at annual rates,Chained (2017) dollars,NA,62581,ConsGov,NA
2014-10-01,Canada,Seasonally adjusted at annual rates,Chained (2017) dollars,NA,61372,ConsGov,NA
2015-01-01,Canada,Seasonally adjusted at annual rates,Chained (2017) dollars,NA,61312,ConsGov,NA
2015-04-01,Canada,Seasonally adjusted at annual rates,Chained (2017) dollars,NA,62164,ConsGov,NA
2015-07-01,Canada,Seasonally adjusted at annual rates,Chained (2017) dollars,NA,63226,ConsGov,NA
2015-10-01,Canada,Seasonally adjusted at annual rates,Chained (2017) dollars,NA,63396,ConsGov,NA
2016-01-01,Canada,Seasonally adjusted at annual rates,Chained (2017) dollars,NA,63361,ConsGov,NA
2016-04-01,Canada,Seasonally adjusted at annual rates,Chained (2017) dollars,NA,66359,ConsGov,NA
2016-07-01,Canada,Seasonally adjusted at annual rates,Chained (2017) dollars,NA,65002,ConsGov,NA
2016-10-01,Canada,Seasonally adjusted at annual rates,Chained (2017) dollars,NA,64909,ConsGov,NA
2017-01-01,Canada,Seasonally adjusted at annual rates,Chained (2017) dollars,NA,67404,ConsGov,NA
2017-04-01,Canada,Seasonally adjusted at annual rates,Chained (2017) dollars,NA,66241,ConsGov,NA
2017-07-01,Canada,Seasonally adjusted at annual rates,Chained (2017) dollars,NA,66827,ConsGov,NA
2017-10-01,Canada,Seasonally adjusted at annual rates,Chained (2017) dollars,NA,67668,ConsGov,NA
2018-01-01,Canada,Seasonally adjusted at annual rates,Chained (2017) dollars,NA,67101,ConsGov,NA
2018-04-01,Canada,Seasonally adjusted at annual rates,Chained (2017) dollars,NA,68396,ConsGov,NA
2018-07-01,Canada,Seasonally adjusted at annual rates,Chained (2017) dollars,NA,69459,ConsGov,NA
2018-10-01,Canada,Seasonally adjusted at annual rates,Chained (2017) dollars,NA,70106,ConsGov,NA
2019-01-01,Canada,Seasonally adjusted at annual rates,Chained (2017) dollars,NA,69803,ConsGov,NA
2019-04-01,Canada,Seasonally adjusted at annual rates,Chained (2017) dollars,NA,70203,ConsGov,NA
2019-07-01,Canada,Seasonally adjusted at annual rates,Chained (2017) dollars,NA,69687,ConsGov,NA
2019-10-01,Canada,Seasonally adjusted at annual rates,Chained (2017) dollars,NA,70827,ConsGov,NA
2020-01-01,Canada,Seasonally adjusted at annual rates,Chained (2017) dollars,NA,68230,ConsGov,NA
2020-04-01,Canada,Seasonally adjusted at annual rates,Chained (2017) dollars,NA,69428,ConsGov,NA
2020-07-01,Canada,Seasonally adjusted at annual rates,Chained (2017) dollars,NA,71653,ConsGov,NA
2020-10-01,Canada,Seasonally adjusted at annual rates,Chained (2017) dollars,NA,72140,ConsGov,NA
2021-01-01,Canada,Seasonally adjusted at annual rates,Chained (2017) dollars,NA,79174,ConsGov,NA
2021-04-01,Canada,Seasonally adjusted at annual rates,Chained (2017) dollars,NA,84813,ConsGov,NA
2021-07-01,Canada,Seasonally adjusted at annual rates,Chained (2017) dollars,NA,82470,ConsGov,NA
2021-10-01,Canada,Seasonally adjusted at annual rates,Chained (2017) dollars,NA,82477,ConsGov,NA
2022-01-01,Canada,Seasonally adjusted at annual rates,Chained (2017) dollars,NA,84501,ConsGov,NA
2022-04-01,Canada,Seasonally adjusted at annual rates,Chained (2017) dollars,NA,82723,ConsGov,NA
2022-07-01,Canada,Seasonally adjusted at annual rates,Chained (2017) dollars,NA,85818,ConsGov,NA
2022-10-01,Canada,Seasonally adjusted at annual rates,Chained (2017) dollars,NA,84915,ConsGov,NA
2023-01-01,Canada,Seasonally adjusted at annual rates,Chained (2017) dollars,NA,77651,ConsGov,NA
2023-04-01,Canada,Seasonally adjusted at annual rates,Chained (2017) dollars,NA,80659,ConsGov,NA
2023-07-01,Canada,Seasonally adjusted at annual rates,Chained (2017) dollars,NA,82979,ConsGov,NA
2023-10-01,Canada,Seasonally adjusted at annual rates,Chained (2017) dollars,NA,84163,ConsGov,NA
2024-01-01,Canada,Seasonally adjusted at annual rates,Chained (2017) dollars,NA,83125,ConsGov,NA
2024-04-01,Canada,Seasonally adjusted at annual rates,Chained (2017) dollars,NA,82304,ConsGov,NA
2024-07-01,Canada,Seasonally adjusted at annual rates,Chained (2017) dollars,NA,83974,ConsGov,NA
2024-10-01,Canada,Seasonally adjusted at annual rates,Chained (2017) dollars,NA,84238,ConsGov,NA
2025-01-01,Canada,Seasonally adjusted at annual rates,Chained (2017) dollars,NA,84830,ConsGov,NA
2025-04-01,Canada,Seasonally adjusted at annual rates,Chained (2017) dollars,NA,86579,ConsGov,NA
2025-07-01,Canada,Seasonally adjusted at annual rates,Chained (2017) dollars,NA,83688,ConsGov,NA
2025-10-01,Canada,Seasonally adjusted at annual rates,Chained (2017) dollars,NA,84498,ConsGov,NA
1961-01-01,Canada,Seasonally adjusted at annual rates,Chained (2017) dollars,NA,193805,ConsHH,NA
1961-04-01,Canada,Seasonally adjusted at annual rates,Chained (2017) dollars,NA,197421,ConsHH,NA
1961-07-01,Canada,Seasonally adjusted at annual rates,Chained (2017) dollars,NA,202241,ConsHH,NA
1961-10-01,Canada,Seasonally adjusted at annual rates,Chained (2017) dollars,NA,203009,ConsHH,NA
1962-01-01,Canada,Seasonally adjusted at annual rates,Chained (2017) dollars,NA,207687,ConsHH,NA
1962-04-01,Canada,Seasonally adjusted at annual rates,Chained (2017) dollars,NA,208873,ConsHH,NA
1962-07-01,Canada,Seasonally adjusted at annual rates,Chained (2017) dollars,NA,207986,ConsHH,NA
1962-10-01,Canada,Seasonally adjusted at annual rates,Chained (2017) dollars,NA,211777,ConsHH,NA
1963-01-01,Canada,Seasonally adjusted at annual rates,Chained (2017) dollars,NA,213212,ConsHH,NA
1963-04-01,Canada,Seasonally adjusted at annual rates,Chained (2017) dollars,NA,217082,ConsHH,NA
1963-07-01,Canada,Seasonally adjusted at annual rates,Chained (2017) dollars,NA,218342,ConsHH,NA
1963-10-01,Canada,Seasonally adjusted at annual rates,Chained (2017) dollars,NA,222099,ConsHH,NA
1964-01-01,Canada,Seasonally adjusted at annual rates,Chained (2017) dollars,NA,226274,ConsHH,NA
1964-04-01,Canada,Seasonally adjusted at annual rates,Chained (2017) dollars,NA,226918,ConsHH,NA
1964-07-01,Canada,Seasonally adjusted at annual rates,Chained (2017) dollars,NA,231404,ConsHH,NA
1964-10-01,Canada,Seasonally adjusted at annual rates,Chained (2017) dollars,NA,233048,ConsHH,NA
1965-01-01,Canada,Seasonally adjusted at annual rates,Chained (2017) dollars,NA,235172,ConsHH,NA
1965-04-01,Canada,Seasonally adjusted at annual rates,Chained (2017) dollars,NA,240839,ConsHH,NA
1965-07-01,Canada,Seasonally adjusted at annual rates,Chained (2017) dollars,NA,244765,ConsHH,NA
1965-10-01,Canada,Seasonally adjusted at annual rates,Chained (2017) dollars,NA,249765,ConsHH,NA
1966-01-01,Canada,Seasonally adjusted at annual rates,Chained (2017) dollars,NA,251393,ConsHH,NA
1966-04-01,Canada,Seasonally adjusted at annual rates,Chained (2017) dollars,NA,252687,ConsHH,NA
1966-07-01,Canada,Seasonally adjusted at annual rates,Chained (2017) dollars,NA,257358,ConsHH,NA
1966-10-01,Canada,Seasonally adjusted at annual rates,Chained (2017) dollars,NA,257448,ConsHH,NA
1967-01-01,Canada,Seasonally adjusted at annual rates,Chained (2017) dollars,NA,259850,ConsHH,NA
1967-04-01,Canada,Seasonally adjusted at annual rates,Chained (2017) dollars,NA,264618,ConsHH,NA
1967-07-01,Canada,Seasonally adjusted at annual rates,Chained (2017) dollars,NA,264291,ConsHH,NA
1967-10-01,Canada,Seasonally adjusted at annual rates,Chained (2017) dollars,NA,269596,ConsHH,NA
1968-01-01,Canada,Seasonally adjusted at annual rates,Chained (2017) dollars,NA,272466,ConsHH,NA
1968-04-01,Canada,Seasonally adjusted at annual rates,Chained (2017) dollars,NA,273726,ConsHH,NA
1968-07-01,Canada,Seasonally adjusted at annual rates,Chained (2017) dollars,NA,278975,ConsHH,NA
1968-10-01,Canada,Seasonally adjusted at annual rates,Chained (2017) dollars,NA,282896,ConsHH,NA
1969-01-01,Canada,Seasonally adjusted at annual rates,Chained (2017) dollars,NA,289370,ConsHH,NA
1969-04-01,Canada,Seasonally adjusted at annual rates,Chained (2017) dollars,NA,288064,ConsHH,NA
1969-07-01,Canada,Seasonally adjusted at annual rates,Chained (2017) dollars,NA,290788,ConsHH,NA
1969-10-01,Canada,Seasonally adjusted at annual rates,Chained (2017) dollars,NA,294392,ConsHH,NA
1970-01-01,Canada,Seasonally adjusted at annual rates,Chained (2017) dollars,NA,291596,ConsHH,NA
1970-04-01,Canada,Seasonally adjusted at annual rates,Chained (2017) dollars,NA,293698,ConsHH,NA
1970-07-01,Canada,Seasonally adjusted at annual rates,Chained (2017) dollars,NA,299342,ConsHH,NA
1970-10-01,Canada,Seasonally adjusted at annual rates,Chained (2017) dollars,NA,302110,ConsHH,NA
1971-01-01,Canada,Seasonally adjusted at annual rates,Chained (2017) dollars,NA,300150,ConsHH,NA
1971-04-01,Canada,Seasonally adjusted at annual rates,Chained (2017) dollars,NA,310477,ConsHH,NA
1971-07-01,Canada,Seasonally adjusted at annual rates,Chained (2017) dollars,NA,317353,ConsHH,NA
1971-10-01,Canada,Seasonally adjusted at annual rates,Chained (2017) dollars,NA,324240,ConsHH,NA
1972-01-01,Canada,Seasonally adjusted at annual rates,Chained (2017) dollars,NA,325369,ConsHH,NA
1972-04-01,Canada,Seasonally adjusted at annual rates,Chained (2017) dollars,NA,333471,ConsHH,NA
1972-07-01,Canada,Seasonally adjusted at annual rates,Chained (2017) dollars,NA,336070,ConsHH,NA
1972-10-01,Canada,Seasonally adjusted at annual rates,Chained (2017) dollars,NA,343714,ConsHH,NA
1973-01-01,Canada,Seasonally adjusted at annual rates,Chained (2017) dollars,NA,352962,ConsHH,NA
1973-04-01,Canada,Seasonally adjusted at annual rates,Chained (2017) dollars,NA,355425,ConsHH,NA
1973-07-01,Canada,Seasonally adjusted at annual rates,Chained (2017) dollars,NA,358041,ConsHH,NA
1973-10-01,Canada,Seasonally adjusted at annual rates,Chained (2017) dollars,NA,364379,ConsHH,NA
1974-01-01,Canada,Seasonally adjusted at annual rates,Chained (2017) dollars,NA,374470,ConsHH,NA
1974-04-01,Canada,Seasonally adjusted at annual rates,Chained (2017) dollars,NA,376277,ConsHH,NA
1974-07-01,Canada,Seasonally adjusted at annual rates,Chained (2017) dollars,NA,378006,ConsHH,NA
1974-10-01,Canada,Seasonally adjusted at annual rates,Chained (2017) dollars,NA,373504,ConsHH,NA
1975-01-01,Canada,Seasonally adjusted at annual rates,Chained (2017) dollars,NA,381724,ConsHH,NA
1975-04-01,Canada,Seasonally adjusted at annual rates,Chained (2017) dollars,NA,386436,ConsHH,NA
1975-07-01,Canada,Seasonally adjusted at annual rates,Chained (2017) dollars,NA,393340,ConsHH,NA
1975-10-01,Canada,Seasonally adjusted at annual rates,Chained (2017) dollars,NA,400070,ConsHH,NA
1976-01-01,Canada,Seasonally adjusted at annual rates,Chained (2017) dollars,NA,399815,ConsHH,NA
1976-04-01,Canada,Seasonally adjusted at annual rates,Chained (2017) dollars,NA,410171,ConsHH,NA
1976-07-01,Canada,Seasonally adjusted at annual rates,Chained (2017) dollars,NA,411714,ConsHH,NA
1976-10-01,Canada,Seasonally adjusted at annual rates,Chained (2017) dollars,NA,420155,ConsHH,NA
1977-01-01,Canada,Seasonally adjusted at annual rates,Chained (2017) dollars,NA,418612,ConsHH,NA
1977-04-01,Canada,Seasonally adjusted at annual rates,Chained (2017) dollars,NA,417567,ConsHH,NA
1977-07-01,Canada,Seasonally adjusted at annual rates,Chained (2017) dollars,NA,424081,ConsHH,NA
1977-10-01,Canada,Seasonally adjusted at annual rates,Chained (2017) dollars,NA,428064,ConsHH,NA
1978-01-01,Canada,Seasonally adjusted at annual rates,Chained (2017) dollars,NA,431165,ConsHH,NA
1978-04-01,Canada,Seasonally adjusted at annual rates,Chained (2017) dollars,NA,434052,ConsHH,NA
1978-07-01,Canada,Seasonally adjusted at annual rates,Chained (2017) dollars,NA,436086,ConsHH,NA
1978-10-01,Canada,Seasonally adjusted at annual rates,Chained (2017) dollars,NA,437306,ConsHH,NA
1979-01-01,Canada,Seasonally adjusted at annual rates,Chained (2017) dollars,NA,443397,ConsHH,NA
1979-04-01,Canada,Seasonally adjusted at annual rates,Chained (2017) dollars,NA,443408,ConsHH,NA
1979-07-01,Canada,Seasonally adjusted at annual rates,Chained (2017) dollars,NA,444640,ConsHH,NA
1979-10-01,Canada,Seasonally adjusted at annual rates,Chained (2017) dollars,NA,445758,ConsHH,NA
1980-01-01,Canada,Seasonally adjusted at annual rates,Chained (2017) dollars,NA,448668,ConsHH,NA
1980-04-01,Canada,Seasonally adjusted at annual rates,Chained (2017) dollars,NA,446922,ConsHH,NA
1980-07-01,Canada,Seasonally adjusted at annual rates,Chained (2017) dollars,NA,454577,ConsHH,NA
1980-10-01,Canada,Seasonally adjusted at annual rates,Chained (2017) dollars,NA,457153,ConsHH,NA
1981-01-01,Canada,Seasonally adjusted at annual rates,Chained (2017) dollars,NA,457893,ConsHH,NA
1981-04-01,Canada,Seasonally adjusted at annual rates,Chained (2017) dollars,NA,457459,ConsHH,NA
1981-07-01,Canada,Seasonally adjusted at annual rates,Chained (2017) dollars,NA,455028,ConsHH,NA
1981-10-01,Canada,Seasonally adjusted at annual rates,Chained (2017) dollars,NA,456126,ConsHH,NA
1982-01-01,Canada,Seasonally adjusted at annual rates,Chained (2017) dollars,NA,449363,ConsHH,NA
1982-04-01,Canada,Seasonally adjusted at annual rates,Chained (2017) dollars,NA,445804,ConsHH,NA
1982-07-01,Canada,Seasonally adjusted at annual rates,Chained (2017) dollars,NA,444050,ConsHH,NA
1982-10-01,Canada,Seasonally adjusted at annual rates,Chained (2017) dollars,NA,442498,ConsHH,NA
1983-01-01,Canada,Seasonally adjusted at annual rates,Chained (2017) dollars,NA,448765,ConsHH,NA
1983-04-01,Canada,Seasonally adjusted at annual rates,Chained (2017) dollars,NA,454367,ConsHH,NA
1983-07-01,Canada,Seasonally adjusted at annual rates,Chained (2017) dollars,NA,459834,ConsHH,NA
1983-10-01,Canada,Seasonally adjusted at annual rates,Chained (2017) dollars,NA,464845,ConsHH,NA
1984-01-01,Canada,Seasonally adjusted at annual rates,Chained (2017) dollars,NA,469405,ConsHH,NA
1984-04-01,Canada,Seasonally adjusted at annual rates,Chained (2017) dollars,NA,474285,ConsHH,NA
1984-07-01,Canada,Seasonally adjusted at annual rates,Chained (2017) dollars,NA,474825,ConsHH,NA
1984-10-01,Canada,Seasonally adjusted at annual rates,Chained (2017) dollars,NA,483051,ConsHH,NA
1985-01-01,Canada,Seasonally adjusted at annual rates,Chained (2017) dollars,NA,488708,ConsHH,NA
1985-04-01,Canada,Seasonally adjusted at annual rates,Chained (2017) dollars,NA,493136,ConsHH,NA
1985-07-01,Canada,Seasonally adjusted at annual rates,Chained (2017) dollars,NA,502914,ConsHH,NA
1985-10-01,Canada,Seasonally adjusted at annual rates,Chained (2017) dollars,NA,508090,ConsHH,NA
1986-01-01,Canada,Seasonally adjusted at annual rates,Chained (2017) dollars,NA,507331,ConsHH,NA
1986-04-01,Canada,Seasonally adjusted at annual rates,Chained (2017) dollars,NA,513420,ConsHH,NA
1986-07-01,Canada,Seasonally adjusted at annual rates,Chained (2017) dollars,NA,520555,ConsHH,NA
1986-10-01,Canada,Seasonally adjusted at annual rates,Chained (2017) dollars,NA,520818,ConsHH,NA
1987-01-01,Canada,Seasonally adjusted at annual rates,Chained (2017) dollars,NA,526116,ConsHH,NA
1987-04-01,Canada,Seasonally adjusted at annual rates,Chained (2017) dollars,NA,534657,ConsHH,NA
1987-07-01,Canada,Seasonally adjusted at annual rates,Chained (2017) dollars,NA,539405,ConsHH,NA
1987-10-01,Canada,Seasonally adjusted at annual rates,Chained (2017) dollars,NA,545262,ConsHH,NA
1988-01-01,Canada,Seasonally adjusted at annual rates,Chained (2017) dollars,NA,548587,ConsHH,NA
1988-04-01,Canada,Seasonally adjusted at annual rates,Chained (2017) dollars,NA,556475,ConsHH,NA
1988-07-01,Canada,Seasonally adjusted at annual rates,Chained (2017) dollars,NA,559961,ConsHH,NA
1988-10-01,Canada,Seasonally adjusted at annual rates,Chained (2017) dollars,NA,567002,ConsHH,NA
1989-01-01,Canada,Seasonally adjusted at annual rates,Chained (2017) dollars,NA,571085,ConsHH,NA
1989-04-01,Canada,Seasonally adjusted at annual rates,Chained (2017) dollars,NA,578438,ConsHH,NA
1989-07-01,Canada,Seasonally adjusted at annual rates,Chained (2017) dollars,NA,576517,ConsHH,NA
1989-10-01,Canada,Seasonally adjusted at annual rates,Chained (2017) dollars,NA,580259,ConsHH,NA
1990-01-01,Canada,Seasonally adjusted at annual rates,Chained (2017) dollars,NA,588986,ConsHH,NA
1990-04-01,Canada,Seasonally adjusted at annual rates,Chained (2017) dollars,NA,581867,ConsHH,NA
1990-07-01,Canada,Seasonally adjusted at annual rates,Chained (2017) dollars,NA,581901,ConsHH,NA
1990-10-01,Canada,Seasonally adjusted at annual rates,Chained (2017) dollars,NA,579868,ConsHH,NA
1991-01-01,Canada,Seasonally adjusted at annual rates,Chained (2017) dollars,NA,567778,ConsHH,NA
1991-04-01,Canada,Seasonally adjusted at annual rates,Chained (2017) dollars,NA,577298,ConsHH,NA
1991-07-01,Canada,Seasonally adjusted at annual rates,Chained (2017) dollars,NA,576775,ConsHH,NA
1991-10-01,Canada,Seasonally adjusted at annual rates,Chained (2017) dollars,NA,580023,ConsHH,NA
1992-01-01,Canada,Seasonally adjusted at annual rates,Chained (2017) dollars,NA,580016,ConsHH,NA
1992-04-01,Canada,Seasonally adjusted at annual rates,Chained (2017) dollars,NA,582263,ConsHH,NA
1992-07-01,Canada,Seasonally adjusted at annual rates,Chained (2017) dollars,NA,585354,ConsHH,NA
1992-10-01,Canada,Seasonally adjusted at annual rates,Chained (2017) dollars,NA,587468,ConsHH,NA
1993-01-01,Canada,Seasonally adjusted at annual rates,Chained (2017) dollars,NA,590654,ConsHH,NA
1993-04-01,Canada,Seasonally adjusted at annual rates,Chained (2017) dollars,NA,592891,ConsHH,NA
1993-07-01,Canada,Seasonally adjusted at annual rates,Chained (2017) dollars,NA,596952,ConsHH,NA
1993-10-01,Canada,Seasonally adjusted at annual rates,Chained (2017) dollars,NA,598632,ConsHH,NA
1994-01-01,Canada,Seasonally adjusted at annual rates,Chained (2017) dollars,NA,608864,ConsHH,NA
1994-04-01,Canada,Seasonally adjusted at annual rates,Chained (2017) dollars,NA,609771,ConsHH,NA
1994-07-01,Canada,Seasonally adjusted at annual rates,Chained (2017) dollars,NA,612418,ConsHH,NA
1994-10-01,Canada,Seasonally adjusted at annual rates,Chained (2017) dollars,NA,619542,ConsHH,NA
1995-01-01,Canada,Seasonally adjusted at annual rates,Chained (2017) dollars,NA,619235,ConsHH,NA
1995-04-01,Canada,Seasonally adjusted at annual rates,Chained (2017) dollars,NA,623835,ConsHH,NA
1995-07-01,Canada,Seasonally adjusted at annual rates,Chained (2017) dollars,NA,630445,ConsHH,NA
1995-10-01,Canada,Seasonally adjusted at annual rates,Chained (2017) dollars,NA,630421,ConsHH,NA
1996-01-01,Canada,Seasonally adjusted at annual rates,Chained (2017) dollars,NA,638799,ConsHH,NA
1996-04-01,Canada,Seasonally adjusted at annual rates,Chained (2017) dollars,NA,639579,ConsHH,NA
1996-07-01,Canada,Seasonally adjusted at annual rates,Chained (2017) dollars,NA,641612,ConsHH,NA
1996-10-01,Canada,Seasonally adjusted at annual rates,Chained (2017) dollars,NA,652710,ConsHH,NA
1997-01-01,Canada,Seasonally adjusted at annual rates,Chained (2017) dollars,NA,662959,ConsHH,NA
1997-04-01,Canada,Seasonally adjusted at annual rates,Chained (2017) dollars,NA,668084,ConsHH,NA
1997-07-01,Canada,Seasonally adjusted at annual rates,Chained (2017) dollars,NA,676915,ConsHH,NA
1997-10-01,Canada,Seasonally adjusted at annual rates,Chained (2017) dollars,NA,681660,ConsHH,NA
1998-01-01,Canada,Seasonally adjusted at annual rates,Chained (2017) dollars,NA,682363,ConsHH,NA
1998-04-01,Canada,Seasonally adjusted at annual rates,Chained (2017) dollars,NA,691076,ConsHH,NA
1998-07-01,Canada,Seasonally adjusted at annual rates,Chained (2017) dollars,NA,694865,ConsHH,NA
1998-10-01,Canada,Seasonally adjusted at annual rates,Chained (2017) dollars,NA,696387,ConsHH,NA
1999-01-01,Canada,Seasonally adjusted at annual rates,Chained (2017) dollars,NA,706087,ConsHH,NA
1999-04-01,Canada,Seasonally adjusted at annual rates,Chained (2017) dollars,NA,712673,ConsHH,NA
1999-07-01,Canada,Seasonally adjusted at annual rates,Chained (2017) dollars,NA,721165,ConsHH,NA
1999-10-01,Canada,Seasonally adjusted at annual rates,Chained (2017) dollars,NA,728173,ConsHH,NA
2000-01-01,Canada,Seasonally adjusted at annual rates,Chained (2017) dollars,NA,736143,ConsHH,NA
2000-04-01,Canada,Seasonally adjusted at annual rates,Chained (2017) dollars,NA,742547,ConsHH,NA
2000-07-01,Canada,Seasonally adjusted at annual rates,Chained (2017) dollars,NA,751978,ConsHH,NA
2000-10-01,Canada,Seasonally adjusted at annual rates,Chained (2017) dollars,NA,753281,ConsHH,NA
2001-01-01,Canada,Seasonally adjusted at annual rates,Chained (2017) dollars,NA,759456,ConsHH,NA
2001-04-01,Canada,Seasonally adjusted at annual rates,Chained (2017) dollars,NA,760662,ConsHH,NA
2001-07-01,Canada,Seasonally adjusted at annual rates,Chained (2017) dollars,NA,762418,ConsHH,NA
2001-10-01,Canada,Seasonally adjusted at annual rates,Chained (2017) dollars,NA,771679,ConsHH,NA
2002-01-01,Canada,Seasonally adjusted at annual rates,Chained (2017) dollars,NA,783112,ConsHH,NA
2002-04-01,Canada,Seasonally adjusted at annual rates,Chained (2017) dollars,NA,792630,ConsHH,NA
2002-07-01,Canada,Seasonally adjusted at annual rates,Chained (2017) dollars,NA,794245,ConsHH,NA
2002-10-01,Canada,Seasonally adjusted at annual rates,Chained (2017) dollars,NA,802228,ConsHH,NA
2003-01-01,Canada,Seasonally adjusted at annual rates,Chained (2017) dollars,NA,806524,ConsHH,NA
2003-04-01,Canada,Seasonally adjusted at annual rates,Chained (2017) dollars,NA,813563,ConsHH,NA
2003-07-01,Canada,Seasonally adjusted at annual rates,Chained (2017) dollars,NA,821166,ConsHH,NA
2003-10-01,Canada,Seasonally adjusted at annual rates,Chained (2017) dollars,NA,822692,ConsHH,NA
2004-01-01,Canada,Seasonally adjusted at annual rates,Chained (2017) dollars,NA,833673,ConsHH,NA
2004-04-01,Canada,Seasonally adjusted at annual rates,Chained (2017) dollars,NA,837823,ConsHH,NA
2004-07-01,Canada,Seasonally adjusted at annual rates,Chained (2017) dollars,NA,845617,ConsHH,NA
2004-10-01,Canada,Seasonally adjusted at annual rates,Chained (2017) dollars,NA,852442,ConsHH,NA
2005-01-01,Canada,Seasonally adjusted at annual rates,Chained (2017) dollars,NA,864319,ConsHH,NA
2005-04-01,Canada,Seasonally adjusted at annual rates,Chained (2017) dollars,NA,871784,ConsHH,NA
2005-07-01,Canada,Seasonally adjusted at annual rates,Chained (2017) dollars,NA,877599,ConsHH,NA
2005-10-01,Canada,Seasonally adjusted at annual rates,Chained (2017) dollars,NA,885914,ConsHH,NA
2006-01-01,Canada,Seasonally adjusted at annual rates,Chained (2017) dollars,NA,898341,ConsHH,NA
2006-04-01,Canada,Seasonally adjusted at annual rates,Chained (2017) dollars,NA,906453,ConsHH,NA
2006-07-01,Canada,Seasonally adjusted at annual rates,Chained (2017) dollars,NA,916427,ConsHH,NA
2006-10-01,Canada,Seasonally adjusted at annual rates,Chained (2017) dollars,NA,925876,ConsHH,NA
2007-01-01,Canada,Seasonally adjusted at annual rates,Chained (2017) dollars,NA,934111,ConsHH,NA
2007-04-01,Canada,Seasonally adjusted at annual rates,Chained (2017) dollars,NA,948250,ConsHH,NA
2007-07-01,Canada,Seasonally adjusted at annual rates,Chained (2017) dollars,NA,957158,ConsHH,NA
2007-10-01,Canada,Seasonally adjusted at annual rates,Chained (2017) dollars,NA,974704,ConsHH,NA
2008-01-01,Canada,Seasonally adjusted at annual rates,Chained (2017) dollars,NA,982379,ConsHH,NA
2008-04-01,Canada,Seasonally adjusted at annual rates,Chained (2017) dollars,NA,983497,ConsHH,NA
2008-07-01,Canada,Seasonally adjusted at annual rates,Chained (2017) dollars,NA,984088,ConsHH,NA
2008-10-01,Canada,Seasonally adjusted at annual rates,Chained (2017) dollars,NA,972176,ConsHH,NA
2009-01-01,Canada,Seasonally adjusted at annual rates,Chained (2017) dollars,NA,969145,ConsHH,NA
2009-04-01,Canada,Seasonally adjusted at annual rates,Chained (2017) dollars,NA,977618,ConsHH,NA
2009-07-01,Canada,Seasonally adjusted at annual rates,Chained (2017) dollars,NA,988296,ConsHH,NA
2009-10-01,Canada,Seasonally adjusted at annual rates,Chained (2017) dollars,NA,995077,ConsHH,NA
2010-01-01,Canada,Seasonally adjusted at annual rates,Chained (2017) dollars,NA,1006207,ConsHH,NA
2010-04-01,Canada,Seasonally adjusted at annual rates,Chained (2017) dollars,NA,1014755,ConsHH,NA
2010-07-01,Canada,Seasonally adjusted at annual rates,Chained (2017) dollars,NA,1022938,ConsHH,NA
2010-10-01,Canada,Seasonally adjusted at annual rates,Chained (2017) dollars,NA,1032231,ConsHH,NA
2011-01-01,Canada,Seasonally adjusted at annual rates,Chained (2017) dollars,NA,1034075,ConsHH,NA
2011-04-01,Canada,Seasonally adjusted at annual rates,Chained (2017) dollars,NA,1038684,ConsHH,NA
2011-07-01,Canada,Seasonally adjusted at annual rates,Chained (2017) dollars,NA,1042916,ConsHH,NA
2011-10-01,Canada,Seasonally adjusted at annual rates,Chained (2017) dollars,NA,1049329,ConsHH,NA
2012-01-01,Canada,Seasonally adjusted at annual rates,Chained (2017) dollars,NA,1055390,ConsHH,NA
2012-04-01,Canada,Seasonally adjusted at annual rates,Chained (2017) dollars,NA,1056611,ConsHH,NA
2012-07-01,Canada,Seasonally adjusted at annual rates,Chained (2017) dollars,NA,1063083,ConsHH,NA
2012-10-01,Canada,Seasonally adjusted at annual rates,Chained (2017) dollars,NA,1068940,ConsHH,NA
2013-01-01,Canada,Seasonally adjusted at annual rates,Chained (2017) dollars,NA,1075684,ConsHH,NA
2013-04-01,Canada,Seasonally adjusted at annual rates,Chained (2017) dollars,NA,1085631,ConsHH,NA
2013-07-01,Canada,Seasonally adjusted at annual rates,Chained (2017) dollars,NA,1093686,ConsHH,NA
2013-10-01,Canada,Seasonally adjusted at annual rates,Chained (2017) dollars,NA,1100513,ConsHH,NA
2014-01-01,Canada,Seasonally adjusted at annual rates,Chained (2017) dollars,NA,1104216,ConsHH,NA
2014-04-01,Canada,Seasonally adjusted at annual rates,Chained (2017) dollars,NA,1114332,ConsHH,NA
2014-07-01,Canada,Seasonally adjusted at annual rates,Chained (2017) dollars,NA,1122436,ConsHH,NA
2014-10-01,Canada,Seasonally adjusted at annual rates,Chained (2017) dollars,NA,1130580,ConsHH,NA
2015-01-01,Canada,Seasonally adjusted at annual rates,Chained (2017) dollars,NA,1132744,ConsHH,NA
2015-04-01,Canada,Seasonally adjusted at annual rates,Chained (2017) dollars,NA,1138294,ConsHH,NA
2015-07-01,Canada,Seasonally adjusted at annual rates,Chained (2017) dollars,NA,1146797,ConsHH,NA
2015-10-01,Canada,Seasonally adjusted at annual rates,Chained (2017) dollars,NA,1154867,ConsHH,NA
2016-01-01,Canada,Seasonally adjusted at annual rates,Chained (2017) dollars,NA,1155549,ConsHH,NA
2016-04-01,Canada,Seasonally adjusted at annual rates,Chained (2017) dollars,NA,1160112,ConsHH,NA
2016-07-01,Canada,Seasonally adjusted at annual rates,Chained (2017) dollars,NA,1168218,ConsHH,NA
2016-10-01,Canada,Seasonally adjusted at annual rates,Chained (2017) dollars,NA,1177060,ConsHH,NA
2017-01-01,Canada,Seasonally adjusted at annual rates,Chained (2017) dollars,NA,1189849,ConsHH,NA
2017-04-01,Canada,Seasonally adjusted at annual rates,Chained (2017) dollars,NA,1205490,ConsHH,NA
2017-07-01,Canada,Seasonally adjusted at annual rates,Chained (2017) dollars,NA,1217083,ConsHH,NA
2017-10-01,Canada,Seasonally adjusted at annual rates,Chained (2017) dollars,NA,1224190,ConsHH,NA
2018-01-01,Canada,Seasonally adjusted at annual rates,Chained (2017) dollars,NA,1232356,ConsHH,NA
2018-04-01,Canada,Seasonally adjusted at annual rates,Chained (2017) dollars,NA,1239269,ConsHH,NA
2018-07-01,Canada,Seasonally adjusted at annual rates,Chained (2017) dollars,NA,1246431,ConsHH,NA
2018-10-01,Canada,Seasonally adjusted at annual rates,Chained (2017) dollars,NA,1246298,ConsHH,NA
2019-01-01,Canada,Seasonally adjusted at annual rates,Chained (2017) dollars,NA,1253025,ConsHH,NA
2019-04-01,Canada,Seasonally adjusted at annual rates,Chained (2017) dollars,NA,1256041,ConsHH,NA
2019-07-01,Canada,Seasonally adjusted at annual rates,Chained (2017) dollars,NA,1261611,ConsHH,NA
2019-10-01,Canada,Seasonally adjusted at annual rates,Chained (2017) dollars,NA,1270170,ConsHH,NA
2020-01-01,Canada,Seasonally adjusted at annual rates,Chained (2017) dollars,NA,1242827,ConsHH,NA
2020-04-01,Canada,Seasonally adjusted at annual rates,Chained (2017) dollars,NA,1064743,ConsHH,NA
2020-07-01,Canada,Seasonally adjusted at annual rates,Chained (2017) dollars,NA,1201575,ConsHH,NA
2020-10-01,Canada,Seasonally adjusted at annual rates,Chained (2017) dollars,NA,1207196,ConsHH,NA
2021-01-01,Canada,Seasonally adjusted at annual rates,Chained (2017) dollars,NA,1213271,ConsHH,NA
2021-04-01,Canada,Seasonally adjusted at annual rates,Chained (2017) dollars,NA,1212792,ConsHH,NA
2021-07-01,Canada,Seasonally adjusted at annual rates,Chained (2017) dollars,NA,1278209,ConsHH,NA
2021-10-01,Canada,Seasonally adjusted at annual rates,Chained (2017) dollars,NA,1290949,ConsHH,NA
2022-01-01,Canada,Seasonally adjusted at annual rates,Chained (2017) dollars,NA,1300850,ConsHH,NA
2022-04-01,Canada,Seasonally adjusted at annual rates,Chained (2017) dollars,NA,1335517,ConsHH,NA
2022-07-01,Canada,Seasonally adjusted at annual rates,Chained (2017) dollars,NA,1344883,ConsHH,NA
2022-10-01,Canada,Seasonally adjusted at annual rates,Chained (2017) dollars,NA,1351824,ConsHH,NA
2023-01-01,Canada,Seasonally adjusted at annual rates,Chained (2017) dollars,NA,1358421,ConsHH,NA
2023-04-01,Canada,Seasonally adjusted at annual rates,Chained (2017) dollars,NA,1358493,ConsHH,NA
2023-07-01,Canada,Seasonally adjusted at annual rates,Chained (2017) dollars,NA,1361214,ConsHH,NA
2023-10-01,Canada,Seasonally adjusted at annual rates,Chained (2017) dollars,NA,1370827,ConsHH,NA
2024-01-01,Canada,Seasonally adjusted at annual rates,Chained (2017) dollars,NA,1377484,ConsHH,NA
2024-04-01,Canada,Seasonally adjusted at annual rates,Chained (2017) dollars,NA,1382672,ConsHH,NA
2024-07-01,Canada,Seasonally adjusted at annual rates,Chained (2017) dollars,NA,1398538,ConsHH,NA
2024-10-01,Canada,Seasonally adjusted at annual rates,Chained (2017) dollars,NA,1407635,ConsHH,NA
2025-01-01,Canada,Seasonally adjusted at annual rates,Chained (2017) dollars,NA,1411900,ConsHH,NA
2025-04-01,Canada,Seasonally adjusted at annual rates,Chained (2017) dollars,NA,1428235,ConsHH,NA
2025-07-01,Canada,Seasonally adjusted at annual rates,Chained (2017) dollars,NA,1425267,ConsHH,NA
2025-10-01,Canada,Seasonally adjusted at annual rates,Chained (2017) dollars,NA,1431258,ConsHH,NA
1961-01-01,Canada,Seasonally adjusted at annual rates,Chained (2017) dollars,NA,65003,CapForm,NA
1961-04-01,Canada,Seasonally adjusted at annual rates,Chained (2017) dollars,NA,66671,CapForm,NA
1961-07-01,Canada,Seasonally adjusted at annual rates,Chained (2017) dollars,NA,68920,CapForm,NA
1961-10-01,Canada,Seasonally adjusted at annual rates,Chained (2017) dollars,NA,69002,CapForm,NA
1962-01-01,Canada,Seasonally adjusted at annual rates,Chained (2017) dollars,NA,70032,CapForm,NA
1962-04-01,Canada,Seasonally adjusted at annual rates,Chained (2017) dollars,NA,69670,CapForm,NA
1962-07-01,Canada,Seasonally adjusted at annual rates,Chained (2017) dollars,NA,71924,CapForm,NA
1962-10-01,Canada,Seasonally adjusted at annual rates,Chained (2017) dollars,NA,71337,CapForm,NA
1963-01-01,Canada,Seasonally adjusted at annual rates,Chained (2017) dollars,NA,70786,CapForm,NA
1963-04-01,Canada,Seasonally adjusted at annual rates,Chained (2017) dollars,NA,72306,CapForm,NA
1963-07-01,Canada,Seasonally adjusted at annual rates,Chained (2017) dollars,NA,73560,CapForm,NA
1963-10-01,Canada,Seasonally adjusted at annual rates,Chained (2017) dollars,NA,76819,CapForm,NA
1964-01-01,Canada,Seasonally adjusted at annual rates,Chained (2017) dollars,NA,80229,CapForm,NA
1964-04-01,Canada,Seasonally adjusted at annual rates,Chained (2017) dollars,NA,81254,CapForm,NA
1964-07-01,Canada,Seasonally adjusted at annual rates,Chained (2017) dollars,NA,82545,CapForm,NA
1964-10-01,Canada,Seasonally adjusted at annual rates,Chained (2017) dollars,NA,87903,CapForm,NA
1965-01-01,Canada,Seasonally adjusted at annual rates,Chained (2017) dollars,NA,87995,CapForm,NA
1965-04-01,Canada,Seasonally adjusted at annual rates,Chained (2017) dollars,NA,89183,CapForm,NA
1965-07-01,Canada,Seasonally adjusted at annual rates,Chained (2017) dollars,NA,93874,CapForm,NA
1965-10-01,Canada,Seasonally adjusted at annual rates,Chained (2017) dollars,NA,96913,CapForm,NA
1966-01-01,Canada,Seasonally adjusted at annual rates,Chained (2017) dollars,NA,100003,CapForm,NA
1966-04-01,Canada,Seasonally adjusted at annual rates,Chained (2017) dollars,NA,103047,CapForm,NA
1966-07-01,Canada,Seasonally adjusted at annual rates,Chained (2017) dollars,NA,102134,CapForm,NA
1966-10-01,Canada,Seasonally adjusted at annual rates,Chained (2017) dollars,NA,103399,CapForm,NA
1967-01-01,Canada,Seasonally adjusted at annual rates,Chained (2017) dollars,NA,103633,CapForm,NA
1967-04-01,Canada,Seasonally adjusted at annual rates,Chained (2017) dollars,NA,103225,CapForm,NA
1967-07-01,Canada,Seasonally adjusted at annual rates,Chained (2017) dollars,NA,101783,CapForm,NA
1967-10-01,Canada,Seasonally adjusted at annual rates,Chained (2017) dollars,NA,100335,CapForm,NA
1968-01-01,Canada,Seasonally adjusted at annual rates,Chained (2017) dollars,NA,102410,CapForm,NA
1968-04-01,Canada,Seasonally adjusted at annual rates,Chained (2017) dollars,NA,102486,CapForm,NA
1968-07-01,Canada,Seasonally adjusted at annual rates,Chained (2017) dollars,NA,102548,CapForm,NA
1968-10-01,Canada,Seasonally adjusted at annual rates,Chained (2017) dollars,NA,105031,CapForm,NA
1969-01-01,Canada,Seasonally adjusted at annual rates,Chained (2017) dollars,NA,106106,CapForm,NA
1969-04-01,Canada,Seasonally adjusted at annual rates,Chained (2017) dollars,NA,107860,CapForm,NA
1969-07-01,Canada,Seasonally adjusted at annual rates,Chained (2017) dollars,NA,108757,CapForm,NA
1969-10-01,Canada,Seasonally adjusted at annual rates,Chained (2017) dollars,NA,109548,CapForm,NA
1970-01-01,Canada,Seasonally adjusted at annual rates,Chained (2017) dollars,NA,109716,CapForm,NA
1970-04-01,Canada,Seasonally adjusted at annual rates,Chained (2017) dollars,NA,105856,CapForm,NA
1970-07-01,Canada,Seasonally adjusted at annual rates,Chained (2017) dollars,NA,108691,CapForm,NA
1970-10-01,Canada,Seasonally adjusted at annual rates,Chained (2017) dollars,NA,110455,CapForm,NA
1971-01-01,Canada,Seasonally adjusted at annual rates,Chained (2017) dollars,NA,111231,CapForm,NA
1971-04-01,Canada,Seasonally adjusted at annual rates,Chained (2017) dollars,NA,115784,CapForm,NA
1971-07-01,Canada,Seasonally adjusted at annual rates,Chained (2017) dollars,NA,118532,CapForm,NA
1971-10-01,Canada,Seasonally adjusted at annual rates,Chained (2017) dollars,NA,120730,CapForm,NA
1972-01-01,Canada,Seasonally adjusted at annual rates,Chained (2017) dollars,NA,121031,CapForm,NA
1972-04-01,Canada,Seasonally adjusted at annual rates,Chained (2017) dollars,NA,122555,CapForm,NA
1972-07-01,Canada,Seasonally adjusted at annual rates,Chained (2017) dollars,NA,121597,CapForm,NA
1972-10-01,Canada,Seasonally adjusted at annual rates,Chained (2017) dollars,NA,120348,CapForm,NA
1973-01-01,Canada,Seasonally adjusted at annual rates,Chained (2017) dollars,NA,126823,CapForm,NA
1973-04-01,Canada,Seasonally adjusted at annual rates,Chained (2017) dollars,NA,129617,CapForm,NA
1973-07-01,Canada,Seasonally adjusted at annual rates,Chained (2017) dollars,NA,132116,CapForm,NA
1973-10-01,Canada,Seasonally adjusted at annual rates,Chained (2017) dollars,NA,136807,CapForm,NA
1974-01-01,Canada,Seasonally adjusted at annual rates,Chained (2017) dollars,NA,142125,CapForm,NA
1974-04-01,Canada,Seasonally adjusted at annual rates,Chained (2017) dollars,NA,137337,CapForm,NA
1974-07-01,Canada,Seasonally adjusted at annual rates,Chained (2017) dollars,NA,137433,CapForm,NA
1974-10-01,Canada,Seasonally adjusted at annual rates,Chained (2017) dollars,NA,136735,CapForm,NA
1975-01-01,Canada,Seasonally adjusted at annual rates,Chained (2017) dollars,NA,138009,CapForm,NA
1975-04-01,Canada,Seasonally adjusted at annual rates,Chained (2017) dollars,NA,141817,CapForm,NA
1975-07-01,Canada,Seasonally adjusted at annual rates,Chained (2017) dollars,NA,147437,CapForm,NA
1975-10-01,Canada,Seasonally adjusted at annual rates,Chained (2017) dollars,NA,149880,CapForm,NA
1976-01-01,Canada,Seasonally adjusted at annual rates,Chained (2017) dollars,NA,151434,CapForm,NA
1976-04-01,Canada,Seasonally adjusted at annual rates,Chained (2017) dollars,NA,156543,CapForm,NA
1976-07-01,Canada,Seasonally adjusted at annual rates,Chained (2017) dollars,NA,152617,CapForm,NA
1976-10-01,Canada,Seasonally adjusted at annual rates,Chained (2017) dollars,NA,153524,CapForm,NA
1977-01-01,Canada,Seasonally adjusted at annual rates,Chained (2017) dollars,NA,155804,CapForm,NA
1977-04-01,Canada,Seasonally adjusted at annual rates,Chained (2017) dollars,NA,156982,CapForm,NA
1977-07-01,Canada,Seasonally adjusted at annual rates,Chained (2017) dollars,NA,158726,CapForm,NA
1977-10-01,Canada,Seasonally adjusted at annual rates,Chained (2017) dollars,NA,157559,CapForm,NA
1978-01-01,Canada,Seasonally adjusted at annual rates,Chained (2017) dollars,NA,156967,CapForm,NA
1978-04-01,Canada,Seasonally adjusted at annual rates,Chained (2017) dollars,NA,160699,CapForm,NA
1978-07-01,Canada,Seasonally adjusted at annual rates,Chained (2017) dollars,NA,160562,CapForm,NA
1978-10-01,Canada,Seasonally adjusted at annual rates,Chained (2017) dollars,NA,162627,CapForm,NA
1979-01-01,Canada,Seasonally adjusted at annual rates,Chained (2017) dollars,NA,164533,CapForm,NA
1979-04-01,Canada,Seasonally adjusted at annual rates,Chained (2017) dollars,NA,166124,CapForm,NA
1979-07-01,Canada,Seasonally adjusted at annual rates,Chained (2017) dollars,NA,174833,CapForm,NA
1979-10-01,Canada,Seasonally adjusted at annual rates,Chained (2017) dollars,NA,175730,CapForm,NA
1980-01-01,Canada,Seasonally adjusted at annual rates,Chained (2017) dollars,NA,177922,CapForm,NA
1980-04-01,Canada,Seasonally adjusted at annual rates,Chained (2017) dollars,NA,173517,CapForm,NA
1980-07-01,Canada,Seasonally adjusted at annual rates,Chained (2017) dollars,NA,180787,CapForm,NA
1980-10-01,Canada,Seasonally adjusted at annual rates,Chained (2017) dollars,NA,185881,CapForm,NA
1981-01-01,Canada,Seasonally adjusted at annual rates,Chained (2017) dollars,NA,194809,CapForm,NA
1981-04-01,Canada,Seasonally adjusted at annual rates,Chained (2017) dollars,NA,200033,CapForm,NA
1981-07-01,Canada,Seasonally adjusted at annual rates,Chained (2017) dollars,NA,195251,CapForm,NA
1981-10-01,Canada,Seasonally adjusted at annual rates,Chained (2017) dollars,NA,193231,CapForm,NA
1982-01-01,Canada,Seasonally adjusted at annual rates,Chained (2017) dollars,NA,187135,CapForm,NA
1982-04-01,Canada,Seasonally adjusted at annual rates,Chained (2017) dollars,NA,174430,CapForm,NA
1982-07-01,Canada,Seasonally adjusted at annual rates,Chained (2017) dollars,NA,166704,CapForm,NA
1982-10-01,Canada,Seasonally adjusted at annual rates,Chained (2017) dollars,NA,170642,CapForm,NA
1983-01-01,Canada,Seasonally adjusted at annual rates,Chained (2017) dollars,NA,169684,CapForm,NA
1983-04-01,Canada,Seasonally adjusted at annual rates,Chained (2017) dollars,NA,173169,CapForm,NA
1983-07-01,Canada,Seasonally adjusted at annual rates,Chained (2017) dollars,NA,174974,CapForm,NA
1983-10-01,Canada,Seasonally adjusted at annual rates,Chained (2017) dollars,NA,176116,CapForm,NA
1984-01-01,Canada,Seasonally adjusted at annual rates,Chained (2017) dollars,NA,176642,CapForm,NA
1984-04-01,Canada,Seasonally adjusted at annual rates,Chained (2017) dollars,NA,176342,CapForm,NA
1984-07-01,Canada,Seasonally adjusted at annual rates,Chained (2017) dollars,NA,177963,CapForm,NA
1984-10-01,Canada,Seasonally adjusted at annual rates,Chained (2017) dollars,NA,178038,CapForm,NA
1985-01-01,Canada,Seasonally adjusted at annual rates,Chained (2017) dollars,NA,182384,CapForm,NA
1985-04-01,Canada,Seasonally adjusted at annual rates,Chained (2017) dollars,NA,191000,CapForm,NA
1985-07-01,Canada,Seasonally adjusted at annual rates,Chained (2017) dollars,NA,197035,CapForm,NA
1985-10-01,Canada,Seasonally adjusted at annual rates,Chained (2017) dollars,NA,198760,CapForm,NA
1986-01-01,Canada,Seasonally adjusted at annual rates,Chained (2017) dollars,NA,200794,CapForm,NA
1986-04-01,Canada,Seasonally adjusted at annual rates,Chained (2017) dollars,NA,200286,CapForm,NA
1986-07-01,Canada,Seasonally adjusted at annual rates,Chained (2017) dollars,NA,198973,CapForm,NA
1986-10-01,Canada,Seasonally adjusted at annual rates,Chained (2017) dollars,NA,199586,CapForm,NA
1987-01-01,Canada,Seasonally adjusted at annual rates,Chained (2017) dollars,NA,204679,CapForm,NA
1987-04-01,Canada,Seasonally adjusted at annual rates,Chained (2017) dollars,NA,213922,CapForm,NA
1987-07-01,Canada,Seasonally adjusted at annual rates,Chained (2017) dollars,NA,225029,CapForm,NA
1987-10-01,Canada,Seasonally adjusted at annual rates,Chained (2017) dollars,NA,228574,CapForm,NA
1988-01-01,Canada,Seasonally adjusted at annual rates,Chained (2017) dollars,NA,233016,CapForm,NA
1988-04-01,Canada,Seasonally adjusted at annual rates,Chained (2017) dollars,NA,235459,CapForm,NA
1988-07-01,Canada,Seasonally adjusted at annual rates,Chained (2017) dollars,NA,243317,CapForm,NA
1988-10-01,Canada,Seasonally adjusted at annual rates,Chained (2017) dollars,NA,240014,CapForm,NA
1989-01-01,Canada,Seasonally adjusted at annual rates,Chained (2017) dollars,NA,250198,CapForm,NA
1989-04-01,Canada,Seasonally adjusted at annual rates,Chained (2017) dollars,NA,248191,CapForm,NA
1989-07-01,Canada,Seasonally adjusted at annual rates,Chained (2017) dollars,NA,247061,CapForm,NA
1989-10-01,Canada,Seasonally adjusted at annual rates,Chained (2017) dollars,NA,255415,CapForm,NA
1990-01-01,Canada,Seasonally adjusted at annual rates,Chained (2017) dollars,NA,251583,CapForm,NA
1990-04-01,Canada,Seasonally adjusted at annual rates,Chained (2017) dollars,NA,245503,CapForm,NA
1990-07-01,Canada,Seasonally adjusted at annual rates,Chained (2017) dollars,NA,238767,CapForm,NA
1990-10-01,Canada,Seasonally adjusted at annual rates,Chained (2017) dollars,NA,230205,CapForm,NA
1991-01-01,Canada,Seasonally adjusted at annual rates,Chained (2017) dollars,NA,232129,CapForm,NA
1991-04-01,Canada,Seasonally adjusted at annual rates,Chained (2017) dollars,NA,229477,CapForm,NA
1991-07-01,Canada,Seasonally adjusted at annual rates,Chained (2017) dollars,NA,230225,CapForm,NA
1991-10-01,Canada,Seasonally adjusted at annual rates,Chained (2017) dollars,NA,233427,CapForm,NA
1992-01-01,Canada,Seasonally adjusted at annual rates,Chained (2017) dollars,NA,231808,CapForm,NA
1992-04-01,Canada,Seasonally adjusted at annual rates,Chained (2017) dollars,NA,222221,CapForm,NA
1992-07-01,Canada,Seasonally adjusted at annual rates,Chained (2017) dollars,NA,226708,CapForm,NA
1992-10-01,Canada,Seasonally adjusted at annual rates,Chained (2017) dollars,NA,217324,CapForm,NA
1993-01-01,Canada,Seasonally adjusted at annual rates,Chained (2017) dollars,NA,214916,CapForm,NA
1993-04-01,Canada,Seasonally adjusted at annual rates,Chained (2017) dollars,NA,220024,CapForm,NA
1993-07-01,Canada,Seasonally adjusted at annual rates,Chained (2017) dollars,NA,224794,CapForm,NA
1993-10-01,Canada,Seasonally adjusted at annual rates,Chained (2017) dollars,NA,227897,CapForm,NA
1994-01-01,Canada,Seasonally adjusted at annual rates,Chained (2017) dollars,NA,230849,CapForm,NA
1994-04-01,Canada,Seasonally adjusted at annual rates,Chained (2017) dollars,NA,238097,CapForm,NA
1994-07-01,Canada,Seasonally adjusted at annual rates,Chained (2017) dollars,NA,238245,CapForm,NA
1994-10-01,Canada,Seasonally adjusted at annual rates,Chained (2017) dollars,NA,239923,CapForm,NA
1995-01-01,Canada,Seasonally adjusted at annual rates,Chained (2017) dollars,NA,233962,CapForm,NA
1995-04-01,Canada,Seasonally adjusted at annual rates,Chained (2017) dollars,NA,233410,CapForm,NA
1995-07-01,Canada,Seasonally adjusted at annual rates,Chained (2017) dollars,NA,232846,CapForm,NA
1995-10-01,Canada,Seasonally adjusted at annual rates,Chained (2017) dollars,NA,233966,CapForm,NA
1996-01-01,Canada,Seasonally adjusted at annual rates,Chained (2017) dollars,NA,239120,CapForm,NA
1996-04-01,Canada,Seasonally adjusted at annual rates,Chained (2017) dollars,NA,239181,CapForm,NA
1996-07-01,Canada,Seasonally adjusted at annual rates,Chained (2017) dollars,NA,248949,CapForm,NA
1996-10-01,Canada,Seasonally adjusted at annual rates,Chained (2017) dollars,NA,260828,CapForm,NA
1997-01-01,Canada,Seasonally adjusted at annual rates,Chained (2017) dollars,NA,265675,CapForm,NA
1997-04-01,Canada,Seasonally adjusted at annual rates,Chained (2017) dollars,NA,272867,CapForm,NA
1997-07-01,Canada,Seasonally adjusted at annual rates,Chained (2017) dollars,NA,281110,CapForm,NA
1997-10-01,Canada,Seasonally adjusted at annual rates,Chained (2017) dollars,NA,283836,CapForm,NA
1998-01-01,Canada,Seasonally adjusted at annual rates,Chained (2017) dollars,NA,283245,CapForm,NA
1998-04-01,Canada,Seasonally adjusted at annual rates,Chained (2017) dollars,NA,283876,CapForm,NA
1998-07-01,Canada,Seasonally adjusted at annual rates,Chained (2017) dollars,NA,284439,CapForm,NA
1998-10-01,Canada,Seasonally adjusted at annual rates,Chained (2017) dollars,NA,287616,CapForm,NA
1999-01-01,Canada,Seasonally adjusted at annual rates,Chained (2017) dollars,NA,290806,CapForm,NA
1999-04-01,Canada,Seasonally adjusted at annual rates,Chained (2017) dollars,NA,298230,CapForm,NA
1999-07-01,Canada,Seasonally adjusted at annual rates,Chained (2017) dollars,NA,300631,CapForm,NA
1999-10-01,Canada,Seasonally adjusted at annual rates,Chained (2017) dollars,NA,307982,CapForm,NA
2000-01-01,Canada,Seasonally adjusted at annual rates,Chained (2017) dollars,NA,310747,CapForm,NA
2000-04-01,Canada,Seasonally adjusted at annual rates,Chained (2017) dollars,NA,312869,CapForm,NA
2000-07-01,Canada,Seasonally adjusted at annual rates,Chained (2017) dollars,NA,316629,CapForm,NA
2000-10-01,Canada,Seasonally adjusted at annual rates,Chained (2017) dollars,NA,318056,CapForm,NA
2001-01-01,Canada,Seasonally adjusted at annual rates,Chained (2017) dollars,NA,326713,CapForm,NA
2001-04-01,Canada,Seasonally adjusted at annual rates,Chained (2017) dollars,NA,331048,CapForm,NA
2001-07-01,Canada,Seasonally adjusted at annual rates,Chained (2017) dollars,NA,335110,CapForm,NA
2001-10-01,Canada,Seasonally adjusted at annual rates,Chained (2017) dollars,NA,326066,CapForm,NA
2002-01-01,Canada,Seasonally adjusted at annual rates,Chained (2017) dollars,NA,326889,CapForm,NA
2002-04-01,Canada,Seasonally adjusted at annual rates,Chained (2017) dollars,NA,331299,CapForm,NA
2002-07-01,Canada,Seasonally adjusted at annual rates,Chained (2017) dollars,NA,336481,CapForm,NA
2002-10-01,Canada,Seasonally adjusted at annual rates,Chained (2017) dollars,NA,337392,CapForm,NA
2003-01-01,Canada,Seasonally adjusted at annual rates,Chained (2017) dollars,NA,340437,CapForm,NA
2003-04-01,Canada,Seasonally adjusted at annual rates,Chained (2017) dollars,NA,343831,CapForm,NA
2003-07-01,Canada,Seasonally adjusted at annual rates,Chained (2017) dollars,NA,354634,CapForm,NA
2003-10-01,Canada,Seasonally adjusted at annual rates,Chained (2017) dollars,NA,362701,CapForm,NA
2004-01-01,Canada,Seasonally adjusted at annual rates,Chained (2017) dollars,NA,371184,CapForm,NA
2004-04-01,Canada,Seasonally adjusted at annual rates,Chained (2017) dollars,NA,377042,CapForm,NA
2004-07-01,Canada,Seasonally adjusted at annual rates,Chained (2017) dollars,NA,382524,CapForm,NA
2004-10-01,Canada,Seasonally adjusted at annual rates,Chained (2017) dollars,NA,389065,CapForm,NA
2005-01-01,Canada,Seasonally adjusted at annual rates,Chained (2017) dollars,NA,399625,CapForm,NA
2005-04-01,Canada,Seasonally adjusted at annual rates,Chained (2017) dollars,NA,409261,CapForm,NA
2005-07-01,Canada,Seasonally adjusted at annual rates,Chained (2017) dollars,NA,420321,CapForm,NA
2005-10-01,Canada,Seasonally adjusted at annual rates,Chained (2017) dollars,NA,429284,CapForm,NA
2006-01-01,Canada,Seasonally adjusted at annual rates,Chained (2017) dollars,NA,437186,CapForm,NA
2006-04-01,Canada,Seasonally adjusted at annual rates,Chained (2017) dollars,NA,441066,CapForm,NA
2006-07-01,Canada,Seasonally adjusted at annual rates,Chained (2017) dollars,NA,440979,CapForm,NA
2006-10-01,Canada,Seasonally adjusted at annual rates,Chained (2017) dollars,NA,443424,CapForm,NA
2007-01-01,Canada,Seasonally adjusted at annual rates,Chained (2017) dollars,NA,449825,CapForm,NA
2007-04-01,Canada,Seasonally adjusted at annual rates,Chained (2017) dollars,NA,453157,CapForm,NA
2007-07-01,Canada,Seasonally adjusted at annual rates,Chained (2017) dollars,NA,455030,CapForm,NA
2007-10-01,Canada,Seasonally adjusted at annual rates,Chained (2017) dollars,NA,460475,CapForm,NA
2008-01-01,Canada,Seasonally adjusted at annual rates,Chained (2017) dollars,NA,471011,CapForm,NA
2008-04-01,Canada,Seasonally adjusted at annual rates,Chained (2017) dollars,NA,468083,CapForm,NA
2008-07-01,Canada,Seasonally adjusted at annual rates,Chained (2017) dollars,NA,464054,CapForm,NA
2008-10-01,Canada,Seasonally adjusted at annual rates,Chained (2017) dollars,NA,444913,CapForm,NA
2009-01-01,Canada,Seasonally adjusted at annual rates,Chained (2017) dollars,NA,400087,CapForm,NA
2009-04-01,Canada,Seasonally adjusted at annual rates,Chained (2017) dollars,NA,398186,CapForm,NA
2009-07-01,Canada,Seasonally adjusted at annual rates,Chained (2017) dollars,NA,410666,CapForm,NA
2009-10-01,Canada,Seasonally adjusted at annual rates,Chained (2017) dollars,NA,430021,CapForm,NA
2010-01-01,Canada,Seasonally adjusted at annual rates,Chained (2017) dollars,NA,445192,CapForm,NA
2010-04-01,Canada,Seasonally adjusted at annual rates,Chained (2017) dollars,NA,454670,CapForm,NA
2010-07-01,Canada,Seasonally adjusted at annual rates,Chained (2017) dollars,NA,459829,CapForm,NA
2010-10-01,Canada,Seasonally adjusted at annual rates,Chained (2017) dollars,NA,467934,CapForm,NA
2011-01-01,Canada,Seasonally adjusted at annual rates,Chained (2017) dollars,NA,472905,CapForm,NA
2011-04-01,Canada,Seasonally adjusted at annual rates,Chained (2017) dollars,NA,476987,CapForm,NA
2011-07-01,Canada,Seasonally adjusted at annual rates,Chained (2017) dollars,NA,478900,CapForm,NA
2011-10-01,Canada,Seasonally adjusted at annual rates,Chained (2017) dollars,NA,483591,CapForm,NA
2012-01-01,Canada,Seasonally adjusted at annual rates,Chained (2017) dollars,NA,497002,CapForm,NA
2012-04-01,Canada,Seasonally adjusted at annual rates,Chained (2017) dollars,NA,502206,CapForm,NA
2012-07-01,Canada,Seasonally adjusted at annual rates,Chained (2017) dollars,NA,501494,CapForm,NA
2012-10-01,Canada,Seasonally adjusted at annual rates,Chained (2017) dollars,NA,505123,CapForm,NA
2013-01-01,Canada,Seasonally adjusted at annual rates,Chained (2017) dollars,NA,507906,CapForm,NA
2013-04-01,Canada,Seasonally adjusted at annual rates,Chained (2017) dollars,NA,508021,CapForm,NA
2013-07-01,Canada,Seasonally adjusted at annual rates,Chained (2017) dollars,NA,508568,CapForm,NA
2013-10-01,Canada,Seasonally adjusted at annual rates,Chained (2017) dollars,NA,510392,CapForm,NA
2014-01-01,Canada,Seasonally adjusted at annual rates,Chained (2017) dollars,NA,511565,CapForm,NA
2014-04-01,Canada,Seasonally adjusted at annual rates,Chained (2017) dollars,NA,516002,CapForm,NA
2014-07-01,Canada,Seasonally adjusted at annual rates,Chained (2017) dollars,NA,523084,CapForm,NA
2014-10-01,Canada,Seasonally adjusted at annual rates,Chained (2017) dollars,NA,530022,CapForm,NA
2015-01-01,Canada,Seasonally adjusted at annual rates,Chained (2017) dollars,NA,507681,CapForm,NA
2015-04-01,Canada,Seasonally adjusted at annual rates,Chained (2017) dollars,NA,493691,CapForm,NA
2015-07-01,Canada,Seasonally adjusted at annual rates,Chained (2017) dollars,NA,487400,CapForm,NA
2015-10-01,Canada,Seasonally adjusted at annual rates,Chained (2017) dollars,NA,483499,CapForm,NA
2016-01-01,Canada,Seasonally adjusted at annual rates,Chained (2017) dollars,NA,473959,CapForm,NA
2016-04-01,Canada,Seasonally adjusted at annual rates,Chained (2017) dollars,NA,470522,CapForm,NA
2016-07-01,Canada,Seasonally adjusted at annual rates,Chained (2017) dollars,NA,471885,CapForm,NA
2016-10-01,Canada,Seasonally adjusted at annual rates,Chained (2017) dollars,NA,464132,CapForm,NA
2017-01-01,Canada,Seasonally adjusted at annual rates,Chained (2017) dollars,NA,477459,CapForm,NA
2017-04-01,Canada,Seasonally adjusted at annual rates,Chained (2017) dollars,NA,481152,CapForm,NA
2017-07-01,Canada,Seasonally adjusted at annual rates,Chained (2017) dollars,NA,484748,CapForm,NA
2017-10-01,Canada,Seasonally adjusted at annual rates,Chained (2017) dollars,NA,500029,CapForm,NA
2018-01-01,Canada,Seasonally adjusted at annual rates,Chained (2017) dollars,NA,502230,CapForm,NA
2018-04-01,Canada,Seasonally adjusted at annual rates,Chained (2017) dollars,NA,502914,CapForm,NA
2018-07-01,Canada,Seasonally adjusted at annual rates,Chained (2017) dollars,NA,495344,CapForm,NA
2018-10-01,Canada,Seasonally adjusted at annual rates,Chained (2017) dollars,NA,488830,CapForm,NA
2019-01-01,Canada,Seasonally adjusted at annual rates,Chained (2017) dollars,NA,497737,CapForm,NA
2019-04-01,Canada,Seasonally adjusted at annual rates,Chained (2017) dollars,NA,496572,CapForm,NA
2019-07-01,Canada,Seasonally adjusted at annual rates,Chained (2017) dollars,NA,507190,CapForm,NA
2019-10-01,Canada,Seasonally adjusted at annual rates,Chained (2017) dollars,NA,503267,CapForm,NA
2020-01-01,Canada,Seasonally adjusted at annual rates,Chained (2017) dollars,NA,495226,CapForm,NA
2020-04-01,Canada,Seasonally adjusted at annual rates,Chained (2017) dollars,NA,430683,CapForm,NA
2020-07-01,Canada,Seasonally adjusted at annual rates,Chained (2017) dollars,NA,495131,CapForm,NA
2020-10-01,Canada,Seasonally adjusted at annual rates,Chained (2017) dollars,NA,508243,CapForm,NA
2021-01-01,Canada,Seasonally adjusted at annual rates,Chained (2017) dollars,NA,525670,CapForm,NA
2021-04-01,Canada,Seasonally adjusted at annual rates,Chained (2017) dollars,NA,533752,CapForm,NA
2021-07-01,Canada,Seasonally adjusted at annual rates,Chained (2017) dollars,NA,515892,CapForm,NA
2021-10-01,Canada,Seasonally adjusted at annual rates,Chained (2017) dollars,NA,523969,CapForm,NA
2022-01-01,Canada,Seasonally adjusted at annual rates,Chained (2017) dollars,NA,539558,CapForm,NA
2022-04-01,Canada,Seasonally adjusted at annual rates,Chained (2017) dollars,NA,527452,CapForm,NA
2022-07-01,Canada,Seasonally adjusted at annual rates,Chained (2017) dollars,NA,518740,CapForm,NA
2022-10-01,Canada,Seasonally adjusted at annual rates,Chained (2017) dollars,NA,513631,CapForm,NA
2023-01-01,Canada,Seasonally adjusted at annual rates,Chained (2017) dollars,NA,515514,CapForm,NA
2023-04-01,Canada,Seasonally adjusted at annual rates,Chained (2017) dollars,NA,525774,CapForm,NA
2023-07-01,Canada,Seasonally adjusted at annual rates,Chained (2017) dollars,NA,522435,CapForm,NA
2023-10-01,Canada,Seasonally adjusted at annual rates,Chained (2017) dollars,NA,514592,CapForm,NA
2024-01-01,Canada,Seasonally adjusted at annual rates,Chained (2017) dollars,NA,516381,CapForm,NA
2024-04-01,Canada,Seasonally adjusted at annual rates,Chained (2017) dollars,NA,523157,CapForm,NA
2024-07-01,Canada,Seasonally adjusted at annual rates,Chained (2017) dollars,NA,520083,CapForm,NA
2024-10-01,Canada,Seasonally adjusted at annual rates,Chained (2017) dollars,NA,532831,CapForm,NA
2025-01-01,Canada,Seasonally adjusted at annual rates,Chained (2017) dollars,NA,526704,CapForm,NA
2025-04-01,Canada,Seasonally adjusted at annual rates,Chained (2017) dollars,NA,528462,CapForm,NA
2025-07-01,Canada,Seasonally adjusted at annual rates,Chained (2017) dollars,NA,531249,CapForm,NA
2025-10-01,Canada,Seasonally adjusted at annual rates,Chained (2017) dollars,NA,535612,CapForm,NA
1961-01-01,Canada,Seasonally adjusted at annual rates,Chained (2017) dollars,NA,50011,CapFormBusiness,NA
1961-04-01,Canada,Seasonally adjusted at annual rates,Chained (2017) dollars,NA,50180,CapFormBusiness,NA
1961-07-01,Canada,Seasonally adjusted at annual rates,Chained (2017) dollars,NA,51835,CapFormBusiness,NA
1961-10-01,Canada,Seasonally adjusted at annual rates,Chained (2017) dollars,NA,51478,CapFormBusiness,NA
1962-01-01,Canada,Seasonally adjusted at annual rates,Chained (2017) dollars,NA,51237,CapFormBusiness,NA
1962-04-01,Canada,Seasonally adjusted at annual rates,Chained (2017) dollars,NA,51400,CapFormBusiness,NA
1962-07-01,Canada,Seasonally adjusted at annual rates,Chained (2017) dollars,NA,53668,CapFormBusiness,NA
1962-10-01,Canada,Seasonally adjusted at annual rates,Chained (2017) dollars,NA,53091,CapFormBusiness,NA
1963-01-01,Canada,Seasonally adjusted at annual rates,Chained (2017) dollars,NA,52447,CapFormBusiness,NA
1963-04-01,Canada,Seasonally adjusted at annual rates,Chained (2017) dollars,NA,53944,CapFormBusiness,NA
1963-07-01,Canada,Seasonally adjusted at annual rates,Chained (2017) dollars,NA,55359,CapFormBusiness,NA
1963-10-01,Canada,Seasonally adjusted at annual rates,Chained (2017) dollars,NA,58204,CapFormBusiness,NA
1964-01-01,Canada,Seasonally adjusted at annual rates,Chained (2017) dollars,NA,62055,CapFormBusiness,NA
1964-04-01,Canada,Seasonally adjusted at annual rates,Chained (2017) dollars,NA,62775,CapFormBusiness,NA
1964-07-01,Canada,Seasonally adjusted at annual rates,Chained (2017) dollars,NA,63668,CapFormBusiness,NA
1964-10-01,Canada,Seasonally adjusted at annual rates,Chained (2017) dollars,NA,68117,CapFormBusiness,NA
1965-01-01,Canada,Seasonally adjusted at annual rates,Chained (2017) dollars,NA,67304,CapFormBusiness,NA
1965-04-01,Canada,Seasonally adjusted at annual rates,Chained (2017) dollars,NA,68755,CapFormBusiness,NA
1965-07-01,Canada,Seasonally adjusted at annual rates,Chained (2017) dollars,NA,72366,CapFormBusiness,NA
1965-10-01,Canada,Seasonally adjusted at annual rates,Chained (2017) dollars,NA,74955,CapFormBusiness,NA
1966-01-01,Canada,Seasonally adjusted at annual rates,Chained (2017) dollars,NA,77458,CapFormBusiness,NA
1966-04-01,Canada,Seasonally adjusted at annual rates,Chained (2017) dollars,NA,79848,CapFormBusiness,NA
1966-07-01,Canada,Seasonally adjusted at annual rates,Chained (2017) dollars,NA,78816,CapFormBusiness,NA
1966-10-01,Canada,Seasonally adjusted at annual rates,Chained (2017) dollars,NA,79522,CapFormBusiness,NA
1967-01-01,Canada,Seasonally adjusted at annual rates,Chained (2017) dollars,NA,80104,CapFormBusiness,NA
1967-04-01,Canada,Seasonally adjusted at annual rates,Chained (2017) dollars,NA,79057,CapFormBusiness,NA
1967-07-01,Canada,Seasonally adjusted at annual rates,Chained (2017) dollars,NA,77785,CapFormBusiness,NA
1967-10-01,Canada,Seasonally adjusted at annual rates,Chained (2017) dollars,NA,76161,CapFormBusiness,NA
1968-01-01,Canada,Seasonally adjusted at annual rates,Chained (2017) dollars,NA,77995,CapFormBusiness,NA
1968-04-01,Canada,Seasonally adjusted at annual rates,Chained (2017) dollars,NA,78342,CapFormBusiness,NA
1968-07-01,Canada,Seasonally adjusted at annual rates,Chained (2017) dollars,NA,78413,CapFormBusiness,NA
1968-10-01,Canada,Seasonally adjusted at annual rates,Chained (2017) dollars,NA,80554,CapFormBusiness,NA
1969-01-01,Canada,Seasonally adjusted at annual rates,Chained (2017) dollars,NA,82587,CapFormBusiness,NA
1969-04-01,Canada,Seasonally adjusted at annual rates,Chained (2017) dollars,NA,83894,CapFormBusiness,NA
1969-07-01,Canada,Seasonally adjusted at annual rates,Chained (2017) dollars,NA,84717,CapFormBusiness,NA
1969-10-01,Canada,Seasonally adjusted at annual rates,Chained (2017) dollars,NA,85641,CapFormBusiness,NA
1970-01-01,Canada,Seasonally adjusted at annual rates,Chained (2017) dollars,NA,86530,CapFormBusiness,NA
1970-04-01,Canada,Seasonally adjusted at annual rates,Chained (2017) dollars,NA,82939,CapFormBusiness,NA
1970-07-01,Canada,Seasonally adjusted at annual rates,Chained (2017) dollars,NA,85181,CapFormBusiness,NA
1970-10-01,Canada,Seasonally adjusted at annual rates,Chained (2017) dollars,NA,86076,CapFormBusiness,NA
1971-01-01,Canada,Seasonally adjusted at annual rates,Chained (2017) dollars,NA,85882,CapFormBusiness,NA
1971-04-01,Canada,Seasonally adjusted at annual rates,Chained (2017) dollars,NA,89258,CapFormBusiness,NA
1971-07-01,Canada,Seasonally adjusted at annual rates,Chained (2017) dollars,NA,91373,CapFormBusiness,NA
1971-10-01,Canada,Seasonally adjusted at annual rates,Chained (2017) dollars,NA,93743,CapFormBusiness,NA
1972-01-01,Canada,Seasonally adjusted at annual rates,Chained (2017) dollars,NA,94631,CapFormBusiness,NA
1972-04-01,Canada,Seasonally adjusted at annual rates,Chained (2017) dollars,NA,95985,CapFormBusiness,NA
1972-07-01,Canada,Seasonally adjusted at annual rates,Chained (2017) dollars,NA,95515,CapFormBusiness,NA
1972-10-01,Canada,Seasonally adjusted at annual rates,Chained (2017) dollars,NA,95076,CapFormBusiness,NA
1973-01-01,Canada,Seasonally adjusted at annual rates,Chained (2017) dollars,NA,102135,CapFormBusiness,NA
1973-04-01,Canada,Seasonally adjusted at annual rates,Chained (2017) dollars,NA,104796,CapFormBusiness,NA
1973-07-01,Canada,Seasonally adjusted at annual rates,Chained (2017) dollars,NA,106987,CapFormBusiness,NA
1973-10-01,Canada,Seasonally adjusted at annual rates,Chained (2017) dollars,NA,111967,CapFormBusiness,NA
1974-01-01,Canada,Seasonally adjusted at annual rates,Chained (2017) dollars,NA,117304,CapFormBusiness,NA
1974-04-01,Canada,Seasonally adjusted at annual rates,Chained (2017) dollars,NA,112401,CapFormBusiness,NA
1974-07-01,Canada,Seasonally adjusted at annual rates,Chained (2017) dollars,NA,111140,CapFormBusiness,NA
1974-10-01,Canada,Seasonally adjusted at annual rates,Chained (2017) dollars,NA,110424,CapFormBusiness,NA
1975-01-01,Canada,Seasonally adjusted at annual rates,Chained (2017) dollars,NA,111915,CapFormBusiness,NA
1975-04-01,Canada,Seasonally adjusted at annual rates,Chained (2017) dollars,NA,115168,CapFormBusiness,NA
1975-07-01,Canada,Seasonally adjusted at annual rates,Chained (2017) dollars,NA,121273,CapFormBusiness,NA
1975-10-01,Canada,Seasonally adjusted at annual rates,Chained (2017) dollars,NA,123525,CapFormBusiness,NA
1976-01-01,Canada,Seasonally adjusted at annual rates,Chained (2017) dollars,NA,124970,CapFormBusiness,NA
1976-04-01,Canada,Seasonally adjusted at annual rates,Chained (2017) dollars,NA,130098,CapFormBusiness,NA
1976-07-01,Canada,Seasonally adjusted at annual rates,Chained (2017) dollars,NA,126967,CapFormBusiness,NA
1976-10-01,Canada,Seasonally adjusted at annual rates,Chained (2017) dollars,NA,127800,CapFormBusiness,NA
1977-01-01,Canada,Seasonally adjusted at annual rates,Chained (2017) dollars,NA,129725,CapFormBusiness,NA
1977-04-01,Canada,Seasonally adjusted at annual rates,Chained (2017) dollars,NA,130048,CapFormBusiness,NA
1977-07-01,Canada,Seasonally adjusted at annual rates,Chained (2017) dollars,NA,131417,CapFormBusiness,NA
1977-10-01,Canada,Seasonally adjusted at annual rates,Chained (2017) dollars,NA,129874,CapFormBusiness,NA
1978-01-01,Canada,Seasonally adjusted at annual rates,Chained (2017) dollars,NA,129976,CapFormBusiness,NA
1978-04-01,Canada,Seasonally adjusted at annual rates,Chained (2017) dollars,NA,133531,CapFormBusiness,NA
1978-07-01,Canada,Seasonally adjusted at annual rates,Chained (2017) dollars,NA,133940,CapFormBusiness,NA
1978-10-01,Canada,Seasonally adjusted at annual rates,Chained (2017) dollars,NA,135666,CapFormBusiness,NA
1979-01-01,Canada,Seasonally adjusted at annual rates,Chained (2017) dollars,NA,137883,CapFormBusiness,NA
1979-04-01,Canada,Seasonally adjusted at annual rates,Chained (2017) dollars,NA,139838,CapFormBusiness,NA
1979-07-01,Canada,Seasonally adjusted at annual rates,Chained (2017) dollars,NA,148456,CapFormBusiness,NA
1979-10-01,Canada,Seasonally adjusted at annual rates,Chained (2017) dollars,NA,149446,CapFormBusiness,NA
1980-01-01,Canada,Seasonally adjusted at annual rates,Chained (2017) dollars,NA,150642,CapFormBusiness,NA
1980-04-01,Canada,Seasonally adjusted at annual rates,Chained (2017) dollars,NA,145753,CapFormBusiness,NA
1980-07-01,Canada,Seasonally adjusted at annual rates,Chained (2017) dollars,NA,152511,CapFormBusiness,NA
1980-10-01,Canada,Seasonally adjusted at annual rates,Chained (2017) dollars,NA,157394,CapFormBusiness,NA
1981-01-01,Canada,Seasonally adjusted at annual rates,Chained (2017) dollars,NA,166419,CapFormBusiness,NA
1981-04-01,Canada,Seasonally adjusted at annual rates,Chained (2017) dollars,NA,171005,CapFormBusiness,NA
1981-07-01,Canada,Seasonally adjusted at annual rates,Chained (2017) dollars,NA,165762,CapFormBusiness,NA
1981-10-01,Canada,Seasonally adjusted at annual rates,Chained (2017) dollars,NA,163220,CapFormBusiness,NA
1982-01-01,Canada,Seasonally adjusted at annual rates,Chained (2017) dollars,NA,157245,CapFormBusiness,NA
1982-04-01,Canada,Seasonally adjusted at annual rates,Chained (2017) dollars,NA,144432,CapFormBusiness,NA
1982-07-01,Canada,Seasonally adjusted at annual rates,Chained (2017) dollars,NA,136632,CapFormBusiness,NA
1982-10-01,Canada,Seasonally adjusted at annual rates,Chained (2017) dollars,NA,139616,CapFormBusiness,NA
1983-01-01,Canada,Seasonally adjusted at annual rates,Chained (2017) dollars,NA,139185,CapFormBusiness,NA
1983-04-01,Canada,Seasonally adjusted at annual rates,Chained (2017) dollars,NA,142768,CapFormBusiness,NA
1983-07-01,Canada,Seasonally adjusted at annual rates,Chained (2017) dollars,NA,144235,CapFormBusiness,NA
1983-10-01,Canada,Seasonally adjusted at annual rates,Chained (2017) dollars,NA,145314,CapFormBusiness,NA
1984-01-01,Canada,Seasonally adjusted at annual rates,Chained (2017) dollars,NA,145235,CapFormBusiness,NA
1984-04-01,Canada,Seasonally adjusted at annual rates,Chained (2017) dollars,NA,144691,CapFormBusiness,NA
1984-07-01,Canada,Seasonally adjusted at annual rates,Chained (2017) dollars,NA,145487,CapFormBusiness,NA
1984-10-01,Canada,Seasonally adjusted at annual rates,Chained (2017) dollars,NA,145085,CapFormBusiness,NA
1985-01-01,Canada,Seasonally adjusted at annual rates,Chained (2017) dollars,NA,148537,CapFormBusiness,NA
1985-04-01,Canada,Seasonally adjusted at annual rates,Chained (2017) dollars,NA,155653,CapFormBusiness,NA
1985-07-01,Canada,Seasonally adjusted at annual rates,Chained (2017) dollars,NA,160753,CapFormBusiness,NA
1985-10-01,Canada,Seasonally adjusted at annual rates,Chained (2017) dollars,NA,162875,CapFormBusiness,NA
1986-01-01,Canada,Seasonally adjusted at annual rates,Chained (2017) dollars,NA,165249,CapFormBusiness,NA
1986-04-01,Canada,Seasonally adjusted at annual rates,Chained (2017) dollars,NA,165274,CapFormBusiness,NA
1986-07-01,Canada,Seasonally adjusted at annual rates,Chained (2017) dollars,NA,164672,CapFormBusiness,NA
1986-10-01,Canada,Seasonally adjusted at annual rates,Chained (2017) dollars,NA,165572,CapFormBusiness,NA
1987-01-01,Canada,Seasonally adjusted at annual rates,Chained (2017) dollars,NA,170021,CapFormBusiness,NA
1987-04-01,Canada,Seasonally adjusted at annual rates,Chained (2017) dollars,NA,178995,CapFormBusiness,NA
1987-07-01,Canada,Seasonally adjusted at annual rates,Chained (2017) dollars,NA,189636,CapFormBusiness,NA
1987-10-01,Canada,Seasonally adjusted at annual rates,Chained (2017) dollars,NA,193153,CapFormBusiness,NA
1988-01-01,Canada,Seasonally adjusted at annual rates,Chained (2017) dollars,NA,196681,CapFormBusiness,NA
1988-04-01,Canada,Seasonally adjusted at annual rates,Chained (2017) dollars,NA,198408,CapFormBusiness,NA
1988-07-01,Canada,Seasonally adjusted at annual rates,Chained (2017) dollars,NA,205706,CapFormBusiness,NA
1988-10-01,Canada,Seasonally adjusted at annual rates,Chained (2017) dollars,NA,202565,CapFormBusiness,NA
1989-01-01,Canada,Seasonally adjusted at annual rates,Chained (2017) dollars,NA,211697,CapFormBusiness,NA
1989-04-01,Canada,Seasonally adjusted at annual rates,Chained (2017) dollars,NA,209466,CapFormBusiness,NA
1989-07-01,Canada,Seasonally adjusted at annual rates,Chained (2017) dollars,NA,207405,CapFormBusiness,NA
1989-10-01,Canada,Seasonally adjusted at annual rates,Chained (2017) dollars,NA,214099,CapFormBusiness,NA
1990-01-01,Canada,Seasonally adjusted at annual rates,Chained (2017) dollars,NA,209896,CapFormBusiness,NA
1990-04-01,Canada,Seasonally adjusted at annual rates,Chained (2017) dollars,NA,203883,CapFormBusiness,NA
1990-07-01,Canada,Seasonally adjusted at annual rates,Chained (2017) dollars,NA,196423,CapFormBusiness,NA
1990-10-01,Canada,Seasonally adjusted at annual rates,Chained (2017) dollars,NA,187980,CapFormBusiness,NA
1991-01-01,Canada,Seasonally adjusted at annual rates,Chained (2017) dollars,NA,189096,CapFormBusiness,NA
1991-04-01,Canada,Seasonally adjusted at annual rates,Chained (2017) dollars,NA,185572,CapFormBusiness,NA
1991-07-01,Canada,Seasonally adjusted at annual rates,Chained (2017) dollars,NA,186387,CapFormBusiness,NA
1991-10-01,Canada,Seasonally adjusted at annual rates,Chained (2017) dollars,NA,188664,CapFormBusiness,NA
1992-01-01,Canada,Seasonally adjusted at annual rates,Chained (2017) dollars,NA,187834,CapFormBusiness,NA
1992-04-01,Canada,Seasonally adjusted at annual rates,Chained (2017) dollars,NA,178541,CapFormBusiness,NA
1992-07-01,Canada,Seasonally adjusted at annual rates,Chained (2017) dollars,NA,183356,CapFormBusiness,NA
1992-10-01,Canada,Seasonally adjusted at annual rates,Chained (2017) dollars,NA,175124,CapFormBusiness,NA
1993-01-01,Canada,Seasonally adjusted at annual rates,Chained (2017) dollars,NA,171363,CapFormBusiness,NA
1993-04-01,Canada,Seasonally adjusted at annual rates,Chained (2017) dollars,NA,176098,CapFormBusiness,NA
1993-07-01,Canada,Seasonally adjusted at annual rates,Chained (2017) dollars,NA,180807,CapFormBusiness,NA
1993-10-01,Canada,Seasonally adjusted at annual rates,Chained (2017) dollars,NA,184272,CapFormBusiness,NA
1994-01-01,Canada,Seasonally adjusted at annual rates,Chained (2017) dollars,NA,186604,CapFormBusiness,NA
1994-04-01,Canada,Seasonally adjusted at annual rates,Chained (2017) dollars,NA,193586,CapFormBusiness,NA
1994-07-01,Canada,Seasonally adjusted at annual rates,Chained (2017) dollars,NA,192475,CapFormBusiness,NA
1994-10-01,Canada,Seasonally adjusted at annual rates,Chained (2017) dollars,NA,193316,CapFormBusiness,NA
1995-01-01,Canada,Seasonally adjusted at annual rates,Chained (2017) dollars,NA,188948,CapFormBusiness,NA
1995-04-01,Canada,Seasonally adjusted at annual rates,Chained (2017) dollars,NA,188629,CapFormBusiness,NA
1995-07-01,Canada,Seasonally adjusted at annual rates,Chained (2017) dollars,NA,187644,CapFormBusiness,NA
1995-10-01,Canada,Seasonally adjusted at annual rates,Chained (2017) dollars,NA,188317,CapFormBusiness,NA
1996-01-01,Canada,Seasonally adjusted at annual rates,Chained (2017) dollars,NA,193916,CapFormBusiness,NA
1996-04-01,Canada,Seasonally adjusted at annual rates,Chained (2017) dollars,NA,194939,CapFormBusiness,NA
1996-07-01,Canada,Seasonally adjusted at annual rates,Chained (2017) dollars,NA,204646,CapFormBusiness,NA
1996-10-01,Canada,Seasonally adjusted at annual rates,Chained (2017) dollars,NA,217294,CapFormBusiness,NA
1997-01-01,Canada,Seasonally adjusted at annual rates,Chained (2017) dollars,NA,223476,CapFormBusiness,NA
1997-04-01,Canada,Seasonally adjusted at annual rates,Chained (2017) dollars,NA,230996,CapFormBusiness,NA
1997-07-01,Canada,Seasonally adjusted at annual rates,Chained (2017) dollars,NA,238826,CapFormBusiness,NA
1997-10-01,Canada,Seasonally adjusted at annual rates,Chained (2017) dollars,NA,241628,CapFormBusiness,NA
1998-01-01,Canada,Seasonally adjusted at annual rates,Chained (2017) dollars,NA,240959,CapFormBusiness,NA
1998-04-01,Canada,Seasonally adjusted at annual rates,Chained (2017) dollars,NA,241782,CapFormBusiness,NA
1998-07-01,Canada,Seasonally adjusted at annual rates,Chained (2017) dollars,NA,242639,CapFormBusiness,NA
1998-10-01,Canada,Seasonally adjusted at annual rates,Chained (2017) dollars,NA,245318,CapFormBusiness,NA
1999-01-01,Canada,Seasonally adjusted at annual rates,Chained (2017) dollars,NA,245935,CapFormBusiness,NA
1999-04-01,Canada,Seasonally adjusted at annual rates,Chained (2017) dollars,NA,251237,CapFormBusiness,NA
1999-07-01,Canada,Seasonally adjusted at annual rates,Chained (2017) dollars,NA,252932,CapFormBusiness,NA
1999-10-01,Canada,Seasonally adjusted at annual rates,Chained (2017) dollars,NA,259330,CapFormBusiness,NA
2000-01-01,Canada,Seasonally adjusted at annual rates,Chained (2017) dollars,NA,262167,CapFormBusiness,NA
2000-04-01,Canada,Seasonally adjusted at annual rates,Chained (2017) dollars,NA,264700,CapFormBusiness,NA
2000-07-01,Canada,Seasonally adjusted at annual rates,Chained (2017) dollars,NA,267675,CapFormBusiness,NA
2000-10-01,Canada,Seasonally adjusted at annual rates,Chained (2017) dollars,NA,268403,CapFormBusiness,NA
2001-01-01,Canada,Seasonally adjusted at annual rates,Chained (2017) dollars,NA,274243,CapFormBusiness,NA
2001-04-01,Canada,Seasonally adjusted at annual rates,Chained (2017) dollars,NA,277837,CapFormBusiness,NA
2001-07-01,Canada,Seasonally adjusted at annual rates,Chained (2017) dollars,NA,280449,CapFormBusiness,NA
2001-10-01,Canada,Seasonally adjusted at annual rates,Chained (2017) dollars,NA,268952,CapFormBusiness,NA
2002-01-01,Canada,Seasonally adjusted at annual rates,Chained (2017) dollars,NA,270360,CapFormBusiness,NA
2002-04-01,Canada,Seasonally adjusted at annual rates,Chained (2017) dollars,NA,274632,CapFormBusiness,NA
2002-07-01,Canada,Seasonally adjusted at annual rates,Chained (2017) dollars,NA,279648,CapFormBusiness,NA
2002-10-01,Canada,Seasonally adjusted at annual rates,Chained (2017) dollars,NA,280945,CapFormBusiness,NA
2003-01-01,Canada,Seasonally adjusted at annual rates,Chained (2017) dollars,NA,283283,CapFormBusiness,NA
2003-04-01,Canada,Seasonally adjusted at annual rates,Chained (2017) dollars,NA,285470,CapFormBusiness,NA
2003-07-01,Canada,Seasonally adjusted at annual rates,Chained (2017) dollars,NA,295801,CapFormBusiness,NA
2003-10-01,Canada,Seasonally adjusted at annual rates,Chained (2017) dollars,NA,303306,CapFormBusiness,NA
2004-01-01,Canada,Seasonally adjusted at annual rates,Chained (2017) dollars,NA,310769,CapFormBusiness,NA
2004-04-01,Canada,Seasonally adjusted at annual rates,Chained (2017) dollars,NA,316274,CapFormBusiness,NA
2004-07-01,Canada,Seasonally adjusted at annual rates,Chained (2017) dollars,NA,321114,CapFormBusiness,NA
2004-10-01,Canada,Seasonally adjusted at annual rates,Chained (2017) dollars,NA,326040,CapFormBusiness,NA
2005-01-01,Canada,Seasonally adjusted at annual rates,Chained (2017) dollars,NA,333307,CapFormBusiness,NA
2005-04-01,Canada,Seasonally adjusted at annual rates,Chained (2017) dollars,NA,340880,CapFormBusiness,NA
2005-07-01,Canada,Seasonally adjusted at annual rates,Chained (2017) dollars,NA,350473,CapFormBusiness,NA
2005-10-01,Canada,Seasonally adjusted at annual rates,Chained (2017) dollars,NA,357985,CapFormBusiness,NA
2006-01-01,Canada,Seasonally adjusted at annual rates,Chained (2017) dollars,NA,365703,CapFormBusiness,NA
2006-04-01,Canada,Seasonally adjusted at annual rates,Chained (2017) dollars,NA,369126,CapFormBusiness,NA
2006-07-01,Canada,Seasonally adjusted at annual rates,Chained (2017) dollars,NA,368874,CapFormBusiness,NA
2006-10-01,Canada,Seasonally adjusted at annual rates,Chained (2017) dollars,NA,370194,CapFormBusiness,NA
2007-01-01,Canada,Seasonally adjusted at annual rates,Chained (2017) dollars,NA,375466,CapFormBusiness,NA
2007-04-01,Canada,Seasonally adjusted at annual rates,Chained (2017) dollars,NA,377593,CapFormBusiness,NA
2007-07-01,Canada,Seasonally adjusted at annual rates,Chained (2017) dollars,NA,378410,CapFormBusiness,NA
2007-10-01,Canada,Seasonally adjusted at annual rates,Chained (2017) dollars,NA,383534,CapFormBusiness,NA
2008-01-01,Canada,Seasonally adjusted at annual rates,Chained (2017) dollars,NA,390538,CapFormBusiness,NA
2008-04-01,Canada,Seasonally adjusted at annual rates,Chained (2017) dollars,NA,387750,CapFormBusiness,NA
2008-07-01,Canada,Seasonally adjusted at annual rates,Chained (2017) dollars,NA,383902,CapFormBusiness,NA
2008-10-01,Canada,Seasonally adjusted at annual rates,Chained (2017) dollars,NA,363602,CapFormBusiness,NA
2009-01-01,Canada,Seasonally adjusted at annual rates,Chained (2017) dollars,NA,319533,CapFormBusiness,NA
2009-04-01,Canada,Seasonally adjusted at annual rates,Chained (2017) dollars,NA,314887,CapFormBusiness,NA
2009-07-01,Canada,Seasonally adjusted at annual rates,Chained (2017) dollars,NA,321154,CapFormBusiness,NA
2009-10-01,Canada,Seasonally adjusted at annual rates,Chained (2017) dollars,NA,334170,CapFormBusiness,NA
2010-01-01,Canada,Seasonally adjusted at annual rates,Chained (2017) dollars,NA,348687,CapFormBusiness,NA
2010-04-01,Canada,Seasonally adjusted at annual rates,Chained (2017) dollars,NA,357141,CapFormBusiness,NA
2010-07-01,Canada,Seasonally adjusted at annual rates,Chained (2017) dollars,NA,362338,CapFormBusiness,NA
2010-10-01,Canada,Seasonally adjusted at annual rates,Chained (2017) dollars,NA,371012,CapFormBusiness,NA
2011-01-01,Canada,Seasonally adjusted at annual rates,Chained (2017) dollars,NA,378262,CapFormBusiness,NA
2011-04-01,Canada,Seasonally adjusted at annual rates,Chained (2017) dollars,NA,385379,CapFormBusiness,NA
2011-07-01,Canada,Seasonally adjusted at annual rates,Chained (2017) dollars,NA,390832,CapFormBusiness,NA
2011-10-01,Canada,Seasonally adjusted at annual rates,Chained (2017) dollars,NA,398389,CapFormBusiness,NA
2012-01-01,Canada,Seasonally adjusted at annual rates,Chained (2017) dollars,NA,409763,CapFormBusiness,NA
2012-04-01,Canada,Seasonally adjusted at annual rates,Chained (2017) dollars,NA,413957,CapFormBusiness,NA
2012-07-01,Canada,Seasonally adjusted at annual rates,Chained (2017) dollars,NA,413779,CapFormBusiness,NA
2012-10-01,Canada,Seasonally adjusted at annual rates,Chained (2017) dollars,NA,418203,CapFormBusiness,NA
2013-01-01,Canada,Seasonally adjusted at annual rates,Chained (2017) dollars,NA,421856,CapFormBusiness,NA
2013-04-01,Canada,Seasonally adjusted at annual rates,Chained (2017) dollars,NA,425564,CapFormBusiness,NA
2013-07-01,Canada,Seasonally adjusted at annual rates,Chained (2017) dollars,NA,426391,CapFormBusiness,NA
2013-10-01,Canada,Seasonally adjusted at annual rates,Chained (2017) dollars,NA,429673,CapFormBusiness,NA
2014-01-01,Canada,Seasonally adjusted at annual rates,Chained (2017) dollars,NA,431198,CapFormBusiness,NA
2014-04-01,Canada,Seasonally adjusted at annual rates,Chained (2017) dollars,NA,436240,CapFormBusiness,NA
2014-07-01,Canada,Seasonally adjusted at annual rates,Chained (2017) dollars,NA,442824,CapFormBusiness,NA
2014-10-01,Canada,Seasonally adjusted at annual rates,Chained (2017) dollars,NA,449476,CapFormBusiness,NA
2015-01-01,Canada,Seasonally adjusted at annual rates,Chained (2017) dollars,NA,425239,CapFormBusiness,NA
2015-04-01,Canada,Seasonally adjusted at annual rates,Chained (2017) dollars,NA,413212,CapFormBusiness,NA
2015-07-01,Canada,Seasonally adjusted at annual rates,Chained (2017) dollars,NA,406784,CapFormBusiness,NA
2015-10-01,Canada,Seasonally adjusted at annual rates,Chained (2017) dollars,NA,402435,CapFormBusiness,NA
2016-01-01,Canada,Seasonally adjusted at annual rates,Chained (2017) dollars,NA,392215,CapFormBusiness,NA
2016-04-01,Canada,Seasonally adjusted at annual rates,Chained (2017) dollars,NA,390639,CapFormBusiness,NA
2016-07-01,Canada,Seasonally adjusted at annual rates,Chained (2017) dollars,NA,392680,CapFormBusiness,NA
2016-10-01,Canada,Seasonally adjusted at annual rates,Chained (2017) dollars,NA,383863,CapFormBusiness,NA
2017-01-01,Canada,Seasonally adjusted at annual rates,Chained (2017) dollars,NA,395970,CapFormBusiness,NA
2017-04-01,Canada,Seasonally adjusted at annual rates,Chained (2017) dollars,NA,397971,CapFormBusiness,NA
2017-07-01,Canada,Seasonally adjusted at annual rates,Chained (2017) dollars,NA,398189,CapFormBusiness,NA
2017-10-01,Canada,Seasonally adjusted at annual rates,Chained (2017) dollars,NA,409683,CapFormBusiness,NA
2018-01-01,Canada,Seasonally adjusted at annual rates,Chained (2017) dollars,NA,411601,CapFormBusiness,NA
2018-04-01,Canada,Seasonally adjusted at annual rates,Chained (2017) dollars,NA,414708,CapFormBusiness,NA
2018-07-01,Canada,Seasonally adjusted at annual rates,Chained (2017) dollars,NA,407706,CapFormBusiness,NA
2018-10-01,Canada,Seasonally adjusted at annual rates,Chained (2017) dollars,NA,405001,CapFormBusiness,NA
2019-01-01,Canada,Seasonally adjusted at annual rates,Chained (2017) dollars,NA,414108,CapFormBusiness,NA
2019-04-01,Canada,Seasonally adjusted at annual rates,Chained (2017) dollars,NA,412963,CapFormBusiness,NA
2019-07-01,Canada,Seasonally adjusted at annual rates,Chained (2017) dollars,NA,421284,CapFormBusiness,NA
2019-10-01,Canada,Seasonally adjusted at annual rates,Chained (2017) dollars,NA,417532,CapFormBusiness,NA
2020-01-01,Canada,Seasonally adjusted at annual rates,Chained (2017) dollars,NA,409154,CapFormBusiness,NA
2020-04-01,Canada,Seasonally adjusted at annual rates,Chained (2017) dollars,NA,345757,CapFormBusiness,NA
2020-07-01,Canada,Seasonally adjusted at annual rates,Chained (2017) dollars,NA,407154,CapFormBusiness,NA
2020-10-01,Canada,Seasonally adjusted at annual rates,Chained (2017) dollars,NA,420120,CapFormBusiness,NA
2021-01-01,Canada,Seasonally adjusted at annual rates,Chained (2017) dollars,NA,436945,CapFormBusiness,NA
2021-04-01,Canada,Seasonally adjusted at annual rates,Chained (2017) dollars,NA,446250,CapFormBusiness,NA
2021-07-01,Canada,Seasonally adjusted at annual rates,Chained (2017) dollars,NA,428444,CapFormBusiness,NA
2021-10-01,Canada,Seasonally adjusted at annual rates,Chained (2017) dollars,NA,435768,CapFormBusiness,NA
2022-01-01,Canada,Seasonally adjusted at annual rates,Chained (2017) dollars,NA,450092,CapFormBusiness,NA
2022-04-01,Canada,Seasonally adjusted at annual rates,Chained (2017) dollars,NA,438603,CapFormBusiness,NA
2022-07-01,Canada,Seasonally adjusted at annual rates,Chained (2017) dollars,NA,432265,CapFormBusiness,NA
2022-10-01,Canada,Seasonally adjusted at annual rates,Chained (2017) dollars,NA,426204,CapFormBusiness,NA
2023-01-01,Canada,Seasonally adjusted at annual rates,Chained (2017) dollars,NA,424159,CapFormBusiness,NA
2023-04-01,Canada,Seasonally adjusted at annual rates,Chained (2017) dollars,NA,433318,CapFormBusiness,NA
2023-07-01,Canada,Seasonally adjusted at annual rates,Chained (2017) dollars,NA,428876,CapFormBusiness,NA
2023-10-01,Canada,Seasonally adjusted at annual rates,Chained (2017) dollars,NA,420062,CapFormBusiness,NA
2024-01-01,Canada,Seasonally adjusted at annual rates,Chained (2017) dollars,NA,419511,CapFormBusiness,NA
2024-04-01,Canada,Seasonally adjusted at annual rates,Chained (2017) dollars,NA,425004,CapFormBusiness,NA
2024-07-01,Canada,Seasonally adjusted at annual rates,Chained (2017) dollars,NA,421391,CapFormBusiness,NA
2024-10-01,Canada,Seasonally adjusted at annual rates,Chained (2017) dollars,NA,432232,CapFormBusiness,NA
2025-01-01,Canada,Seasonally adjusted at annual rates,Chained (2017) dollars,NA,426697,CapFormBusiness,NA
2025-04-01,Canada,Seasonally adjusted at annual rates,Chained (2017) dollars,NA,426155,CapFormBusiness,NA
2025-07-01,Canada,Seasonally adjusted at annual rates,Chained (2017) dollars,NA,425188,CapFormBusiness,NA
2025-10-01,Canada,Seasonally adjusted at annual rates,Chained (2017) dollars,NA,424929,CapFormBusiness,NA
1961-01-01,Canada,Seasonally adjusted at annual rates,Chained (2017) dollars,NA,14738,CapFormGov,NA
1961-04-01,Canada,Seasonally adjusted at annual rates,Chained (2017) dollars,NA,16249,CapFormGov,NA
1961-07-01,Canada,Seasonally adjusted at annual rates,Chained (2017) dollars,NA,16813,CapFormGov,NA
1961-10-01,Canada,Seasonally adjusted at annual rates,Chained (2017) dollars,NA,17229,CapFormGov,NA
1962-01-01,Canada,Seasonally adjusted at annual rates,Chained (2017) dollars,NA,18509,CapFormGov,NA
1962-04-01,Canada,Seasonally adjusted at annual rates,Chained (2017) dollars,NA,17987,CapFormGov,NA
1962-07-01,Canada,Seasonally adjusted at annual rates,Chained (2017) dollars,NA,18008,CapFormGov,NA
1962-10-01,Canada,Seasonally adjusted at annual rates,Chained (2017) dollars,NA,17997,CapFormGov,NA
1963-01-01,Canada,Seasonally adjusted at annual rates,Chained (2017) dollars,NA,18059,CapFormGov,NA
1963-04-01,Canada,Seasonally adjusted at annual rates,Chained (2017) dollars,NA,18130,CapFormGov,NA
1963-07-01,Canada,Seasonally adjusted at annual rates,Chained (2017) dollars,NA,17915,CapFormGov,NA
1963-10-01,Canada,Seasonally adjusted at annual rates,Chained (2017) dollars,NA,18320,CapFormGov,NA
1964-01-01,Canada,Seasonally adjusted at annual rates,Chained (2017) dollars,NA,17946,CapFormGov,NA
1964-04-01,Canada,Seasonally adjusted at annual rates,Chained (2017) dollars,NA,18192,CapFormGov,NA
1964-07-01,Canada,Seasonally adjusted at annual rates,Chained (2017) dollars,NA,18560,CapFormGov,NA
1964-10-01,Canada,Seasonally adjusted at annual rates,Chained (2017) dollars,NA,19477,CapFormGov,NA
1965-01-01,Canada,Seasonally adjusted at annual rates,Chained (2017) dollars,NA,20440,CapFormGov,NA
1965-04-01,Canada,Seasonally adjusted at annual rates,Chained (2017) dollars,NA,20138,CapFormGov,NA
1965-07-01,Canada,Seasonally adjusted at annual rates,Chained (2017) dollars,NA,21193,CapFormGov,NA
1965-10-01,Canada,Seasonally adjusted at annual rates,Chained (2017) dollars,NA,21664,CapFormGov,NA
1966-01-01,Canada,Seasonally adjusted at annual rates,Chained (2017) dollars,NA,22310,CapFormGov,NA
1966-04-01,Canada,Seasonally adjusted at annual rates,Chained (2017) dollars,NA,22899,CapFormGov,NA
1966-07-01,Canada,Seasonally adjusted at annual rates,Chained (2017) dollars,NA,23012,CapFormGov,NA
1966-10-01,Canada,Seasonally adjusted at annual rates,Chained (2017) dollars,NA,23554,CapFormGov,NA
1967-01-01,Canada,Seasonally adjusted at annual rates,Chained (2017) dollars,NA,23221,CapFormGov,NA
1967-04-01,Canada,Seasonally adjusted at annual rates,Chained (2017) dollars,NA,23826,CapFormGov,NA
1967-07-01,Canada,Seasonally adjusted at annual rates,Chained (2017) dollars,NA,23698,CapFormGov,NA
1967-10-01,Canada,Seasonally adjusted at annual rates,Chained (2017) dollars,NA,23857,CapFormGov,NA
1968-01-01,Canada,Seasonally adjusted at annual rates,Chained (2017) dollars,NA,24108,CapFormGov,NA
1968-04-01,Canada,Seasonally adjusted at annual rates,Chained (2017) dollars,NA,23821,CapFormGov,NA
1968-07-01,Canada,Seasonally adjusted at annual rates,Chained (2017) dollars,NA,23786,CapFormGov,NA
1968-10-01,Canada,Seasonally adjusted at annual rates,Chained (2017) dollars,NA,24103,CapFormGov,NA
1969-01-01,Canada,Seasonally adjusted at annual rates,Chained (2017) dollars,NA,23212,CapFormGov,NA
1969-04-01,Canada,Seasonally adjusted at annual rates,Chained (2017) dollars,NA,23647,CapFormGov,NA
1969-07-01,Canada,Seasonally adjusted at annual rates,Chained (2017) dollars,NA,23684,CapFormGov,NA
1969-10-01,Canada,Seasonally adjusted at annual rates,Chained (2017) dollars,NA,23540,CapFormGov,NA
1970-01-01,Canada,Seasonally adjusted at annual rates,Chained (2017) dollars,NA,22808,CapFormGov,NA
1970-04-01,Canada,Seasonally adjusted at annual rates,Chained (2017) dollars,NA,22557,CapFormGov,NA
1970-07-01,Canada,Seasonally adjusted at annual rates,Chained (2017) dollars,NA,23150,CapFormGov,NA
1970-10-01,Canada,Seasonally adjusted at annual rates,Chained (2017) dollars,NA,24016,CapFormGov,NA
1971-01-01,Canada,Seasonally adjusted at annual rates,Chained (2017) dollars,NA,24979,CapFormGov,NA
1971-04-01,Canada,Seasonally adjusted at annual rates,Chained (2017) dollars,NA,26173,CapFormGov,NA
1971-07-01,Canada,Seasonally adjusted at annual rates,Chained (2017) dollars,NA,26814,CapFormGov,NA
1971-10-01,Canada,Seasonally adjusted at annual rates,Chained (2017) dollars,NA,26624,CapFormGov,NA
1972-01-01,Canada,Seasonally adjusted at annual rates,Chained (2017) dollars,NA,26035,CapFormGov,NA
1972-04-01,Canada,Seasonally adjusted at annual rates,Chained (2017) dollars,NA,26173,CapFormGov,NA
1972-07-01,Canada,Seasonally adjusted at annual rates,Chained (2017) dollars,NA,25697,CapFormGov,NA
1972-10-01,Canada,Seasonally adjusted at annual rates,Chained (2017) dollars,NA,24893,CapFormGov,NA
1973-01-01,Canada,Seasonally adjusted at annual rates,Chained (2017) dollars,NA,24318,CapFormGov,NA
1973-04-01,Canada,Seasonally adjusted at annual rates,Chained (2017) dollars,NA,24385,CapFormGov,NA
1973-07-01,Canada,Seasonally adjusted at annual rates,Chained (2017) dollars,NA,24678,CapFormGov,NA
1973-10-01,Canada,Seasonally adjusted at annual rates,Chained (2017) dollars,NA,24412,CapFormGov,NA
1974-01-01,Canada,Seasonally adjusted at annual rates,Chained (2017) dollars,NA,24385,CapFormGov,NA
1974-04-01,Canada,Seasonally adjusted at annual rates,Chained (2017) dollars,NA,24457,CapFormGov,NA
1974-07-01,Canada,Seasonally adjusted at annual rates,Chained (2017) dollars,NA,25815,CapFormGov,NA
1974-10-01,Canada,Seasonally adjusted at annual rates,Chained (2017) dollars,NA,25825,CapFormGov,NA
1975-01-01,Canada,Seasonally adjusted at annual rates,Chained (2017) dollars,NA,25661,CapFormGov,NA
1975-04-01,Canada,Seasonally adjusted at annual rates,Chained (2017) dollars,NA,26148,CapFormGov,NA
1975-07-01,Canada,Seasonally adjusted at annual rates,Chained (2017) dollars,NA,25661,CapFormGov,NA
1975-10-01,Canada,Seasonally adjusted at annual rates,Chained (2017) dollars,NA,25815,CapFormGov,NA
1976-01-01,Canada,Seasonally adjusted at annual rates,Chained (2017) dollars,NA,25954,CapFormGov,NA
1976-04-01,Canada,Seasonally adjusted at annual rates,Chained (2017) dollars,NA,25897,CapFormGov,NA
1976-07-01,Canada,Seasonally adjusted at annual rates,Chained (2017) dollars,NA,25093,CapFormGov,NA
1976-10-01,Canada,Seasonally adjusted at annual rates,Chained (2017) dollars,NA,25236,CapFormGov,NA
1977-01-01,Canada,Seasonally adjusted at annual rates,Chained (2017) dollars,NA,25564,CapFormGov,NA
1977-04-01,Canada,Seasonally adjusted at annual rates,Chained (2017) dollars,NA,26347,CapFormGov,NA
1977-07-01,Canada,Seasonally adjusted at annual rates,Chained (2017) dollars,NA,26726,CapFormGov,NA
1977-10-01,Canada,Seasonally adjusted at annual rates,Chained (2017) dollars,NA,27095,CapFormGov,NA
1978-01-01,Canada,Seasonally adjusted at annual rates,Chained (2017) dollars,NA,26434,CapFormGov,NA
1978-04-01,Canada,Seasonally adjusted at annual rates,Chained (2017) dollars,NA,26552,CapFormGov,NA
1978-07-01,Canada,Seasonally adjusted at annual rates,Chained (2017) dollars,NA,26035,CapFormGov,NA
1978-10-01,Canada,Seasonally adjusted at annual rates,Chained (2017) dollars,NA,26393,CapFormGov,NA
1979-01-01,Canada,Seasonally adjusted at annual rates,Chained (2017) dollars,NA,26086,CapFormGov,NA
1979-04-01,Canada,Seasonally adjusted at annual rates,Chained (2017) dollars,NA,25650,CapFormGov,NA
1979-07-01,Canada,Seasonally adjusted at annual rates,Chained (2017) dollars,NA,25722,CapFormGov,NA
1979-10-01,Canada,Seasonally adjusted at annual rates,Chained (2017) dollars,NA,25645,CapFormGov,NA
1980-01-01,Canada,Seasonally adjusted at annual rates,Chained (2017) dollars,NA,26649,CapFormGov,NA
1980-04-01,Canada,Seasonally adjusted at annual rates,Chained (2017) dollars,NA,27064,CapFormGov,NA
1980-07-01,Canada,Seasonally adjusted at annual rates,Chained (2017) dollars,NA,27576,CapFormGov,NA
1980-10-01,Canada,Seasonally adjusted at annual rates,Chained (2017) dollars,NA,27791,CapFormGov,NA
1981-01-01,Canada,Seasonally adjusted at annual rates,Chained (2017) dollars,NA,27719,CapFormGov,NA
1981-04-01,Canada,Seasonally adjusted at annual rates,Chained (2017) dollars,NA,28301,CapFormGov,NA
1981-07-01,Canada,Seasonally adjusted at annual rates,Chained (2017) dollars,NA,28652,CapFormGov,NA
1981-10-01,Canada,Seasonally adjusted at annual rates,Chained (2017) dollars,NA,29050,CapFormGov,NA
1982-01-01,Canada,Seasonally adjusted at annual rates,Chained (2017) dollars,NA,28911,CapFormGov,NA
1982-04-01,Canada,Seasonally adjusted at annual rates,Chained (2017) dollars,NA,29006,CapFormGov,NA
1982-07-01,Canada,Seasonally adjusted at annual rates,Chained (2017) dollars,NA,29114,CapFormGov,NA
1982-10-01,Canada,Seasonally adjusted at annual rates,Chained (2017) dollars,NA,30064,CapFormGov,NA
1983-01-01,Canada,Seasonally adjusted at annual rates,Chained (2017) dollars,NA,29474,CapFormGov,NA
1983-04-01,Canada,Seasonally adjusted at annual rates,Chained (2017) dollars,NA,29344,CapFormGov,NA
1983-07-01,Canada,Seasonally adjusted at annual rates,Chained (2017) dollars,NA,29689,CapFormGov,NA
1983-10-01,Canada,Seasonally adjusted at annual rates,Chained (2017) dollars,NA,29758,CapFormGov,NA
1984-01-01,Canada,Seasonally adjusted at annual rates,Chained (2017) dollars,NA,30347,CapFormGov,NA
1984-04-01,Canada,Seasonally adjusted at annual rates,Chained (2017) dollars,NA,30518,CapFormGov,NA
1984-07-01,Canada,Seasonally adjusted at annual rates,Chained (2017) dollars,NA,31283,CapFormGov,NA
1984-10-01,Canada,Seasonally adjusted at annual rates,Chained (2017) dollars,NA,31718,CapFormGov,NA
1985-01-01,Canada,Seasonally adjusted at annual rates,Chained (2017) dollars,NA,32656,CapFormGov,NA
1985-04-01,Canada,Seasonally adjusted at annual rates,Chained (2017) dollars,NA,34162,CapFormGov,NA
1985-07-01,Canada,Seasonally adjusted at annual rates,Chained (2017) dollars,NA,35062,CapFormGov,NA
1985-10-01,Canada,Seasonally adjusted at annual rates,Chained (2017) dollars,NA,34702,CapFormGov,NA
1986-01-01,Canada,Seasonally adjusted at annual rates,Chained (2017) dollars,NA,34406,CapFormGov,NA
1986-04-01,Canada,Seasonally adjusted at annual rates,Chained (2017) dollars,NA,33919,CapFormGov,NA
1986-07-01,Canada,Seasonally adjusted at annual rates,Chained (2017) dollars,NA,33249,CapFormGov,NA
1986-10-01,Canada,Seasonally adjusted at annual rates,Chained (2017) dollars,NA,32978,CapFormGov,NA
1987-01-01,Canada,Seasonally adjusted at annual rates,Chained (2017) dollars,NA,33673,CapFormGov,NA
1987-04-01,Canada,Seasonally adjusted at annual rates,Chained (2017) dollars,NA,33918,CapFormGov,NA
1987-07-01,Canada,Seasonally adjusted at annual rates,Chained (2017) dollars,NA,34381,CapFormGov,NA
1987-10-01,Canada,Seasonally adjusted at annual rates,Chained (2017) dollars,NA,34390,CapFormGov,NA
1988-01-01,Canada,Seasonally adjusted at annual rates,Chained (2017) dollars,NA,35339,CapFormGov,NA
1988-04-01,Canada,Seasonally adjusted at annual rates,Chained (2017) dollars,NA,36064,CapFormGov,NA
1988-07-01,Canada,Seasonally adjusted at annual rates,Chained (2017) dollars,NA,36618,CapFormGov,NA
1988-10-01,Canada,Seasonally adjusted at annual rates,Chained (2017) dollars,NA,36434,CapFormGov,NA
1989-01-01,Canada,Seasonally adjusted at annual rates,Chained (2017) dollars,NA,37510,CapFormGov,NA
1989-04-01,Canada,Seasonally adjusted at annual rates,Chained (2017) dollars,NA,37760,CapFormGov,NA
1989-07-01,Canada,Seasonally adjusted at annual rates,Chained (2017) dollars,NA,38723,CapFormGov,NA
1989-10-01,Canada,Seasonally adjusted at annual rates,Chained (2017) dollars,NA,40328,CapFormGov,NA
1990-01-01,Canada,Seasonally adjusted at annual rates,Chained (2017) dollars,NA,40682,CapFormGov,NA
1990-04-01,Canada,Seasonally adjusted at annual rates,Chained (2017) dollars,NA,40594,CapFormGov,NA
1990-07-01,Canada,Seasonally adjusted at annual rates,Chained (2017) dollars,NA,41321,CapFormGov,NA
1990-10-01,Canada,Seasonally adjusted at annual rates,Chained (2017) dollars,NA,41240,CapFormGov,NA
1991-01-01,Canada,Seasonally adjusted at annual rates,Chained (2017) dollars,NA,42005,CapFormGov,NA
1991-04-01,Canada,Seasonally adjusted at annual rates,Chained (2017) dollars,NA,42890,CapFormGov,NA
1991-07-01,Canada,Seasonally adjusted at annual rates,Chained (2017) dollars,NA,42709,CapFormGov,NA
1991-10-01,Canada,Seasonally adjusted at annual rates,Chained (2017) dollars,NA,43533,CapFormGov,NA
1992-01-01,Canada,Seasonally adjusted at annual rates,Chained (2017) dollars,NA,42791,CapFormGov,NA
1992-04-01,Canada,Seasonally adjusted at annual rates,Chained (2017) dollars,NA,42533,CapFormGov,NA
1992-07-01,Canada,Seasonally adjusted at annual rates,Chained (2017) dollars,NA,42210,CapFormGov,NA
1992-10-01,Canada,Seasonally adjusted at annual rates,Chained (2017) dollars,NA,41044,CapFormGov,NA
1993-01-01,Canada,Seasonally adjusted at annual rates,Chained (2017) dollars,NA,42385,CapFormGov,NA
1993-04-01,Canada,Seasonally adjusted at annual rates,Chained (2017) dollars,NA,42703,CapFormGov,NA
1993-07-01,Canada,Seasonally adjusted at annual rates,Chained (2017) dollars,NA,42691,CapFormGov,NA
1993-10-01,Canada,Seasonally adjusted at annual rates,Chained (2017) dollars,NA,42232,CapFormGov,NA
1994-01-01,Canada,Seasonally adjusted at annual rates,Chained (2017) dollars,NA,42921,CapFormGov,NA
1994-04-01,Canada,Seasonally adjusted at annual rates,Chained (2017) dollars,NA,43111,CapFormGov,NA
1994-07-01,Canada,Seasonally adjusted at annual rates,Chained (2017) dollars,NA,44405,CapFormGov,NA
1994-10-01,Canada,Seasonally adjusted at annual rates,Chained (2017) dollars,NA,45255,CapFormGov,NA
1995-01-01,Canada,Seasonally adjusted at annual rates,Chained (2017) dollars,NA,43552,CapFormGov,NA
1995-04-01,Canada,Seasonally adjusted at annual rates,Chained (2017) dollars,NA,43326,CapFormGov,NA
1995-07-01,Canada,Seasonally adjusted at annual rates,Chained (2017) dollars,NA,43748,CapFormGov,NA
1995-10-01,Canada,Seasonally adjusted at annual rates,Chained (2017) dollars,NA,44190,CapFormGov,NA
1996-01-01,Canada,Seasonally adjusted at annual rates,Chained (2017) dollars,NA,43663,CapFormGov,NA
1996-04-01,Canada,Seasonally adjusted at annual rates,Chained (2017) dollars,NA,42597,CapFormGov,NA
1996-07-01,Canada,Seasonally adjusted at annual rates,Chained (2017) dollars,NA,42596,CapFormGov,NA
1996-10-01,Canada,Seasonally adjusted at annual rates,Chained (2017) dollars,NA,41769,CapFormGov,NA
1997-01-01,Canada,Seasonally adjusted at annual rates,Chained (2017) dollars,NA,40135,CapFormGov,NA
1997-04-01,Canada,Seasonally adjusted at annual rates,Chained (2017) dollars,NA,39873,CapFormGov,NA
1997-07-01,Canada,Seasonally adjusted at annual rates,Chained (2017) dollars,NA,40328,CapFormGov,NA
1997-10-01,Canada,Seasonally adjusted at annual rates,Chained (2017) dollars,NA,40404,CapFormGov,NA
1998-01-01,Canada,Seasonally adjusted at annual rates,Chained (2017) dollars,NA,40709,CapFormGov,NA
1998-04-01,Canada,Seasonally adjusted at annual rates,Chained (2017) dollars,NA,40674,CapFormGov,NA
1998-07-01,Canada,Seasonally adjusted at annual rates,Chained (2017) dollars,NA,40459,CapFormGov,NA
1998-10-01,Canada,Seasonally adjusted at annual rates,Chained (2017) dollars,NA,40951,CapFormGov,NA
1999-01-01,Canada,Seasonally adjusted at annual rates,Chained (2017) dollars,NA,43477,CapFormGov,NA
1999-04-01,Canada,Seasonally adjusted at annual rates,Chained (2017) dollars,NA,45455,CapFormGov,NA
1999-07-01,Canada,Seasonally adjusted at annual rates,Chained (2017) dollars,NA,46090,CapFormGov,NA
1999-10-01,Canada,Seasonally adjusted at annual rates,Chained (2017) dollars,NA,47003,CapFormGov,NA
2000-01-01,Canada,Seasonally adjusted at annual rates,Chained (2017) dollars,NA,46924,CapFormGov,NA
2000-04-01,Canada,Seasonally adjusted at annual rates,Chained (2017) dollars,NA,46482,CapFormGov,NA
2000-07-01,Canada,Seasonally adjusted at annual rates,Chained (2017) dollars,NA,47229,CapFormGov,NA
2000-10-01,Canada,Seasonally adjusted at annual rates,Chained (2017) dollars,NA,47912,CapFormGov,NA
2001-01-01,Canada,Seasonally adjusted at annual rates,Chained (2017) dollars,NA,50688,CapFormGov,NA
2001-04-01,Canada,Seasonally adjusted at annual rates,Chained (2017) dollars,NA,51384,CapFormGov,NA
2001-07-01,Canada,Seasonally adjusted at annual rates,Chained (2017) dollars,NA,52759,CapFormGov,NA
2001-10-01,Canada,Seasonally adjusted at annual rates,Chained (2017) dollars,NA,55228,CapFormGov,NA
2002-01-01,Canada,Seasonally adjusted at annual rates,Chained (2017) dollars,NA,54318,CapFormGov,NA
2002-04-01,Canada,Seasonally adjusted at annual rates,Chained (2017) dollars,NA,54507,CapFormGov,NA
2002-07-01,Canada,Seasonally adjusted at annual rates,Chained (2017) dollars,NA,54697,CapFormGov,NA
2002-10-01,Canada,Seasonally adjusted at annual rates,Chained (2017) dollars,NA,54319,CapFormGov,NA
2003-01-01,Canada,Seasonally adjusted at annual rates,Chained (2017) dollars,NA,55041,CapFormGov,NA
2003-04-01,Canada,Seasonally adjusted at annual rates,Chained (2017) dollars,NA,56293,CapFormGov,NA
2003-07-01,Canada,Seasonally adjusted at annual rates,Chained (2017) dollars,NA,56901,CapFormGov,NA
2003-10-01,Canada,Seasonally adjusted at annual rates,Chained (2017) dollars,NA,57725,CapFormGov,NA
2004-01-01,Canada,Seasonally adjusted at annual rates,Chained (2017) dollars,NA,59158,CapFormGov,NA
2004-04-01,Canada,Seasonally adjusted at annual rates,Chained (2017) dollars,NA,59661,CapFormGov,NA
2004-07-01,Canada,Seasonally adjusted at annual rates,Chained (2017) dollars,NA,60190,CapFormGov,NA
2004-10-01,Canada,Seasonally adjusted at annual rates,Chained (2017) dollars,NA,61408,CapFormGov,NA
2005-01-01,Canada,Seasonally adjusted at annual rates,Chained (2017) dollars,NA,64010,CapFormGov,NA
2005-04-01,Canada,Seasonally adjusted at annual rates,Chained (2017) dollars,NA,65562,CapFormGov,NA
2005-07-01,Canada,Seasonally adjusted at annual rates,Chained (2017) dollars,NA,66669,CapFormGov,NA
2005-10-01,Canada,Seasonally adjusted at annual rates,Chained (2017) dollars,NA,67934,CapFormGov,NA
2006-01-01,Canada,Seasonally adjusted at annual rates,Chained (2017) dollars,NA,68044,CapFormGov,NA
2006-04-01,Canada,Seasonally adjusted at annual rates,Chained (2017) dollars,NA,68646,CapFormGov,NA
2006-07-01,Canada,Seasonally adjusted at annual rates,Chained (2017) dollars,NA,69068,CapFormGov,NA
2006-10-01,Canada,Seasonally adjusted at annual rates,Chained (2017) dollars,NA,70522,CapFormGov,NA
2007-01-01,Canada,Seasonally adjusted at annual rates,Chained (2017) dollars,NA,72408,CapFormGov,NA
2007-04-01,Canada,Seasonally adjusted at annual rates,Chained (2017) dollars,NA,73538,CapFormGov,NA
2007-07-01,Canada,Seasonally adjusted at annual rates,Chained (2017) dollars,NA,74382,CapFormGov,NA
2007-10-01,Canada,Seasonally adjusted at annual rates,Chained (2017) dollars,NA,74388,CapFormGov,NA
2008-01-01,Canada,Seasonally adjusted at annual rates,Chained (2017) dollars,NA,77397,CapFormGov,NA
2008-04-01,Canada,Seasonally adjusted at annual rates,Chained (2017) dollars,NA,77004,CapFormGov,NA
2008-07-01,Canada,Seasonally adjusted at annual rates,Chained (2017) dollars,NA,76617,CapFormGov,NA
2008-10-01,Canada,Seasonally adjusted at annual rates,Chained (2017) dollars,NA,77766,CapFormGov,NA
2009-01-01,Canada,Seasonally adjusted at annual rates,Chained (2017) dollars,NA,77837,CapFormGov,NA
2009-04-01,Canada,Seasonally adjusted at annual rates,Chained (2017) dollars,NA,80593,CapFormGov,NA
2009-07-01,Canada,Seasonally adjusted at annual rates,Chained (2017) dollars,NA,86854,CapFormGov,NA
2009-10-01,Canada,Seasonally adjusted at annual rates,Chained (2017) dollars,NA,92977,CapFormGov,NA
2010-01-01,Canada,Seasonally adjusted at annual rates,Chained (2017) dollars,NA,93657,CapFormGov,NA
2010-04-01,Canada,Seasonally adjusted at annual rates,Chained (2017) dollars,NA,94626,CapFormGov,NA
2010-07-01,Canada,Seasonally adjusted at annual rates,Chained (2017) dollars,NA,94562,CapFormGov,NA
2010-10-01,Canada,Seasonally adjusted at annual rates,Chained (2017) dollars,NA,93827,CapFormGov,NA
2011-01-01,Canada,Seasonally adjusted at annual rates,Chained (2017) dollars,NA,91761,CapFormGov,NA
2011-04-01,Canada,Seasonally adjusted at annual rates,Chained (2017) dollars,NA,88692,CapFormGov,NA
2011-07-01,Canada,Seasonally adjusted at annual rates,Chained (2017) dollars,NA,85183,CapFormGov,NA
2011-10-01,Canada,Seasonally adjusted at annual rates,Chained (2017) dollars,NA,82332,CapFormGov,NA
2012-01-01,Canada,Seasonally adjusted at annual rates,Chained (2017) dollars,NA,84278,CapFormGov,NA
2012-04-01,Canada,Seasonally adjusted at annual rates,Chained (2017) dollars,NA,85129,CapFormGov,NA
2012-07-01,Canada,Seasonally adjusted at annual rates,Chained (2017) dollars,NA,84507,CapFormGov,NA
2012-10-01,Canada,Seasonally adjusted at annual rates,Chained (2017) dollars,NA,83713,CapFormGov,NA
2013-01-01,Canada,Seasonally adjusted at annual rates,Chained (2017) dollars,NA,82796,CapFormGov,NA
2013-04-01,Canada,Seasonally adjusted at annual rates,Chained (2017) dollars,NA,79331,CapFormGov,NA
2013-07-01,Canada,Seasonally adjusted at annual rates,Chained (2017) dollars,NA,79029,CapFormGov,NA
2013-10-01,Canada,Seasonally adjusted at annual rates,Chained (2017) dollars,NA,77563,CapFormGov,NA
2014-01-01,Canada,Seasonally adjusted at annual rates,Chained (2017) dollars,NA,77025,CapFormGov,NA
2014-04-01,Canada,Seasonally adjusted at annual rates,Chained (2017) dollars,NA,76399,CapFormGov,NA
2014-07-01,Canada,Seasonally adjusted at annual rates,Chained (2017) dollars,NA,76993,CapFormGov,NA
2014-10-01,Canada,Seasonally adjusted at annual rates,Chained (2017) dollars,NA,77413,CapFormGov,NA
2015-01-01,Canada,Seasonally adjusted at annual rates,Chained (2017) dollars,NA,79438,CapFormGov,NA
2015-04-01,Canada,Seasonally adjusted at annual rates,Chained (2017) dollars,NA,77473,CapFormGov,NA
2015-07-01,Canada,Seasonally adjusted at annual rates,Chained (2017) dollars,NA,77559,CapFormGov,NA
2015-10-01,Canada,Seasonally adjusted at annual rates,Chained (2017) dollars,NA,78048,CapFormGov,NA
2016-01-01,Canada,Seasonally adjusted at annual rates,Chained (2017) dollars,NA,79321,CapFormGov,NA
2016-04-01,Canada,Seasonally adjusted at annual rates,Chained (2017) dollars,NA,77640,CapFormGov,NA
2016-07-01,Canada,Seasonally adjusted at annual rates,Chained (2017) dollars,NA,77039,CapFormGov,NA
2016-10-01,Canada,Seasonally adjusted at annual rates,Chained (2017) dollars,NA,78068,CapFormGov,NA
2017-01-01,Canada,Seasonally adjusted at annual rates,Chained (2017) dollars,NA,79267,CapFormGov,NA
2017-04-01,Canada,Seasonally adjusted at annual rates,Chained (2017) dollars,NA,80851,CapFormGov,NA
2017-07-01,Canada,Seasonally adjusted at annual rates,Chained (2017) dollars,NA,84206,CapFormGov,NA
2017-10-01,Canada,Seasonally adjusted at annual rates,Chained (2017) dollars,NA,87972,CapFormGov,NA
2018-01-01,Canada,Seasonally adjusted at annual rates,Chained (2017) dollars,NA,88225,CapFormGov,NA
2018-04-01,Canada,Seasonally adjusted at annual rates,Chained (2017) dollars,NA,85853,CapFormGov,NA
2018-07-01,Canada,Seasonally adjusted at annual rates,Chained (2017) dollars,NA,85343,CapFormGov,NA
2018-10-01,Canada,Seasonally adjusted at annual rates,Chained (2017) dollars,NA,81633,CapFormGov,NA
2019-01-01,Canada,Seasonally adjusted at annual rates,Chained (2017) dollars,NA,81609,CapFormGov,NA
2019-04-01,Canada,Seasonally adjusted at annual rates,Chained (2017) dollars,NA,81565,CapFormGov,NA
2019-07-01,Canada,Seasonally adjusted at annual rates,Chained (2017) dollars,NA,83849,CapFormGov,NA
2019-10-01,Canada,Seasonally adjusted at annual rates,Chained (2017) dollars,NA,83656,CapFormGov,NA
2020-01-01,Canada,Seasonally adjusted at annual rates,Chained (2017) dollars,NA,83930,CapFormGov,NA
2020-04-01,Canada,Seasonally adjusted at annual rates,Chained (2017) dollars,NA,82947,CapFormGov,NA
2020-07-01,Canada,Seasonally adjusted at annual rates,Chained (2017) dollars,NA,85609,CapFormGov,NA
2020-10-01,Canada,Seasonally adjusted at annual rates,Chained (2017) dollars,NA,85591,CapFormGov,NA
2021-01-01,Canada,Seasonally adjusted at annual rates,Chained (2017) dollars,NA,86049,CapFormGov,NA
2021-04-01,Canada,Seasonally adjusted at annual rates,Chained (2017) dollars,NA,84646,CapFormGov,NA
2021-07-01,Canada,Seasonally adjusted at annual rates,Chained (2017) dollars,NA,84841,CapFormGov,NA
2021-10-01,Canada,Seasonally adjusted at annual rates,Chained (2017) dollars,NA,85495,CapFormGov,NA
2022-01-01,Canada,Seasonally adjusted at annual rates,Chained (2017) dollars,NA,86476,CapFormGov,NA
2022-04-01,Canada,Seasonally adjusted at annual rates,Chained (2017) dollars,NA,85820,CapFormGov,NA
2022-07-01,Canada,Seasonally adjusted at annual rates,Chained (2017) dollars,NA,83436,CapFormGov,NA
2022-10-01,Canada,Seasonally adjusted at annual rates,Chained (2017) dollars,NA,84602,CapFormGov,NA
2023-01-01,Canada,Seasonally adjusted at annual rates,Chained (2017) dollars,NA,88537,CapFormGov,NA
2023-04-01,Canada,Seasonally adjusted at annual rates,Chained (2017) dollars,NA,89424,CapFormGov,NA
2023-07-01,Canada,Seasonally adjusted at annual rates,Chained (2017) dollars,NA,90504,CapFormGov,NA
2023-10-01,Canada,Seasonally adjusted at annual rates,Chained (2017) dollars,NA,91483,CapFormGov,NA
2024-01-01,Canada,Seasonally adjusted at annual rates,Chained (2017) dollars,NA,93839,CapFormGov,NA
2024-04-01,Canada,Seasonally adjusted at annual rates,Chained (2017) dollars,NA,95054,CapFormGov,NA
2024-07-01,Canada,Seasonally adjusted at annual rates,Chained (2017) dollars,NA,95578,CapFormGov,NA
2024-10-01,Canada,Seasonally adjusted at annual rates,Chained (2017) dollars,NA,97431,CapFormGov,NA
2025-01-01,Canada,Seasonally adjusted at annual rates,Chained (2017) dollars,NA,97071,CapFormGov,NA
2025-04-01,Canada,Seasonally adjusted at annual rates,Chained (2017) dollars,NA,99230,CapFormGov,NA
2025-07-01,Canada,Seasonally adjusted at annual rates,Chained (2017) dollars,NA,103085,CapFormGov,NA
2025-10-01,Canada,Seasonally adjusted at annual rates,Chained (2017) dollars,NA,107972,CapFormGov,NA
1961-01-01,Canada,Seasonally adjusted at annual rates,Chained (2017) dollars,NA,16417,CapFormGovConstruction,NA
1961-04-01,Canada,Seasonally adjusted at annual rates,Chained (2017) dollars,NA,17980,CapFormGovConstruction,NA
1961-07-01,Canada,Seasonally adjusted at annual rates,Chained (2017) dollars,NA,18265,CapFormGovConstruction,NA
1961-10-01,Canada,Seasonally adjusted at annual rates,Chained (2017) dollars,NA,18244,CapFormGovConstruction,NA
1962-01-01,Canada,Seasonally adjusted at annual rates,Chained (2017) dollars,NA,20577,CapFormGovConstruction,NA
1962-04-01,Canada,Seasonally adjusted at annual rates,Chained (2017) dollars,NA,19353,CapFormGovConstruction,NA
1962-07-01,Canada,Seasonally adjusted at annual rates,Chained (2017) dollars,NA,19416,CapFormGovConstruction,NA
1962-10-01,Canada,Seasonally adjusted at annual rates,Chained (2017) dollars,NA,19501,CapFormGovConstruction,NA
1963-01-01,Canada,Seasonally adjusted at annual rates,Chained (2017) dollars,NA,19892,CapFormGovConstruction,NA
1963-04-01,Canada,Seasonally adjusted at annual rates,Chained (2017) dollars,NA,19723,CapFormGovConstruction,NA
1963-07-01,Canada,Seasonally adjusted at annual rates,Chained (2017) dollars,NA,19173,CapFormGovConstruction,NA
1963-10-01,Canada,Seasonally adjusted at annual rates,Chained (2017) dollars,NA,19649,CapFormGovConstruction,NA
1964-01-01,Canada,Seasonally adjusted at annual rates,Chained (2017) dollars,NA,18973,CapFormGovConstruction,NA
1964-04-01,Canada,Seasonally adjusted at annual rates,Chained (2017) dollars,NA,19227,CapFormGovConstruction,NA
1964-07-01,Canada,Seasonally adjusted at annual rates,Chained (2017) dollars,NA,19628,CapFormGovConstruction,NA
1964-10-01,Canada,Seasonally adjusted at annual rates,Chained (2017) dollars,NA,20789,CapFormGovConstruction,NA
1965-01-01,Canada,Seasonally adjusted at annual rates,Chained (2017) dollars,NA,22141,CapFormGovConstruction,NA
1965-04-01,Canada,Seasonally adjusted at annual rates,Chained (2017) dollars,NA,21445,CapFormGovConstruction,NA
1965-07-01,Canada,Seasonally adjusted at annual rates,Chained (2017) dollars,NA,22913,CapFormGovConstruction,NA
1965-10-01,Canada,Seasonally adjusted at annual rates,Chained (2017) dollars,NA,23113,CapFormGovConstruction,NA
1966-01-01,Canada,Seasonally adjusted at annual rates,Chained (2017) dollars,NA,23726,CapFormGovConstruction,NA
1966-04-01,Canada,Seasonally adjusted at annual rates,Chained (2017) dollars,NA,23979,CapFormGovConstruction,NA
1966-07-01,Canada,Seasonally adjusted at annual rates,Chained (2017) dollars,NA,23831,CapFormGovConstruction,NA
1966-10-01,Canada,Seasonally adjusted at annual rates,Chained (2017) dollars,NA,24475,CapFormGovConstruction,NA
1967-01-01,Canada,Seasonally adjusted at annual rates,Chained (2017) dollars,NA,24327,CapFormGovConstruction,NA
1967-04-01,Canada,Seasonally adjusted at annual rates,Chained (2017) dollars,NA,24909,CapFormGovConstruction,NA
1967-07-01,Canada,Seasonally adjusted at annual rates,Chained (2017) dollars,NA,24486,CapFormGovConstruction,NA
1967-10-01,Canada,Seasonally adjusted at annual rates,Chained (2017) dollars,NA,24655,CapFormGovConstruction,NA
1968-01-01,Canada,Seasonally adjusted at annual rates,Chained (2017) dollars,NA,24919,CapFormGovConstruction,NA
1968-04-01,Canada,Seasonally adjusted at annual rates,Chained (2017) dollars,NA,24518,CapFormGovConstruction,NA
1968-07-01,Canada,Seasonally adjusted at annual rates,Chained (2017) dollars,NA,24560,CapFormGovConstruction,NA
1968-10-01,Canada,Seasonally adjusted at annual rates,Chained (2017) dollars,NA,25130,CapFormGovConstruction,NA
1969-01-01,Canada,Seasonally adjusted at annual rates,Chained (2017) dollars,NA,24223,CapFormGovConstruction,NA
1969-04-01,Canada,Seasonally adjusted at annual rates,Chained (2017) dollars,NA,24899,CapFormGovConstruction,NA
1969-07-01,Canada,Seasonally adjusted at annual rates,Chained (2017) dollars,NA,25047,CapFormGovConstruction,NA
1969-10-01,Canada,Seasonally adjusted at annual rates,Chained (2017) dollars,NA,24888,CapFormGovConstruction,NA
1970-01-01,Canada,Seasonally adjusted at annual rates,Chained (2017) dollars,NA,24064,CapFormGovConstruction,NA
1970-04-01,Canada,Seasonally adjusted at annual rates,Chained (2017) dollars,NA,23579,CapFormGovConstruction,NA
1970-07-01,Canada,Seasonally adjusted at annual rates,Chained (2017) dollars,NA,24191,CapFormGovConstruction,NA
1970-10-01,Canada,Seasonally adjusted at annual rates,Chained (2017) dollars,NA,25026,CapFormGovConstruction,NA
1971-01-01,Canada,Seasonally adjusted at annual rates,Chained (2017) dollars,NA,26008,CapFormGovConstruction,NA
1971-04-01,Canada,Seasonally adjusted at annual rates,Chained (2017) dollars,NA,27220,CapFormGovConstruction,NA
1971-07-01,Canada,Seasonally adjusted at annual rates,Chained (2017) dollars,NA,27903,CapFormGovConstruction,NA
1971-10-01,Canada,Seasonally adjusted at annual rates,Chained (2017) dollars,NA,27426,CapFormGovConstruction,NA
1972-01-01,Canada,Seasonally adjusted at annual rates,Chained (2017) dollars,NA,26838,CapFormGovConstruction,NA
1972-04-01,Canada,Seasonally adjusted at annual rates,Chained (2017) dollars,NA,27059,CapFormGovConstruction,NA
1972-07-01,Canada,Seasonally adjusted at annual rates,Chained (2017) dollars,NA,26463,CapFormGovConstruction,NA
1972-10-01,Canada,Seasonally adjusted at annual rates,Chained (2017) dollars,NA,25383,CapFormGovConstruction,NA
1973-01-01,Canada,Seasonally adjusted at annual rates,Chained (2017) dollars,NA,24787,CapFormGovConstruction,NA
1973-04-01,Canada,Seasonally adjusted at annual rates,Chained (2017) dollars,NA,24581,CapFormGovConstruction,NA
1973-07-01,Canada,Seasonally adjusted at annual rates,Chained (2017) dollars,NA,23875,CapFormGovConstruction,NA
1973-10-01,Canada,Seasonally adjusted at annual rates,Chained (2017) dollars,NA,24184,CapFormGovConstruction,NA
1974-01-01,Canada,Seasonally adjusted at annual rates,Chained (2017) dollars,NA,23993,CapFormGovConstruction,NA
1974-04-01,Canada,Seasonally adjusted at annual rates,Chained (2017) dollars,NA,23721,CapFormGovConstruction,NA
1974-07-01,Canada,Seasonally adjusted at annual rates,Chained (2017) dollars,NA,25044,CapFormGovConstruction,NA
1974-10-01,Canada,Seasonally adjusted at annual rates,Chained (2017) dollars,NA,24941,CapFormGovConstruction,NA
1975-01-01,Canada,Seasonally adjusted at annual rates,Chained (2017) dollars,NA,25293,CapFormGovConstruction,NA
1975-04-01,Canada,Seasonally adjusted at annual rates,Chained (2017) dollars,NA,25683,CapFormGovConstruction,NA
1975-07-01,Canada,Seasonally adjusted at annual rates,Chained (2017) dollars,NA,25543,CapFormGovConstruction,NA
1975-10-01,Canada,Seasonally adjusted at annual rates,Chained (2017) dollars,NA,25550,CapFormGovConstruction,NA
1976-01-01,Canada,Seasonally adjusted at annual rates,Chained (2017) dollars,NA,25580,CapFormGovConstruction,NA
1976-04-01,Canada,Seasonally adjusted at annual rates,Chained (2017) dollars,NA,25308,CapFormGovConstruction,NA
1976-07-01,Canada,Seasonally adjusted at annual rates,Chained (2017) dollars,NA,24000,CapFormGovConstruction,NA
1976-10-01,Canada,Seasonally adjusted at annual rates,Chained (2017) dollars,NA,24221,CapFormGovConstruction,NA
1977-01-01,Canada,Seasonally adjusted at annual rates,Chained (2017) dollars,NA,24507,CapFormGovConstruction,NA
1977-04-01,Canada,Seasonally adjusted at annual rates,Chained (2017) dollars,NA,25330,CapFormGovConstruction,NA
1977-07-01,Canada,Seasonally adjusted at annual rates,Chained (2017) dollars,NA,25551,CapFormGovConstruction,NA
1977-10-01,Canada,Seasonally adjusted at annual rates,Chained (2017) dollars,NA,25749,CapFormGovConstruction,NA
1978-01-01,Canada,Seasonally adjusted at annual rates,Chained (2017) dollars,NA,24949,CapFormGovConstruction,NA
1978-04-01,Canada,Seasonally adjusted at annual rates,Chained (2017) dollars,NA,24890,CapFormGovConstruction,NA
1978-07-01,Canada,Seasonally adjusted at annual rates,Chained (2017) dollars,NA,24140,CapFormGovConstruction,NA
1978-10-01,Canada,Seasonally adjusted at annual rates,Chained (2017) dollars,NA,24751,CapFormGovConstruction,NA
1979-01-01,Canada,Seasonally adjusted at annual rates,Chained (2017) dollars,NA,24795,CapFormGovConstruction,NA
1979-04-01,Canada,Seasonally adjusted at annual rates,Chained (2017) dollars,NA,24163,CapFormGovConstruction,NA
1979-07-01,Canada,Seasonally adjusted at annual rates,Chained (2017) dollars,NA,24141,CapFormGovConstruction,NA
1979-10-01,Canada,Seasonally adjusted at annual rates,Chained (2017) dollars,NA,23935,CapFormGovConstruction,NA
1980-01-01,Canada,Seasonally adjusted at annual rates,Chained (2017) dollars,NA,24384,CapFormGovConstruction,NA
1980-04-01,Canada,Seasonally adjusted at annual rates,Chained (2017) dollars,NA,24288,CapFormGovConstruction,NA
1980-07-01,Canada,Seasonally adjusted at annual rates,Chained (2017) dollars,NA,24259,CapFormGovConstruction,NA
1980-10-01,Canada,Seasonally adjusted at annual rates,Chained (2017) dollars,NA,24053,CapFormGovConstruction,NA
1981-01-01,Canada,Seasonally adjusted at annual rates,Chained (2017) dollars,NA,23943,CapFormGovConstruction,NA
1981-04-01,Canada,Seasonally adjusted at annual rates,Chained (2017) dollars,NA,24281,CapFormGovConstruction,NA
1981-07-01,Canada,Seasonally adjusted at annual rates,Chained (2017) dollars,NA,24381,CapFormGovConstruction,NA
1981-10-01,Canada,Seasonally adjusted at annual rates,Chained (2017) dollars,NA,24850,CapFormGovConstruction,NA
1982-01-01,Canada,Seasonally adjusted at annual rates,Chained (2017) dollars,NA,25011,CapFormGovConstruction,NA
1982-04-01,Canada,Seasonally adjusted at annual rates,Chained (2017) dollars,NA,25134,CapFormGovConstruction,NA
1982-07-01,Canada,Seasonally adjusted at annual rates,Chained (2017) dollars,NA,25296,CapFormGovConstruction,NA
1982-10-01,Canada,Seasonally adjusted at annual rates,Chained (2017) dollars,NA,26337,CapFormGovConstruction,NA
1983-01-01,Canada,Seasonally adjusted at annual rates,Chained (2017) dollars,NA,24739,CapFormGovConstruction,NA
1983-04-01,Canada,Seasonally adjusted at annual rates,Chained (2017) dollars,NA,24120,CapFormGovConstruction,NA
1983-07-01,Canada,Seasonally adjusted at annual rates,Chained (2017) dollars,NA,23619,CapFormGovConstruction,NA
1983-10-01,Canada,Seasonally adjusted at annual rates,Chained (2017) dollars,NA,23424,CapFormGovConstruction,NA
1984-01-01,Canada,Seasonally adjusted at annual rates,Chained (2017) dollars,NA,23398,CapFormGovConstruction,NA
1984-04-01,Canada,Seasonally adjusted at annual rates,Chained (2017) dollars,NA,23691,CapFormGovConstruction,NA
1984-07-01,Canada,Seasonally adjusted at annual rates,Chained (2017) dollars,NA,23954,CapFormGovConstruction,NA
1984-10-01,Canada,Seasonally adjusted at annual rates,Chained (2017) dollars,NA,24171,CapFormGovConstruction,NA
1985-01-01,Canada,Seasonally adjusted at annual rates,Chained (2017) dollars,NA,25233,CapFormGovConstruction,NA
1985-04-01,Canada,Seasonally adjusted at annual rates,Chained (2017) dollars,NA,27146,CapFormGovConstruction,NA
1985-07-01,Canada,Seasonally adjusted at annual rates,Chained (2017) dollars,NA,28297,CapFormGovConstruction,NA
1985-10-01,Canada,Seasonally adjusted at annual rates,Chained (2017) dollars,NA,28350,CapFormGovConstruction,NA
1986-01-01,Canada,Seasonally adjusted at annual rates,Chained (2017) dollars,NA,27410,CapFormGovConstruction,NA
1986-04-01,Canada,Seasonally adjusted at annual rates,Chained (2017) dollars,NA,26386,CapFormGovConstruction,NA
1986-07-01,Canada,Seasonally adjusted at annual rates,Chained (2017) dollars,NA,25663,CapFormGovConstruction,NA
1986-10-01,Canada,Seasonally adjusted at annual rates,Chained (2017) dollars,NA,25082,CapFormGovConstruction,NA
1987-01-01,Canada,Seasonally adjusted at annual rates,Chained (2017) dollars,NA,26090,CapFormGovConstruction,NA
1987-04-01,Canada,Seasonally adjusted at annual rates,Chained (2017) dollars,NA,26564,CapFormGovConstruction,NA
1987-07-01,Canada,Seasonally adjusted at annual rates,Chained (2017) dollars,NA,26689,CapFormGovConstruction,NA
1987-10-01,Canada,Seasonally adjusted at annual rates,Chained (2017) dollars,NA,26519,CapFormGovConstruction,NA
1988-01-01,Canada,Seasonally adjusted at annual rates,Chained (2017) dollars,NA,26389,CapFormGovConstruction,NA
1988-04-01,Canada,Seasonally adjusted at annual rates,Chained (2017) dollars,NA,27036,CapFormGovConstruction,NA
1988-07-01,Canada,Seasonally adjusted at annual rates,Chained (2017) dollars,NA,26992,CapFormGovConstruction,NA
1988-10-01,Canada,Seasonally adjusted at annual rates,Chained (2017) dollars,NA,26697,CapFormGovConstruction,NA
1989-01-01,Canada,Seasonally adjusted at annual rates,Chained (2017) dollars,NA,27131,CapFormGovConstruction,NA
1989-04-01,Canada,Seasonally adjusted at annual rates,Chained (2017) dollars,NA,27662,CapFormGovConstruction,NA
1989-07-01,Canada,Seasonally adjusted at annual rates,Chained (2017) dollars,NA,29247,CapFormGovConstruction,NA
1989-10-01,Canada,Seasonally adjusted at annual rates,Chained (2017) dollars,NA,30535,CapFormGovConstruction,NA
1990-01-01,Canada,Seasonally adjusted at annual rates,Chained (2017) dollars,NA,30972,CapFormGovConstruction,NA
1990-04-01,Canada,Seasonally adjusted at annual rates,Chained (2017) dollars,NA,30710,CapFormGovConstruction,NA
1990-07-01,Canada,Seasonally adjusted at annual rates,Chained (2017) dollars,NA,31138,CapFormGovConstruction,NA
1990-10-01,Canada,Seasonally adjusted at annual rates,Chained (2017) dollars,NA,30963,CapFormGovConstruction,NA
1991-01-01,Canada,Seasonally adjusted at annual rates,Chained (2017) dollars,NA,31020,CapFormGovConstruction,NA
1991-04-01,Canada,Seasonally adjusted at annual rates,Chained (2017) dollars,NA,31860,CapFormGovConstruction,NA
1991-07-01,Canada,Seasonally adjusted at annual rates,Chained (2017) dollars,NA,31722,CapFormGovConstruction,NA
1991-10-01,Canada,Seasonally adjusted at annual rates,Chained (2017) dollars,NA,32493,CapFormGovConstruction,NA
1992-01-01,Canada,Seasonally adjusted at annual rates,Chained (2017) dollars,NA,31681,CapFormGovConstruction,NA
1992-04-01,Canada,Seasonally adjusted at annual rates,Chained (2017) dollars,NA,31589,CapFormGovConstruction,NA
1992-07-01,Canada,Seasonally adjusted at annual rates,Chained (2017) dollars,NA,30696,CapFormGovConstruction,NA
1992-10-01,Canada,Seasonally adjusted at annual rates,Chained (2017) dollars,NA,29188,CapFormGovConstruction,NA
1993-01-01,Canada,Seasonally adjusted at annual rates,Chained (2017) dollars,NA,29667,CapFormGovConstruction,NA
1993-04-01,Canada,Seasonally adjusted at annual rates,Chained (2017) dollars,NA,29382,CapFormGovConstruction,NA
1993-07-01,Canada,Seasonally adjusted at annual rates,Chained (2017) dollars,NA,29800,CapFormGovConstruction,NA
1993-10-01,Canada,Seasonally adjusted at annual rates,Chained (2017) dollars,NA,29600,CapFormGovConstruction,NA
1994-01-01,Canada,Seasonally adjusted at annual rates,Chained (2017) dollars,NA,31509,CapFormGovConstruction,NA
1994-04-01,Canada,Seasonally adjusted at annual rates,Chained (2017) dollars,NA,31776,CapFormGovConstruction,NA
1994-07-01,Canada,Seasonally adjusted at annual rates,Chained (2017) dollars,NA,32979,CapFormGovConstruction,NA
1994-10-01,Canada,Seasonally adjusted at annual rates,Chained (2017) dollars,NA,33769,CapFormGovConstruction,NA
1995-01-01,Canada,Seasonally adjusted at annual rates,Chained (2017) dollars,NA,31114,CapFormGovConstruction,NA
1995-04-01,Canada,Seasonally adjusted at annual rates,Chained (2017) dollars,NA,30569,CapFormGovConstruction,NA
1995-07-01,Canada,Seasonally adjusted at annual rates,Chained (2017) dollars,NA,31296,CapFormGovConstruction,NA
1995-10-01,Canada,Seasonally adjusted at annual rates,Chained (2017) dollars,NA,31253,CapFormGovConstruction,NA
1996-01-01,Canada,Seasonally adjusted at annual rates,Chained (2017) dollars,NA,29509,CapFormGovConstruction,NA
1996-04-01,Canada,Seasonally adjusted at annual rates,Chained (2017) dollars,NA,28631,CapFormGovConstruction,NA
1996-07-01,Canada,Seasonally adjusted at annual rates,Chained (2017) dollars,NA,28839,CapFormGovConstruction,NA
1996-10-01,Canada,Seasonally adjusted at annual rates,Chained (2017) dollars,NA,28397,CapFormGovConstruction,NA
1997-01-01,Canada,Seasonally adjusted at annual rates,Chained (2017) dollars,NA,27550,CapFormGovConstruction,NA
1997-04-01,Canada,Seasonally adjusted at annual rates,Chained (2017) dollars,NA,27349,CapFormGovConstruction,NA
1997-07-01,Canada,Seasonally adjusted at annual rates,Chained (2017) dollars,NA,26991,CapFormGovConstruction,NA
1997-10-01,Canada,Seasonally adjusted at annual rates,Chained (2017) dollars,NA,26481,CapFormGovConstruction,NA
1998-01-01,Canada,Seasonally adjusted at annual rates,Chained (2017) dollars,NA,26258,CapFormGovConstruction,NA
1998-04-01,Canada,Seasonally adjusted at annual rates,Chained (2017) dollars,NA,26388,CapFormGovConstruction,NA
1998-07-01,Canada,Seasonally adjusted at annual rates,Chained (2017) dollars,NA,26518,CapFormGovConstruction,NA
1998-10-01,Canada,Seasonally adjusted at annual rates,Chained (2017) dollars,NA,26459,CapFormGovConstruction,NA
1999-01-01,Canada,Seasonally adjusted at annual rates,Chained (2017) dollars,NA,27307,CapFormGovConstruction,NA
1999-04-01,Canada,Seasonally adjusted at annual rates,Chained (2017) dollars,NA,27884,CapFormGovConstruction,NA
1999-07-01,Canada,Seasonally adjusted at annual rates,Chained (2017) dollars,NA,28322,CapFormGovConstruction,NA
1999-10-01,Canada,Seasonally adjusted at annual rates,Chained (2017) dollars,NA,29054,CapFormGovConstruction,NA
2000-01-01,Canada,Seasonally adjusted at annual rates,Chained (2017) dollars,NA,28834,CapFormGovConstruction,NA
2000-04-01,Canada,Seasonally adjusted at annual rates,Chained (2017) dollars,NA,28205,CapFormGovConstruction,NA
2000-07-01,Canada,Seasonally adjusted at annual rates,Chained (2017) dollars,NA,28005,CapFormGovConstruction,NA
2000-10-01,Canada,Seasonally adjusted at annual rates,Chained (2017) dollars,NA,28109,CapFormGovConstruction,NA
2001-01-01,Canada,Seasonally adjusted at annual rates,Chained (2017) dollars,NA,30117,CapFormGovConstruction,NA
2001-04-01,Canada,Seasonally adjusted at annual rates,Chained (2017) dollars,NA,30962,CapFormGovConstruction,NA
2001-07-01,Canada,Seasonally adjusted at annual rates,Chained (2017) dollars,NA,32275,CapFormGovConstruction,NA
2001-10-01,Canada,Seasonally adjusted at annual rates,Chained (2017) dollars,NA,34315,CapFormGovConstruction,NA
2002-01-01,Canada,Seasonally adjusted at annual rates,Chained (2017) dollars,NA,34117,CapFormGovConstruction,NA
2002-04-01,Canada,Seasonally adjusted at annual rates,Chained (2017) dollars,NA,34177,CapFormGovConstruction,NA
2002-07-01,Canada,Seasonally adjusted at annual rates,Chained (2017) dollars,NA,33701,CapFormGovConstruction,NA
2002-10-01,Canada,Seasonally adjusted at annual rates,Chained (2017) dollars,NA,34046,CapFormGovConstruction,NA
2003-01-01,Canada,Seasonally adjusted at annual rates,Chained (2017) dollars,NA,33853,CapFormGovConstruction,NA
2003-04-01,Canada,Seasonally adjusted at annual rates,Chained (2017) dollars,NA,33975,CapFormGovConstruction,NA
2003-07-01,Canada,Seasonally adjusted at annual rates,Chained (2017) dollars,NA,33686,CapFormGovConstruction,NA
2003-10-01,Canada,Seasonally adjusted at annual rates,Chained (2017) dollars,NA,34162,CapFormGovConstruction,NA
2004-01-01,Canada,Seasonally adjusted at annual rates,Chained (2017) dollars,NA,35645,CapFormGovConstruction,NA
2004-04-01,Canada,Seasonally adjusted at annual rates,Chained (2017) dollars,NA,35725,CapFormGovConstruction,NA
2004-07-01,Canada,Seasonally adjusted at annual rates,Chained (2017) dollars,NA,35603,CapFormGovConstruction,NA
2004-10-01,Canada,Seasonally adjusted at annual rates,Chained (2017) dollars,NA,36142,CapFormGovConstruction,NA
2005-01-01,Canada,Seasonally adjusted at annual rates,Chained (2017) dollars,NA,37589,CapFormGovConstruction,NA
2005-04-01,Canada,Seasonally adjusted at annual rates,Chained (2017) dollars,NA,38570,CapFormGovConstruction,NA
2005-07-01,Canada,Seasonally adjusted at annual rates,Chained (2017) dollars,NA,39251,CapFormGovConstruction,NA
2005-10-01,Canada,Seasonally adjusted at annual rates,Chained (2017) dollars,NA,40346,CapFormGovConstruction,NA
2006-01-01,Canada,Seasonally adjusted at annual rates,Chained (2017) dollars,NA,41233,CapFormGovConstruction,NA
2006-04-01,Canada,Seasonally adjusted at annual rates,Chained (2017) dollars,NA,41209,CapFormGovConstruction,NA
2006-07-01,Canada,Seasonally adjusted at annual rates,Chained (2017) dollars,NA,41182,CapFormGovConstruction,NA
2006-10-01,Canada,Seasonally adjusted at annual rates,Chained (2017) dollars,NA,41738,CapFormGovConstruction,NA
2007-01-01,Canada,Seasonally adjusted at annual rates,Chained (2017) dollars,NA,42947,CapFormGovConstruction,NA
2007-04-01,Canada,Seasonally adjusted at annual rates,Chained (2017) dollars,NA,43391,CapFormGovConstruction,NA
2007-07-01,Canada,Seasonally adjusted at annual rates,Chained (2017) dollars,NA,43935,CapFormGovConstruction,NA
2007-10-01,Canada,Seasonally adjusted at annual rates,Chained (2017) dollars,NA,43259,CapFormGovConstruction,NA
2008-01-01,Canada,Seasonally adjusted at annual rates,Chained (2017) dollars,NA,45346,CapFormGovConstruction,NA
2008-04-01,Canada,Seasonally adjusted at annual rates,Chained (2017) dollars,NA,44519,CapFormGovConstruction,NA
2008-07-01,Canada,Seasonally adjusted at annual rates,Chained (2017) dollars,NA,44517,CapFormGovConstruction,NA
2008-10-01,Canada,Seasonally adjusted at annual rates,Chained (2017) dollars,NA,47038,CapFormGovConstruction,NA
2009-01-01,Canada,Seasonally adjusted at annual rates,Chained (2017) dollars,NA,48071,CapFormGovConstruction,NA
2009-04-01,Canada,Seasonally adjusted at annual rates,Chained (2017) dollars,NA,50163,CapFormGovConstruction,NA
2009-07-01,Canada,Seasonally adjusted at annual rates,Chained (2017) dollars,NA,53807,CapFormGovConstruction,NA
2009-10-01,Canada,Seasonally adjusted at annual rates,Chained (2017) dollars,NA,57804,CapFormGovConstruction,NA
2010-01-01,Canada,Seasonally adjusted at annual rates,Chained (2017) dollars,NA,60218,CapFormGovConstruction,NA
2010-04-01,Canada,Seasonally adjusted at annual rates,Chained (2017) dollars,NA,61709,CapFormGovConstruction,NA
2010-07-01,Canada,Seasonally adjusted at annual rates,Chained (2017) dollars,NA,62505,CapFormGovConstruction,NA
2010-10-01,Canada,Seasonally adjusted at annual rates,Chained (2017) dollars,NA,61589,CapFormGovConstruction,NA
2011-01-01,Canada,Seasonally adjusted at annual rates,Chained (2017) dollars,NA,58572,CapFormGovConstruction,NA
2011-04-01,Canada,Seasonally adjusted at annual rates,Chained (2017) dollars,NA,55326,CapFormGovConstruction,NA
2011-07-01,Canada,Seasonally adjusted at annual rates,Chained (2017) dollars,NA,52110,CapFormGovConstruction,NA
2011-10-01,Canada,Seasonally adjusted at annual rates,Chained (2017) dollars,NA,49225,CapFormGovConstruction,NA
2012-01-01,Canada,Seasonally adjusted at annual rates,Chained (2017) dollars,NA,50545,CapFormGovConstruction,NA
2012-04-01,Canada,Seasonally adjusted at annual rates,Chained (2017) dollars,NA,51592,CapFormGovConstruction,NA
2012-07-01,Canada,Seasonally adjusted at annual rates,Chained (2017) dollars,NA,51031,CapFormGovConstruction,NA
2012-10-01,Canada,Seasonally adjusted at annual rates,Chained (2017) dollars,NA,50503,CapFormGovConstruction,NA
2013-01-01,Canada,Seasonally adjusted at annual rates,Chained (2017) dollars,NA,49818,CapFormGovConstruction,NA
2013-04-01,Canada,Seasonally adjusted at annual rates,Chained (2017) dollars,NA,47822,CapFormGovConstruction,NA
2013-07-01,Canada,Seasonally adjusted at annual rates,Chained (2017) dollars,NA,47858,CapFormGovConstruction,NA
2013-10-01,Canada,Seasonally adjusted at annual rates,Chained (2017) dollars,NA,46765,CapFormGovConstruction,NA
2014-01-01,Canada,Seasonally adjusted at annual rates,Chained (2017) dollars,NA,46980,CapFormGovConstruction,NA
2014-04-01,Canada,Seasonally adjusted at annual rates,Chained (2017) dollars,NA,46543,CapFormGovConstruction,NA
2014-07-01,Canada,Seasonally adjusted at annual rates,Chained (2017) dollars,NA,46162,CapFormGovConstruction,NA
2014-10-01,Canada,Seasonally adjusted at annual rates,Chained (2017) dollars,NA,45903,CapFormGovConstruction,NA
2015-01-01,Canada,Seasonally adjusted at annual rates,Chained (2017) dollars,NA,47870,CapFormGovConstruction,NA
2015-04-01,Canada,Seasonally adjusted at annual rates,Chained (2017) dollars,NA,49159,CapFormGovConstruction,NA
2015-07-01,Canada,Seasonally adjusted at annual rates,Chained (2017) dollars,NA,50316,CapFormGovConstruction,NA
2015-10-01,Canada,Seasonally adjusted at annual rates,Chained (2017) dollars,NA,50607,CapFormGovConstruction,NA
2016-01-01,Canada,Seasonally adjusted at annual rates,Chained (2017) dollars,NA,49428,CapFormGovConstruction,NA
2016-04-01,Canada,Seasonally adjusted at annual rates,Chained (2017) dollars,NA,47803,CapFormGovConstruction,NA
2016-07-01,Canada,Seasonally adjusted at annual rates,Chained (2017) dollars,NA,46459,CapFormGovConstruction,NA
2016-10-01,Canada,Seasonally adjusted at annual rates,Chained (2017) dollars,NA,46250,CapFormGovConstruction,NA
2017-01-01,Canada,Seasonally adjusted at annual rates,Chained (2017) dollars,NA,47527,CapFormGovConstruction,NA
2017-04-01,Canada,Seasonally adjusted at annual rates,Chained (2017) dollars,NA,49125,CapFormGovConstruction,NA
2017-07-01,Canada,Seasonally adjusted at annual rates,Chained (2017) dollars,NA,51696,CapFormGovConstruction,NA
2017-10-01,Canada,Seasonally adjusted at annual rates,Chained (2017) dollars,NA,54141,CapFormGovConstruction,NA
2018-01-01,Canada,Seasonally adjusted at annual rates,Chained (2017) dollars,NA,53759,CapFormGovConstruction,NA
2018-04-01,Canada,Seasonally adjusted at annual rates,Chained (2017) dollars,NA,53061,CapFormGovConstruction,NA
2018-07-01,Canada,Seasonally adjusted at annual rates,Chained (2017) dollars,NA,50471,CapFormGovConstruction,NA
2018-10-01,Canada,Seasonally adjusted at annual rates,Chained (2017) dollars,NA,48469,CapFormGovConstruction,NA
2019-01-01,Canada,Seasonally adjusted at annual rates,Chained (2017) dollars,NA,47717,CapFormGovConstruction,NA
2019-04-01,Canada,Seasonally adjusted at annual rates,Chained (2017) dollars,NA,47290,CapFormGovConstruction,NA
2019-07-01,Canada,Seasonally adjusted at annual rates,Chained (2017) dollars,NA,48344,CapFormGovConstruction,NA
2019-10-01,Canada,Seasonally adjusted at annual rates,Chained (2017) dollars,NA,48596,CapFormGovConstruction,NA
2020-01-01,Canada,Seasonally adjusted at annual rates,Chained (2017) dollars,NA,50076,CapFormGovConstruction,NA
2020-04-01,Canada,Seasonally adjusted at annual rates,Chained (2017) dollars,NA,49022,CapFormGovConstruction,NA
2020-07-01,Canada,Seasonally adjusted at annual rates,Chained (2017) dollars,NA,50935,CapFormGovConstruction,NA
2020-10-01,Canada,Seasonally adjusted at annual rates,Chained (2017) dollars,NA,51061,CapFormGovConstruction,NA
2021-01-01,Canada,Seasonally adjusted at annual rates,Chained (2017) dollars,NA,50556,CapFormGovConstruction,NA
2021-04-01,Canada,Seasonally adjusted at annual rates,Chained (2017) dollars,NA,49909,CapFormGovConstruction,NA
2021-07-01,Canada,Seasonally adjusted at annual rates,Chained (2017) dollars,NA,49615,CapFormGovConstruction,NA
2021-10-01,Canada,Seasonally adjusted at annual rates,Chained (2017) dollars,NA,49785,CapFormGovConstruction,NA
2022-01-01,Canada,Seasonally adjusted at annual rates,Chained (2017) dollars,NA,50348,CapFormGovConstruction,NA
2022-04-01,Canada,Seasonally adjusted at annual rates,Chained (2017) dollars,NA,49346,CapFormGovConstruction,NA
2022-07-01,Canada,Seasonally adjusted at annual rates,Chained (2017) dollars,NA,48705,CapFormGovConstruction,NA
2022-10-01,Canada,Seasonally adjusted at annual rates,Chained (2017) dollars,NA,50332,CapFormGovConstruction,NA
2023-01-01,Canada,Seasonally adjusted at annual rates,Chained (2017) dollars,NA,52545,CapFormGovConstruction,NA
2023-04-01,Canada,Seasonally adjusted at annual rates,Chained (2017) dollars,NA,53120,CapFormGovConstruction,NA
2023-07-01,Canada,Seasonally adjusted at annual rates,Chained (2017) dollars,NA,52993,CapFormGovConstruction,NA
2023-10-01,Canada,Seasonally adjusted at annual rates,Chained (2017) dollars,NA,53571,CapFormGovConstruction,NA
2024-01-01,Canada,Seasonally adjusted at annual rates,Chained (2017) dollars,NA,56300,CapFormGovConstruction,NA
2024-04-01,Canada,Seasonally adjusted at annual rates,Chained (2017) dollars,NA,56980,CapFormGovConstruction,NA
2024-07-01,Canada,Seasonally adjusted at annual rates,Chained (2017) dollars,NA,57740,CapFormGovConstruction,NA
2024-10-01,Canada,Seasonally adjusted at annual rates,Chained (2017) dollars,NA,58930,CapFormGovConstruction,NA
2025-01-01,Canada,Seasonally adjusted at annual rates,Chained (2017) dollars,NA,60221,CapFormGovConstruction,NA
2025-04-01,Canada,Seasonally adjusted at annual rates,Chained (2017) dollars,NA,61965,CapFormGovConstruction,NA
2025-07-01,Canada,Seasonally adjusted at annual rates,Chained (2017) dollars,NA,63199,CapFormGovConstruction,NA
2025-10-01,Canada,Seasonally adjusted at annual rates,Chained (2017) dollars,NA,63184,CapFormGovConstruction,NA
1961-01-01,Canada,Seasonally adjusted at annual rates,Chained (2017) dollars,NA,112,CapFormGovResidentialStructures,NA
1961-04-01,Canada,Seasonally adjusted at annual rates,Chained (2017) dollars,NA,150,CapFormGovResidentialStructures,NA
1961-07-01,Canada,Seasonally adjusted at annual rates,Chained (2017) dollars,NA,187,CapFormGovResidentialStructures,NA
1961-10-01,Canada,Seasonally adjusted at annual rates,Chained (2017) dollars,NA,150,CapFormGovResidentialStructures,NA
1962-01-01,Canada,Seasonally adjusted at annual rates,Chained (2017) dollars,NA,150,CapFormGovResidentialStructures,NA
1962-04-01,Canada,Seasonally adjusted at annual rates,Chained (2017) dollars,NA,150,CapFormGovResidentialStructures,NA
1962-07-01,Canada,Seasonally adjusted at annual rates,Chained (2017) dollars,NA,150,CapFormGovResidentialStructures,NA
1962-10-01,Canada,Seasonally adjusted at annual rates,Chained (2017) dollars,NA,150,CapFormGovResidentialStructures,NA
1963-01-01,Canada,Seasonally adjusted at annual rates,Chained (2017) dollars,NA,112,CapFormGovResidentialStructures,NA
1963-04-01,Canada,Seasonally adjusted at annual rates,Chained (2017) dollars,NA,75,CapFormGovResidentialStructures,NA
1963-07-01,Canada,Seasonally adjusted at annual rates,Chained (2017) dollars,NA,112,CapFormGovResidentialStructures,NA
1963-10-01,Canada,Seasonally adjusted at annual rates,Chained (2017) dollars,NA,112,CapFormGovResidentialStructures,NA
1964-01-01,Canada,Seasonally adjusted at annual rates,Chained (2017) dollars,NA,112,CapFormGovResidentialStructures,NA
1964-04-01,Canada,Seasonally adjusted at annual rates,Chained (2017) dollars,NA,112,CapFormGovResidentialStructures,NA
1964-07-01,Canada,Seasonally adjusted at annual rates,Chained (2017) dollars,NA,112,CapFormGovResidentialStructures,NA
1964-10-01,Canada,Seasonally adjusted at annual rates,Chained (2017) dollars,NA,187,CapFormGovResidentialStructures,NA
1965-01-01,Canada,Seasonally adjusted at annual rates,Chained (2017) dollars,NA,112,CapFormGovResidentialStructures,NA
1965-04-01,Canada,Seasonally adjusted at annual rates,Chained (2017) dollars,NA,150,CapFormGovResidentialStructures,NA
1965-07-01,Canada,Seasonally adjusted at annual rates,Chained (2017) dollars,NA,187,CapFormGovResidentialStructures,NA
1965-10-01,Canada,Seasonally adjusted at annual rates,Chained (2017) dollars,NA,150,CapFormGovResidentialStructures,NA
1966-01-01,Canada,Seasonally adjusted at annual rates,Chained (2017) dollars,NA,150,CapFormGovResidentialStructures,NA
1966-04-01,Canada,Seasonally adjusted at annual rates,Chained (2017) dollars,NA,187,CapFormGovResidentialStructures,NA
1966-07-01,Canada,Seasonally adjusted at annual rates,Chained (2017) dollars,NA,150,CapFormGovResidentialStructures,NA
1966-10-01,Canada,Seasonally adjusted at annual rates,Chained (2017) dollars,NA,150,CapFormGovResidentialStructures,NA
1967-01-01,Canada,Seasonally adjusted at annual rates,Chained (2017) dollars,NA,150,CapFormGovResidentialStructures,NA
1967-04-01,Canada,Seasonally adjusted at annual rates,Chained (2017) dollars,NA,187,CapFormGovResidentialStructures,NA
1967-07-01,Canada,Seasonally adjusted at annual rates,Chained (2017) dollars,NA,225,CapFormGovResidentialStructures,NA
1967-10-01,Canada,Seasonally adjusted at annual rates,Chained (2017) dollars,NA,150,CapFormGovResidentialStructures,NA
1968-01-01,Canada,Seasonally adjusted at annual rates,Chained (2017) dollars,NA,150,CapFormGovResidentialStructures,NA
1968-04-01,Canada,Seasonally adjusted at annual rates,Chained (2017) dollars,NA,225,CapFormGovResidentialStructures,NA
1968-07-01,Canada,Seasonally adjusted at annual rates,Chained (2017) dollars,NA,225,CapFormGovResidentialStructures,NA
1968-10-01,Canada,Seasonally adjusted at annual rates,Chained (2017) dollars,NA,262,CapFormGovResidentialStructures,NA
1969-01-01,Canada,Seasonally adjusted at annual rates,Chained (2017) dollars,NA,187,CapFormGovResidentialStructures,NA
1969-04-01,Canada,Seasonally adjusted at annual rates,Chained (2017) dollars,NA,150,CapFormGovResidentialStructures,NA
1969-07-01,Canada,Seasonally adjusted at annual rates,Chained (2017) dollars,NA,262,CapFormGovResidentialStructures,NA
1969-10-01,Canada,Seasonally adjusted at annual rates,Chained (2017) dollars,NA,262,CapFormGovResidentialStructures,NA
1970-01-01,Canada,Seasonally adjusted at annual rates,Chained (2017) dollars,NA,187,CapFormGovResidentialStructures,NA
1970-04-01,Canada,Seasonally adjusted at annual rates,Chained (2017) dollars,NA,150,CapFormGovResidentialStructures,NA
1970-07-01,Canada,Seasonally adjusted at annual rates,Chained (2017) dollars,NA,262,CapFormGovResidentialStructures,NA
1970-10-01,Canada,Seasonally adjusted at annual rates,Chained (2017) dollars,NA,225,CapFormGovResidentialStructures,NA
1971-01-01,Canada,Seasonally adjusted at annual rates,Chained (2017) dollars,NA,277,CapFormGovResidentialStructures,NA
1971-04-01,Canada,Seasonally adjusted at annual rates,Chained (2017) dollars,NA,302,CapFormGovResidentialStructures,NA
1971-07-01,Canada,Seasonally adjusted at annual rates,Chained (2017) dollars,NA,478,CapFormGovResidentialStructures,NA
1971-10-01,Canada,Seasonally adjusted at annual rates,Chained (2017) dollars,NA,553,CapFormGovResidentialStructures,NA
1972-01-01,Canada,Seasonally adjusted at annual rates,Chained (2017) dollars,NA,528,CapFormGovResidentialStructures,NA
1972-04-01,Canada,Seasonally adjusted at annual rates,Chained (2017) dollars,NA,553,CapFormGovResidentialStructures,NA
1972-07-01,Canada,Seasonally adjusted at annual rates,Chained (2017) dollars,NA,553,CapFormGovResidentialStructures,NA
1972-10-01,Canada,Seasonally adjusted at annual rates,Chained (2017) dollars,NA,528,CapFormGovResidentialStructures,NA
1973-01-01,Canada,Seasonally adjusted at annual rates,Chained (2017) dollars,NA,503,CapFormGovResidentialStructures,NA
1973-04-01,Canada,Seasonally adjusted at annual rates,Chained (2017) dollars,NA,428,CapFormGovResidentialStructures,NA
1973-07-01,Canada,Seasonally adjusted at annual rates,Chained (2017) dollars,NA,302,CapFormGovResidentialStructures,NA
1973-10-01,Canada,Seasonally adjusted at annual rates,Chained (2017) dollars,NA,352,CapFormGovResidentialStructures,NA
1974-01-01,Canada,Seasonally adjusted at annual rates,Chained (2017) dollars,NA,402,CapFormGovResidentialStructures,NA
1974-04-01,Canada,Seasonally adjusted at annual rates,Chained (2017) dollars,NA,402,CapFormGovResidentialStructures,NA
1974-07-01,Canada,Seasonally adjusted at annual rates,Chained (2017) dollars,NA,377,CapFormGovResidentialStructures,NA
1974-10-01,Canada,Seasonally adjusted at annual rates,Chained (2017) dollars,NA,402,CapFormGovResidentialStructures,NA
1975-01-01,Canada,Seasonally adjusted at annual rates,Chained (2017) dollars,NA,503,CapFormGovResidentialStructures,NA
1975-04-01,Canada,Seasonally adjusted at annual rates,Chained (2017) dollars,NA,528,CapFormGovResidentialStructures,NA
1975-07-01,Canada,Seasonally adjusted at annual rates,Chained (2017) dollars,NA,604,CapFormGovResidentialStructures,NA
1975-10-01,Canada,Seasonally adjusted at annual rates,Chained (2017) dollars,NA,679,CapFormGovResidentialStructures,NA
1976-01-01,Canada,Seasonally adjusted at annual rates,Chained (2017) dollars,NA,729,CapFormGovResidentialStructures,NA
1976-04-01,Canada,Seasonally adjusted at annual rates,Chained (2017) dollars,NA,755,CapFormGovResidentialStructures,NA
1976-07-01,Canada,Seasonally adjusted at annual rates,Chained (2017) dollars,NA,855,CapFormGovResidentialStructures,NA
1976-10-01,Canada,Seasonally adjusted at annual rates,Chained (2017) dollars,NA,780,CapFormGovResidentialStructures,NA
1977-01-01,Canada,Seasonally adjusted at annual rates,Chained (2017) dollars,NA,805,CapFormGovResidentialStructures,NA
1977-04-01,Canada,Seasonally adjusted at annual rates,Chained (2017) dollars,NA,880,CapFormGovResidentialStructures,NA
1977-07-01,Canada,Seasonally adjusted at annual rates,Chained (2017) dollars,NA,880,CapFormGovResidentialStructures,NA
1977-10-01,Canada,Seasonally adjusted at annual rates,Chained (2017) dollars,NA,931,CapFormGovResidentialStructures,NA
1978-01-01,Canada,Seasonally adjusted at annual rates,Chained (2017) dollars,NA,931,CapFormGovResidentialStructures,NA
1978-04-01,Canada,Seasonally adjusted at annual rates,Chained (2017) dollars,NA,956,CapFormGovResidentialStructures,NA
1978-07-01,Canada,Seasonally adjusted at annual rates,Chained (2017) dollars,NA,1006,CapFormGovResidentialStructures,NA
1978-10-01,Canada,Seasonally adjusted at annual rates,Chained (2017) dollars,NA,1006,CapFormGovResidentialStructures,NA
1979-01-01,Canada,Seasonally adjusted at annual rates,Chained (2017) dollars,NA,1107,CapFormGovResidentialStructures,NA
1979-04-01,Canada,Seasonally adjusted at annual rates,Chained (2017) dollars,NA,931,CapFormGovResidentialStructures,NA
1979-07-01,Canada,Seasonally adjusted at annual rates,Chained (2017) dollars,NA,1056,CapFormGovResidentialStructures,NA
1979-10-01,Canada,Seasonally adjusted at annual rates,Chained (2017) dollars,NA,1207,CapFormGovResidentialStructures,NA
1980-01-01,Canada,Seasonally adjusted at annual rates,Chained (2017) dollars,NA,1333,CapFormGovResidentialStructures,NA
1980-04-01,Canada,Seasonally adjusted at annual rates,Chained (2017) dollars,NA,1283,CapFormGovResidentialStructures,NA
1980-07-01,Canada,Seasonally adjusted at annual rates,Chained (2017) dollars,NA,1182,CapFormGovResidentialStructures,NA
1980-10-01,Canada,Seasonally adjusted at annual rates,Chained (2017) dollars,NA,1182,CapFormGovResidentialStructures,NA
1981-01-01,Canada,Seasonally adjusted at annual rates,Chained (2017) dollars,NA,954,CapFormGovResidentialStructures,NA
1981-04-01,Canada,Seasonally adjusted at annual rates,Chained (2017) dollars,NA,1065,CapFormGovResidentialStructures,NA
1981-07-01,Canada,Seasonally adjusted at annual rates,Chained (2017) dollars,NA,1319,CapFormGovResidentialStructures,NA
1981-10-01,Canada,Seasonally adjusted at annual rates,Chained (2017) dollars,NA,1441,CapFormGovResidentialStructures,NA
1982-01-01,Canada,Seasonally adjusted at annual rates,Chained (2017) dollars,NA,1420,CapFormGovResidentialStructures,NA
1982-04-01,Canada,Seasonally adjusted at annual rates,Chained (2017) dollars,NA,1380,CapFormGovResidentialStructures,NA
1982-07-01,Canada,Seasonally adjusted at annual rates,Chained (2017) dollars,NA,1278,CapFormGovResidentialStructures,NA
1982-10-01,Canada,Seasonally adjusted at annual rates,Chained (2017) dollars,NA,1360,CapFormGovResidentialStructures,NA
1983-01-01,Canada,Seasonally adjusted at annual rates,Chained (2017) dollars,NA,1380,CapFormGovResidentialStructures,NA
1983-04-01,Canada,Seasonally adjusted at annual rates,Chained (2017) dollars,NA,1633,CapFormGovResidentialStructures,NA
1983-07-01,Canada,Seasonally adjusted at annual rates,Chained (2017) dollars,NA,1471,CapFormGovResidentialStructures,NA
1983-10-01,Canada,Seasonally adjusted at annual rates,Chained (2017) dollars,NA,1075,CapFormGovResidentialStructures,NA
1984-01-01,Canada,Seasonally adjusted at annual rates,Chained (2017) dollars,NA,954,CapFormGovResidentialStructures,NA
1984-04-01,Canada,Seasonally adjusted at annual rates,Chained (2017) dollars,NA,862,CapFormGovResidentialStructures,NA
1984-07-01,Canada,Seasonally adjusted at annual rates,Chained (2017) dollars,NA,883,CapFormGovResidentialStructures,NA
1984-10-01,Canada,Seasonally adjusted at annual rates,Chained (2017) dollars,NA,771,CapFormGovResidentialStructures,NA
1985-01-01,Canada,Seasonally adjusted at annual rates,Chained (2017) dollars,NA,720,CapFormGovResidentialStructures,NA
1985-04-01,Canada,Seasonally adjusted at annual rates,Chained (2017) dollars,NA,822,CapFormGovResidentialStructures,NA
1985-07-01,Canada,Seasonally adjusted at annual rates,Chained (2017) dollars,NA,903,CapFormGovResidentialStructures,NA
1985-10-01,Canada,Seasonally adjusted at annual rates,Chained (2017) dollars,NA,964,CapFormGovResidentialStructures,NA
1986-01-01,Canada,Seasonally adjusted at annual rates,Chained (2017) dollars,NA,896,CapFormGovResidentialStructures,NA
1986-04-01,Canada,Seasonally adjusted at annual rates,Chained (2017) dollars,NA,914,CapFormGovResidentialStructures,NA
1986-07-01,Canada,Seasonally adjusted at annual rates,Chained (2017) dollars,NA,941,CapFormGovResidentialStructures,NA
1986-10-01,Canada,Seasonally adjusted at annual rates,Chained (2017) dollars,NA,841,CapFormGovResidentialStructures,NA
1987-01-01,Canada,Seasonally adjusted at annual rates,Chained (2017) dollars,NA,814,CapFormGovResidentialStructures,NA
1987-04-01,Canada,Seasonally adjusted at annual rates,Chained (2017) dollars,NA,832,CapFormGovResidentialStructures,NA
1987-07-01,Canada,Seasonally adjusted at annual rates,Chained (2017) dollars,NA,859,CapFormGovResidentialStructures,NA
1987-10-01,Canada,Seasonally adjusted at annual rates,Chained (2017) dollars,NA,905,CapFormGovResidentialStructures,NA
1988-01-01,Canada,Seasonally adjusted at annual rates,Chained (2017) dollars,NA,923,CapFormGovResidentialStructures,NA
1988-04-01,Canada,Seasonally adjusted at annual rates,Chained (2017) dollars,NA,968,CapFormGovResidentialStructures,NA
1988-07-01,Canada,Seasonally adjusted at annual rates,Chained (2017) dollars,NA,1040,CapFormGovResidentialStructures,NA
1988-10-01,Canada,Seasonally adjusted at annual rates,Chained (2017) dollars,NA,968,CapFormGovResidentialStructures,NA
1989-01-01,Canada,Seasonally adjusted at annual rates,Chained (2017) dollars,NA,968,CapFormGovResidentialStructures,NA
1989-04-01,Canada,Seasonally adjusted at annual rates,Chained (2017) dollars,NA,887,CapFormGovResidentialStructures,NA
1989-07-01,Canada,Seasonally adjusted at annual rates,Chained (2017) dollars,NA,896,CapFormGovResidentialStructures,NA
1989-10-01,Canada,Seasonally adjusted at annual rates,Chained (2017) dollars,NA,941,CapFormGovResidentialStructures,NA
1990-01-01,Canada,Seasonally adjusted at annual rates,Chained (2017) dollars,NA,1040,CapFormGovResidentialStructures,NA
1990-04-01,Canada,Seasonally adjusted at annual rates,Chained (2017) dollars,NA,1095,CapFormGovResidentialStructures,NA
1990-07-01,Canada,Seasonally adjusted at annual rates,Chained (2017) dollars,NA,1068,CapFormGovResidentialStructures,NA
1990-10-01,Canada,Seasonally adjusted at annual rates,Chained (2017) dollars,NA,1104,CapFormGovResidentialStructures,NA
1991-01-01,Canada,Seasonally adjusted at annual rates,Chained (2017) dollars,NA,1113,CapFormGovResidentialStructures,NA
1991-04-01,Canada,Seasonally adjusted at annual rates,Chained (2017) dollars,NA,1203,CapFormGovResidentialStructures,NA
1991-07-01,Canada,Seasonally adjusted at annual rates,Chained (2017) dollars,NA,1393,CapFormGovResidentialStructures,NA
1991-10-01,Canada,Seasonally adjusted at annual rates,Chained (2017) dollars,NA,1448,CapFormGovResidentialStructures,NA
1992-01-01,Canada,Seasonally adjusted at annual rates,Chained (2017) dollars,NA,1389,CapFormGovResidentialStructures,NA
1992-04-01,Canada,Seasonally adjusted at annual rates,Chained (2017) dollars,NA,1232,CapFormGovResidentialStructures,NA
1992-07-01,Canada,Seasonally adjusted at annual rates,Chained (2017) dollars,NA,1165,CapFormGovResidentialStructures,NA
1992-10-01,Canada,Seasonally adjusted at annual rates,Chained (2017) dollars,NA,1053,CapFormGovResidentialStructures,NA
1993-01-01,Canada,Seasonally adjusted at annual rates,Chained (2017) dollars,NA,934,CapFormGovResidentialStructures,NA
1993-04-01,Canada,Seasonally adjusted at annual rates,Chained (2017) dollars,NA,919,CapFormGovResidentialStructures,NA
1993-07-01,Canada,Seasonally adjusted at annual rates,Chained (2017) dollars,NA,896,CapFormGovResidentialStructures,NA
1993-10-01,Canada,Seasonally adjusted at annual rates,Chained (2017) dollars,NA,859,CapFormGovResidentialStructures,NA
1994-01-01,Canada,Seasonally adjusted at annual rates,Chained (2017) dollars,NA,852,CapFormGovResidentialStructures,NA
1994-04-01,Canada,Seasonally adjusted at annual rates,Chained (2017) dollars,NA,852,CapFormGovResidentialStructures,NA
1994-07-01,Canada,Seasonally adjusted at annual rates,Chained (2017) dollars,NA,814,CapFormGovResidentialStructures,NA
1994-10-01,Canada,Seasonally adjusted at annual rates,Chained (2017) dollars,NA,799,CapFormGovResidentialStructures,NA
1995-01-01,Canada,Seasonally adjusted at annual rates,Chained (2017) dollars,NA,754,CapFormGovResidentialStructures,NA
1995-04-01,Canada,Seasonally adjusted at annual rates,Chained (2017) dollars,NA,777,CapFormGovResidentialStructures,NA
1995-07-01,Canada,Seasonally adjusted at annual rates,Chained (2017) dollars,NA,784,CapFormGovResidentialStructures,NA
1995-10-01,Canada,Seasonally adjusted at annual rates,Chained (2017) dollars,NA,747,CapFormGovResidentialStructures,NA
1996-01-01,Canada,Seasonally adjusted at annual rates,Chained (2017) dollars,NA,747,CapFormGovResidentialStructures,NA
1996-04-01,Canada,Seasonally adjusted at annual rates,Chained (2017) dollars,NA,837,CapFormGovResidentialStructures,NA
1996-07-01,Canada,Seasonally adjusted at annual rates,Chained (2017) dollars,NA,889,CapFormGovResidentialStructures,NA
1996-10-01,Canada,Seasonally adjusted at annual rates,Chained (2017) dollars,NA,926,CapFormGovResidentialStructures,NA
1997-01-01,Canada,Seasonally adjusted at annual rates,Chained (2017) dollars,NA,906,CapFormGovResidentialStructures,NA
1997-04-01,Canada,Seasonally adjusted at annual rates,Chained (2017) dollars,NA,876,CapFormGovResidentialStructures,NA
1997-07-01,Canada,Seasonally adjusted at annual rates,Chained (2017) dollars,NA,928,CapFormGovResidentialStructures,NA
1997-10-01,Canada,Seasonally adjusted at annual rates,Chained (2017) dollars,NA,958,CapFormGovResidentialStructures,NA
1998-01-01,Canada,Seasonally adjusted at annual rates,Chained (2017) dollars,NA,995,CapFormGovResidentialStructures,NA
1998-04-01,Canada,Seasonally adjusted at annual rates,Chained (2017) dollars,NA,1010,CapFormGovResidentialStructures,NA
1998-07-01,Canada,Seasonally adjusted at annual rates,Chained (2017) dollars,NA,995,CapFormGovResidentialStructures,NA
1998-10-01,Canada,Seasonally adjusted at annual rates,Chained (2017) dollars,NA,943,CapFormGovResidentialStructures,NA
1999-01-01,Canada,Seasonally adjusted at annual rates,Chained (2017) dollars,NA,951,CapFormGovResidentialStructures,NA
1999-04-01,Canada,Seasonally adjusted at annual rates,Chained (2017) dollars,NA,1033,CapFormGovResidentialStructures,NA
1999-07-01,Canada,Seasonally adjusted at annual rates,Chained (2017) dollars,NA,988,CapFormGovResidentialStructures,NA
1999-10-01,Canada,Seasonally adjusted at annual rates,Chained (2017) dollars,NA,988,CapFormGovResidentialStructures,NA
2000-01-01,Canada,Seasonally adjusted at annual rates,Chained (2017) dollars,NA,1025,CapFormGovResidentialStructures,NA
2000-04-01,Canada,Seasonally adjusted at annual rates,Chained (2017) dollars,NA,1010,CapFormGovResidentialStructures,NA
2000-07-01,Canada,Seasonally adjusted at annual rates,Chained (2017) dollars,NA,1010,CapFormGovResidentialStructures,NA
2000-10-01,Canada,Seasonally adjusted at annual rates,Chained (2017) dollars,NA,988,CapFormGovResidentialStructures,NA
2001-01-01,Canada,Seasonally adjusted at annual rates,Chained (2017) dollars,NA,853,CapFormGovResidentialStructures,NA
2001-04-01,Canada,Seasonally adjusted at annual rates,Chained (2017) dollars,NA,868,CapFormGovResidentialStructures,NA
2001-07-01,Canada,Seasonally adjusted at annual rates,Chained (2017) dollars,NA,891,CapFormGovResidentialStructures,NA
2001-10-01,Canada,Seasonally adjusted at annual rates,Chained (2017) dollars,NA,928,CapFormGovResidentialStructures,NA
2002-01-01,Canada,Seasonally adjusted at annual rates,Chained (2017) dollars,NA,923,CapFormGovResidentialStructures,NA
2002-04-01,Canada,Seasonally adjusted at annual rates,Chained (2017) dollars,NA,930,CapFormGovResidentialStructures,NA
2002-07-01,Canada,Seasonally adjusted at annual rates,Chained (2017) dollars,NA,996,CapFormGovResidentialStructures,NA
2002-10-01,Canada,Seasonally adjusted at annual rates,Chained (2017) dollars,NA,1036,CapFormGovResidentialStructures,NA
2003-01-01,Canada,Seasonally adjusted at annual rates,Chained (2017) dollars,NA,1056,CapFormGovResidentialStructures,NA
2003-04-01,Canada,Seasonally adjusted at annual rates,Chained (2017) dollars,NA,996,CapFormGovResidentialStructures,NA
2003-07-01,Canada,Seasonally adjusted at annual rates,Chained (2017) dollars,NA,1009,CapFormGovResidentialStructures,NA
2003-10-01,Canada,Seasonally adjusted at annual rates,Chained (2017) dollars,NA,1036,CapFormGovResidentialStructures,NA
2004-01-01,Canada,Seasonally adjusted at annual rates,Chained (2017) dollars,NA,1043,CapFormGovResidentialStructures,NA
2004-04-01,Canada,Seasonally adjusted at annual rates,Chained (2017) dollars,NA,1036,CapFormGovResidentialStructures,NA
2004-07-01,Canada,Seasonally adjusted at annual rates,Chained (2017) dollars,NA,1056,CapFormGovResidentialStructures,NA
2004-10-01,Canada,Seasonally adjusted at annual rates,Chained (2017) dollars,NA,1122,CapFormGovResidentialStructures,NA
2005-01-01,Canada,Seasonally adjusted at annual rates,Chained (2017) dollars,NA,1142,CapFormGovResidentialStructures,NA
2005-04-01,Canada,Seasonally adjusted at annual rates,Chained (2017) dollars,NA,1215,CapFormGovResidentialStructures,NA
2005-07-01,Canada,Seasonally adjusted at annual rates,Chained (2017) dollars,NA,1235,CapFormGovResidentialStructures,NA
2005-10-01,Canada,Seasonally adjusted at annual rates,Chained (2017) dollars,NA,1282,CapFormGovResidentialStructures,NA
2006-01-01,Canada,Seasonally adjusted at annual rates,Chained (2017) dollars,NA,1335,CapFormGovResidentialStructures,NA
2006-04-01,Canada,Seasonally adjusted at annual rates,Chained (2017) dollars,NA,1348,CapFormGovResidentialStructures,NA
2006-07-01,Canada,Seasonally adjusted at annual rates,Chained (2017) dollars,NA,1375,CapFormGovResidentialStructures,NA
2006-10-01,Canada,Seasonally adjusted at annual rates,Chained (2017) dollars,NA,1401,CapFormGovResidentialStructures,NA
2007-01-01,Canada,Seasonally adjusted at annual rates,Chained (2017) dollars,NA,1505,CapFormGovResidentialStructures,NA
2007-04-01,Canada,Seasonally adjusted at annual rates,Chained (2017) dollars,NA,1510,CapFormGovResidentialStructures,NA
2007-07-01,Canada,Seasonally adjusted at annual rates,Chained (2017) dollars,NA,1539,CapFormGovResidentialStructures,NA
2007-10-01,Canada,Seasonally adjusted at annual rates,Chained (2017) dollars,NA,1423,CapFormGovResidentialStructures,NA
2008-01-01,Canada,Seasonally adjusted at annual rates,Chained (2017) dollars,NA,1240,CapFormGovResidentialStructures,NA
2008-04-01,Canada,Seasonally adjusted at annual rates,Chained (2017) dollars,NA,1337,CapFormGovResidentialStructures,NA
2008-07-01,Canada,Seasonally adjusted at annual rates,Chained (2017) dollars,NA,1457,CapFormGovResidentialStructures,NA
2008-10-01,Canada,Seasonally adjusted at annual rates,Chained (2017) dollars,NA,1611,CapFormGovResidentialStructures,NA
2009-01-01,Canada,Seasonally adjusted at annual rates,Chained (2017) dollars,NA,1702,CapFormGovResidentialStructures,NA
2009-04-01,Canada,Seasonally adjusted at annual rates,Chained (2017) dollars,NA,1702,CapFormGovResidentialStructures,NA
2009-07-01,Canada,Seasonally adjusted at annual rates,Chained (2017) dollars,NA,1740,CapFormGovResidentialStructures,NA
2009-10-01,Canada,Seasonally adjusted at annual rates,Chained (2017) dollars,NA,1803,CapFormGovResidentialStructures,NA
2010-01-01,Canada,Seasonally adjusted at annual rates,Chained (2017) dollars,NA,1793,CapFormGovResidentialStructures,NA
2010-04-01,Canada,Seasonally adjusted at annual rates,Chained (2017) dollars,NA,1769,CapFormGovResidentialStructures,NA
2010-07-01,Canada,Seasonally adjusted at annual rates,Chained (2017) dollars,NA,1639,CapFormGovResidentialStructures,NA
2010-10-01,Canada,Seasonally adjusted at annual rates,Chained (2017) dollars,NA,1543,CapFormGovResidentialStructures,NA
2011-01-01,Canada,Seasonally adjusted at annual rates,Chained (2017) dollars,NA,1466,CapFormGovResidentialStructures,NA
2011-04-01,Canada,Seasonally adjusted at annual rates,Chained (2017) dollars,NA,1466,CapFormGovResidentialStructures,NA
2011-07-01,Canada,Seasonally adjusted at annual rates,Chained (2017) dollars,NA,1476,CapFormGovResidentialStructures,NA
2011-10-01,Canada,Seasonally adjusted at annual rates,Chained (2017) dollars,NA,1351,CapFormGovResidentialStructures,NA
2012-01-01,Canada,Seasonally adjusted at annual rates,Chained (2017) dollars,NA,1359,CapFormGovResidentialStructures,NA
2012-04-01,Canada,Seasonally adjusted at annual rates,Chained (2017) dollars,NA,1350,CapFormGovResidentialStructures,NA
2012-07-01,Canada,Seasonally adjusted at annual rates,Chained (2017) dollars,NA,1337,CapFormGovResidentialStructures,NA
2012-10-01,Canada,Seasonally adjusted at annual rates,Chained (2017) dollars,NA,1314,CapFormGovResidentialStructures,NA
2013-01-01,Canada,Seasonally adjusted at annual rates,Chained (2017) dollars,NA,1413,CapFormGovResidentialStructures,NA
2013-04-01,Canada,Seasonally adjusted at annual rates,Chained (2017) dollars,NA,1395,CapFormGovResidentialStructures,NA
2013-07-01,Canada,Seasonally adjusted at annual rates,Chained (2017) dollars,NA,1390,CapFormGovResidentialStructures,NA
2013-10-01,Canada,Seasonally adjusted at annual rates,Chained (2017) dollars,NA,1355,CapFormGovResidentialStructures,NA
2014-01-01,Canada,Seasonally adjusted at annual rates,Chained (2017) dollars,NA,1663,CapFormGovResidentialStructures,NA
2014-04-01,Canada,Seasonally adjusted at annual rates,Chained (2017) dollars,NA,1668,CapFormGovResidentialStructures,NA
2014-07-01,Canada,Seasonally adjusted at annual rates,Chained (2017) dollars,NA,1739,CapFormGovResidentialStructures,NA
2014-10-01,Canada,Seasonally adjusted at annual rates,Chained (2017) dollars,NA,1695,CapFormGovResidentialStructures,NA
2015-01-01,Canada,Seasonally adjusted at annual rates,Chained (2017) dollars,NA,1645,CapFormGovResidentialStructures,NA
2015-04-01,Canada,Seasonally adjusted at annual rates,Chained (2017) dollars,NA,1650,CapFormGovResidentialStructures,NA
2015-07-01,Canada,Seasonally adjusted at annual rates,Chained (2017) dollars,NA,1712,CapFormGovResidentialStructures,NA
2015-10-01,Canada,Seasonally adjusted at annual rates,Chained (2017) dollars,NA,1708,CapFormGovResidentialStructures,NA
2016-01-01,Canada,Seasonally adjusted at annual rates,Chained (2017) dollars,NA,1739,CapFormGovResidentialStructures,NA
2016-04-01,Canada,Seasonally adjusted at annual rates,Chained (2017) dollars,NA,1726,CapFormGovResidentialStructures,NA
2016-07-01,Canada,Seasonally adjusted at annual rates,Chained (2017) dollars,NA,1677,CapFormGovResidentialStructures,NA
2016-10-01,Canada,Seasonally adjusted at annual rates,Chained (2017) dollars,NA,1672,CapFormGovResidentialStructures,NA
2017-01-01,Canada,Seasonally adjusted at annual rates,Chained (2017) dollars,NA,1608,CapFormGovResidentialStructures,NA
2017-04-01,Canada,Seasonally adjusted at annual rates,Chained (2017) dollars,NA,1840,CapFormGovResidentialStructures,NA
2017-07-01,Canada,Seasonally adjusted at annual rates,Chained (2017) dollars,NA,2008,CapFormGovResidentialStructures,NA
2017-10-01,Canada,Seasonally adjusted at annual rates,Chained (2017) dollars,NA,2100,CapFormGovResidentialStructures,NA
2018-01-01,Canada,Seasonally adjusted at annual rates,Chained (2017) dollars,NA,2328,CapFormGovResidentialStructures,NA
2018-04-01,Canada,Seasonally adjusted at annual rates,Chained (2017) dollars,NA,2304,CapFormGovResidentialStructures,NA
2018-07-01,Canada,Seasonally adjusted at annual rates,Chained (2017) dollars,NA,2580,CapFormGovResidentialStructures,NA
2018-10-01,Canada,Seasonally adjusted at annual rates,Chained (2017) dollars,NA,2436,CapFormGovResidentialStructures,NA
2019-01-01,Canada,Seasonally adjusted at annual rates,Chained (2017) dollars,NA,2124,CapFormGovResidentialStructures,NA
2019-04-01,Canada,Seasonally adjusted at annual rates,Chained (2017) dollars,NA,2212,CapFormGovResidentialStructures,NA
2019-07-01,Canada,Seasonally adjusted at annual rates,Chained (2017) dollars,NA,2772,CapFormGovResidentialStructures,NA
2019-10-01,Canada,Seasonally adjusted at annual rates,Chained (2017) dollars,NA,2716,CapFormGovResidentialStructures,NA
2020-01-01,Canada,Seasonally adjusted at annual rates,Chained (2017) dollars,NA,2400,CapFormGovResidentialStructures,NA
2020-04-01,Canada,Seasonally adjusted at annual rates,Chained (2017) dollars,NA,2300,CapFormGovResidentialStructures,NA
2020-07-01,Canada,Seasonally adjusted at annual rates,Chained (2017) dollars,NA,2360,CapFormGovResidentialStructures,NA
2020-10-01,Canada,Seasonally adjusted at annual rates,Chained (2017) dollars,NA,2432,CapFormGovResidentialStructures,NA
2021-01-01,Canada,Seasonally adjusted at annual rates,Chained (2017) dollars,NA,2468,CapFormGovResidentialStructures,NA
2021-04-01,Canada,Seasonally adjusted at annual rates,Chained (2017) dollars,NA,2772,CapFormGovResidentialStructures,NA
2021-07-01,Canada,Seasonally adjusted at annual rates,Chained (2017) dollars,NA,2596,CapFormGovResidentialStructures,NA
2021-10-01,Canada,Seasonally adjusted at annual rates,Chained (2017) dollars,NA,2644,CapFormGovResidentialStructures,NA
2022-01-01,Canada,Seasonally adjusted at annual rates,Chained (2017) dollars,NA,2432,CapFormGovResidentialStructures,NA
2022-04-01,Canada,Seasonally adjusted at annual rates,Chained (2017) dollars,NA,2368,CapFormGovResidentialStructures,NA
2022-07-01,Canada,Seasonally adjusted at annual rates,Chained (2017) dollars,NA,2292,CapFormGovResidentialStructures,NA
2022-10-01,Canada,Seasonally adjusted at annual rates,Chained (2017) dollars,NA,2152,CapFormGovResidentialStructures,NA
2023-01-01,Canada,Seasonally adjusted at annual rates,Chained (2017) dollars,NA,2428,CapFormGovResidentialStructures,NA
2023-04-01,Canada,Seasonally adjusted at annual rates,Chained (2017) dollars,NA,2412,CapFormGovResidentialStructures,NA
2023-07-01,Canada,Seasonally adjusted at annual rates,Chained (2017) dollars,NA,2640,CapFormGovResidentialStructures,NA
2023-10-01,Canada,Seasonally adjusted at annual rates,Chained (2017) dollars,NA,2740,CapFormGovResidentialStructures,NA
2024-01-01,Canada,Seasonally adjusted at annual rates,Chained (2017) dollars,NA,2588,CapFormGovResidentialStructures,NA
2024-04-01,Canada,Seasonally adjusted at annual rates,Chained (2017) dollars,NA,2532,CapFormGovResidentialStructures,NA
2024-07-01,Canada,Seasonally adjusted at annual rates,Chained (2017) dollars,NA,2660,CapFormGovResidentialStructures,NA
2024-10-01,Canada,Seasonally adjusted at annual rates,Chained (2017) dollars,NA,2644,CapFormGovResidentialStructures,NA
2025-01-01,Canada,Seasonally adjusted at annual rates,Chained (2017) dollars,NA,2668,CapFormGovResidentialStructures,NA
2025-04-01,Canada,Seasonally adjusted at annual rates,Chained (2017) dollars,NA,2652,CapFormGovResidentialStructures,NA
2025-07-01,Canada,Seasonally adjusted at annual rates,Chained (2017) dollars,NA,2724,CapFormGovResidentialStructures,NA
2025-10-01,Canada,Seasonally adjusted at annual rates,Chained (2017) dollars,NA,2840,CapFormGovResidentialStructures,NA
1961-01-01,Canada,Seasonally adjusted at annual rates,Chained (2017) dollars,NA,16534,CapFormGovNonResidentialStructures,NA
1961-04-01,Canada,Seasonally adjusted at annual rates,Chained (2017) dollars,NA,18077,CapFormGovNonResidentialStructures,NA
1961-07-01,Canada,Seasonally adjusted at annual rates,Chained (2017) dollars,NA,18323,CapFormGovNonResidentialStructures,NA
1961-10-01,Canada,Seasonally adjusted at annual rates,Chained (2017) dollars,NA,18344,CapFormGovNonResidentialStructures,NA
1962-01-01,Canada,Seasonally adjusted at annual rates,Chained (2017) dollars,NA,20712,CapFormGovNonResidentialStructures,NA
1962-04-01,Canada,Seasonally adjusted at annual rates,Chained (2017) dollars,NA,19469,CapFormGovNonResidentialStructures,NA
1962-07-01,Canada,Seasonally adjusted at annual rates,Chained (2017) dollars,NA,19533,CapFormGovNonResidentialStructures,NA
1962-10-01,Canada,Seasonally adjusted at annual rates,Chained (2017) dollars,NA,19619,CapFormGovNonResidentialStructures,NA
1963-01-01,Canada,Seasonally adjusted at annual rates,Chained (2017) dollars,NA,20059,CapFormGovNonResidentialStructures,NA
1963-04-01,Canada,Seasonally adjusted at annual rates,Chained (2017) dollars,NA,19920,CapFormGovNonResidentialStructures,NA
1963-07-01,Canada,Seasonally adjusted at annual rates,Chained (2017) dollars,NA,19331,CapFormGovNonResidentialStructures,NA
1963-10-01,Canada,Seasonally adjusted at annual rates,Chained (2017) dollars,NA,19813,CapFormGovNonResidentialStructures,NA
1964-01-01,Canada,Seasonally adjusted at annual rates,Chained (2017) dollars,NA,19127,CapFormGovNonResidentialStructures,NA
1964-04-01,Canada,Seasonally adjusted at annual rates,Chained (2017) dollars,NA,19384,CapFormGovNonResidentialStructures,NA
1964-07-01,Canada,Seasonally adjusted at annual rates,Chained (2017) dollars,NA,19792,CapFormGovNonResidentialStructures,NA
1964-10-01,Canada,Seasonally adjusted at annual rates,Chained (2017) dollars,NA,20884,CapFormGovNonResidentialStructures,NA
1965-01-01,Canada,Seasonally adjusted at annual rates,Chained (2017) dollars,NA,22331,CapFormGovNonResidentialStructures,NA
1965-04-01,Canada,Seasonally adjusted at annual rates,Chained (2017) dollars,NA,21601,CapFormGovNonResidentialStructures,NA
1965-07-01,Canada,Seasonally adjusted at annual rates,Chained (2017) dollars,NA,23048,CapFormGovNonResidentialStructures,NA
1965-10-01,Canada,Seasonally adjusted at annual rates,Chained (2017) dollars,NA,23283,CapFormGovNonResidentialStructures,NA
1966-01-01,Canada,Seasonally adjusted at annual rates,Chained (2017) dollars,NA,23905,CapFormGovNonResidentialStructures,NA
1966-04-01,Canada,Seasonally adjusted at annual rates,Chained (2017) dollars,NA,24140,CapFormGovNonResidentialStructures,NA
1966-07-01,Canada,Seasonally adjusted at annual rates,Chained (2017) dollars,NA,24012,CapFormGovNonResidentialStructures,NA
1966-10-01,Canada,Seasonally adjusted at annual rates,Chained (2017) dollars,NA,24676,CapFormGovNonResidentialStructures,NA
1967-01-01,Canada,Seasonally adjusted at annual rates,Chained (2017) dollars,NA,24526,CapFormGovNonResidentialStructures,NA
1967-04-01,Canada,Seasonally adjusted at annual rates,Chained (2017) dollars,NA,25073,CapFormGovNonResidentialStructures,NA
1967-07-01,Canada,Seasonally adjusted at annual rates,Chained (2017) dollars,NA,24601,CapFormGovNonResidentialStructures,NA
1967-10-01,Canada,Seasonally adjusted at annual rates,Chained (2017) dollars,NA,24869,CapFormGovNonResidentialStructures,NA
1968-01-01,Canada,Seasonally adjusted at annual rates,Chained (2017) dollars,NA,25126,CapFormGovNonResidentialStructures,NA
1968-04-01,Canada,Seasonally adjusted at annual rates,Chained (2017) dollars,NA,24644,CapFormGovNonResidentialStructures,NA
1968-07-01,Canada,Seasonally adjusted at annual rates,Chained (2017) dollars,NA,24665,CapFormGovNonResidentialStructures,NA
1968-10-01,Canada,Seasonally adjusted at annual rates,Chained (2017) dollars,NA,25212,CapFormGovNonResidentialStructures,NA
1969-01-01,Canada,Seasonally adjusted at annual rates,Chained (2017) dollars,NA,24387,CapFormGovNonResidentialStructures,NA
1969-04-01,Canada,Seasonally adjusted at annual rates,Chained (2017) dollars,NA,25073,CapFormGovNonResidentialStructures,NA
1969-07-01,Canada,Seasonally adjusted at annual rates,Chained (2017) dollars,NA,25105,CapFormGovNonResidentialStructures,NA
1969-10-01,Canada,Seasonally adjusted at annual rates,Chained (2017) dollars,NA,24977,CapFormGovNonResidentialStructures,NA
1970-01-01,Canada,Seasonally adjusted at annual rates,Chained (2017) dollars,NA,24216,CapFormGovNonResidentialStructures,NA
1970-04-01,Canada,Seasonally adjusted at annual rates,Chained (2017) dollars,NA,23744,CapFormGovNonResidentialStructures,NA
1970-07-01,Canada,Seasonally adjusted at annual rates,Chained (2017) dollars,NA,24269,CapFormGovNonResidentialStructures,NA
1970-10-01,Canada,Seasonally adjusted at annual rates,Chained (2017) dollars,NA,25137,CapFormGovNonResidentialStructures,NA
1971-01-01,Canada,Seasonally adjusted at annual rates,Chained (2017) dollars,NA,26090,CapFormGovNonResidentialStructures,NA
1971-04-01,Canada,Seasonally adjusted at annual rates,Chained (2017) dollars,NA,27292,CapFormGovNonResidentialStructures,NA
1971-07-01,Canada,Seasonally adjusted at annual rates,Chained (2017) dollars,NA,27762,CapFormGovNonResidentialStructures,NA
1971-10-01,Canada,Seasonally adjusted at annual rates,Chained (2017) dollars,NA,27188,CapFormGovNonResidentialStructures,NA
1972-01-01,Canada,Seasonally adjusted at annual rates,Chained (2017) dollars,NA,26629,CapFormGovNonResidentialStructures,NA
1972-04-01,Canada,Seasonally adjusted at annual rates,Chained (2017) dollars,NA,26830,CapFormGovNonResidentialStructures,NA
1972-07-01,Canada,Seasonally adjusted at annual rates,Chained (2017) dollars,NA,26218,CapFormGovNonResidentialStructures,NA
1972-10-01,Canada,Seasonally adjusted at annual rates,Chained (2017) dollars,NA,25150,CapFormGovNonResidentialStructures,NA
1973-01-01,Canada,Seasonally adjusted at annual rates,Chained (2017) dollars,NA,24576,CapFormGovNonResidentialStructures,NA
1973-04-01,Canada,Seasonally adjusted at annual rates,Chained (2017) dollars,NA,24435,CapFormGovNonResidentialStructures,NA
1973-07-01,Canada,Seasonally adjusted at annual rates,Chained (2017) dollars,NA,23904,CapFormGovNonResidentialStructures,NA
1973-10-01,Canada,Seasonally adjusted at annual rates,Chained (2017) dollars,NA,24143,CapFormGovNonResidentialStructures,NA
1974-01-01,Canada,Seasonally adjusted at annual rates,Chained (2017) dollars,NA,23889,CapFormGovNonResidentialStructures,NA
1974-04-01,Canada,Seasonally adjusted at annual rates,Chained (2017) dollars,NA,23628,CapFormGovNonResidentialStructures,NA
1974-07-01,Canada,Seasonally adjusted at annual rates,Chained (2017) dollars,NA,24979,CapFormGovNonResidentialStructures,NA
1974-10-01,Canada,Seasonally adjusted at annual rates,Chained (2017) dollars,NA,24837,CapFormGovNonResidentialStructures,NA
1975-01-01,Canada,Seasonally adjusted at annual rates,Chained (2017) dollars,NA,25099,CapFormGovNonResidentialStructures,NA
1975-04-01,Canada,Seasonally adjusted at annual rates,Chained (2017) dollars,NA,25449,CapFormGovNonResidentialStructures,NA
1975-07-01,Canada,Seasonally adjusted at annual rates,Chained (2017) dollars,NA,25225,CapFormGovNonResidentialStructures,NA
1975-10-01,Canada,Seasonally adjusted at annual rates,Chained (2017) dollars,NA,25120,CapFormGovNonResidentialStructures,NA
1976-01-01,Canada,Seasonally adjusted at annual rates,Chained (2017) dollars,NA,25084,CapFormGovNonResidentialStructures,NA
1976-04-01,Canada,Seasonally adjusted at annual rates,Chained (2017) dollars,NA,24784,CapFormGovNonResidentialStructures,NA
1976-07-01,Canada,Seasonally adjusted at annual rates,Chained (2017) dollars,NA,23374,CapFormGovNonResidentialStructures,NA
1976-10-01,Canada,Seasonally adjusted at annual rates,Chained (2017) dollars,NA,23643,CapFormGovNonResidentialStructures,NA
1977-01-01,Canada,Seasonally adjusted at annual rates,Chained (2017) dollars,NA,23911,CapFormGovNonResidentialStructures,NA
1977-04-01,Canada,Seasonally adjusted at annual rates,Chained (2017) dollars,NA,24658,CapFormGovNonResidentialStructures,NA
1977-07-01,Canada,Seasonally adjusted at annual rates,Chained (2017) dollars,NA,24897,CapFormGovNonResidentialStructures,NA
1977-10-01,Canada,Seasonally adjusted at annual rates,Chained (2017) dollars,NA,25032,CapFormGovNonResidentialStructures,NA
1978-01-01,Canada,Seasonally adjusted at annual rates,Chained (2017) dollars,NA,24225,CapFormGovNonResidentialStructures,NA
1978-04-01,Canada,Seasonally adjusted at annual rates,Chained (2017) dollars,NA,24136,CapFormGovNonResidentialStructures,NA
1978-07-01,Canada,Seasonally adjusted at annual rates,Chained (2017) dollars,NA,23322,CapFormGovNonResidentialStructures,NA
1978-10-01,Canada,Seasonally adjusted at annual rates,Chained (2017) dollars,NA,23941,CapFormGovNonResidentialStructures,NA
1979-01-01,Canada,Seasonally adjusted at annual rates,Chained (2017) dollars,NA,23859,CapFormGovNonResidentialStructures,NA
1979-04-01,Canada,Seasonally adjusted at annual rates,Chained (2017) dollars,NA,23419,CapFormGovNonResidentialStructures,NA
1979-07-01,Canada,Seasonally adjusted at annual rates,Chained (2017) dollars,NA,23254,CapFormGovNonResidentialStructures,NA
1979-10-01,Canada,Seasonally adjusted at annual rates,Chained (2017) dollars,NA,22903,CapFormGovNonResidentialStructures,NA
1980-01-01,Canada,Seasonally adjusted at annual rates,Chained (2017) dollars,NA,23224,CapFormGovNonResidentialStructures,NA
1980-04-01,Canada,Seasonally adjusted at annual rates,Chained (2017) dollars,NA,23135,CapFormGovNonResidentialStructures,NA
1980-07-01,Canada,Seasonally adjusted at annual rates,Chained (2017) dollars,NA,23216,CapFormGovNonResidentialStructures,NA
1980-10-01,Canada,Seasonally adjusted at annual rates,Chained (2017) dollars,NA,23022,CapFormGovNonResidentialStructures,NA
1981-01-01,Canada,Seasonally adjusted at annual rates,Chained (2017) dollars,NA,23022,CapFormGovNonResidentialStructures,NA
1981-04-01,Canada,Seasonally adjusted at annual rates,Chained (2017) dollars,NA,23241,CapFormGovNonResidentialStructures,NA
1981-07-01,Canada,Seasonally adjusted at annual rates,Chained (2017) dollars,NA,23063,CapFormGovNonResidentialStructures,NA
1981-10-01,Canada,Seasonally adjusted at annual rates,Chained (2017) dollars,NA,23403,CapFormGovNonResidentialStructures,NA
1982-01-01,Canada,Seasonally adjusted at annual rates,Chained (2017) dollars,NA,23586,CapFormGovNonResidentialStructures,NA
1982-04-01,Canada,Seasonally adjusted at annual rates,Chained (2017) dollars,NA,23750,CapFormGovNonResidentialStructures,NA
1982-07-01,Canada,Seasonally adjusted at annual rates,Chained (2017) dollars,NA,24015,CapFormGovNonResidentialStructures,NA
1982-10-01,Canada,Seasonally adjusted at annual rates,Chained (2017) dollars,NA,24974,CapFormGovNonResidentialStructures,NA
1983-01-01,Canada,Seasonally adjusted at annual rates,Chained (2017) dollars,NA,23357,CapFormGovNonResidentialStructures,NA
1983-04-01,Canada,Seasonally adjusted at annual rates,Chained (2017) dollars,NA,22488,CapFormGovNonResidentialStructures,NA
1983-07-01,Canada,Seasonally adjusted at annual rates,Chained (2017) dollars,NA,22146,CapFormGovNonResidentialStructures,NA
1983-10-01,Canada,Seasonally adjusted at annual rates,Chained (2017) dollars,NA,22338,CapFormGovNonResidentialStructures,NA
1984-01-01,Canada,Seasonally adjusted at annual rates,Chained (2017) dollars,NA,22430,CapFormGovNonResidentialStructures,NA
1984-04-01,Canada,Seasonally adjusted at annual rates,Chained (2017) dollars,NA,22814,CapFormGovNonResidentialStructures,NA
1984-07-01,Canada,Seasonally adjusted at annual rates,Chained (2017) dollars,NA,23056,CapFormGovNonResidentialStructures,NA
1984-10-01,Canada,Seasonally adjusted at annual rates,Chained (2017) dollars,NA,23381,CapFormGovNonResidentialStructures,NA
1985-01-01,Canada,Seasonally adjusted at annual rates,Chained (2017) dollars,NA,24491,CapFormGovNonResidentialStructures,NA
1985-04-01,Canada,Seasonally adjusted at annual rates,Chained (2017) dollars,NA,26301,CapFormGovNonResidentialStructures,NA
1985-07-01,Canada,Seasonally adjusted at annual rates,Chained (2017) dollars,NA,27370,CapFormGovNonResidentialStructures,NA
1985-10-01,Canada,Seasonally adjusted at annual rates,Chained (2017) dollars,NA,27363,CapFormGovNonResidentialStructures,NA
1986-01-01,Canada,Seasonally adjusted at annual rates,Chained (2017) dollars,NA,26492,CapFormGovNonResidentialStructures,NA
1986-04-01,Canada,Seasonally adjusted at annual rates,Chained (2017) dollars,NA,25449,CapFormGovNonResidentialStructures,NA
1986-07-01,Canada,Seasonally adjusted at annual rates,Chained (2017) dollars,NA,24698,CapFormGovNonResidentialStructures,NA
1986-10-01,Canada,Seasonally adjusted at annual rates,Chained (2017) dollars,NA,24222,CapFormGovNonResidentialStructures,NA
1987-01-01,Canada,Seasonally adjusted at annual rates,Chained (2017) dollars,NA,25261,CapFormGovNonResidentialStructures,NA
1987-04-01,Canada,Seasonally adjusted at annual rates,Chained (2017) dollars,NA,25717,CapFormGovNonResidentialStructures,NA
1987-07-01,Canada,Seasonally adjusted at annual rates,Chained (2017) dollars,NA,25811,CapFormGovNonResidentialStructures,NA
1987-10-01,Canada,Seasonally adjusted at annual rates,Chained (2017) dollars,NA,25586,CapFormGovNonResidentialStructures,NA
1988-01-01,Canada,Seasonally adjusted at annual rates,Chained (2017) dollars,NA,25435,CapFormGovNonResidentialStructures,NA
1988-04-01,Canada,Seasonally adjusted at annual rates,Chained (2017) dollars,NA,26033,CapFormGovNonResidentialStructures,NA
1988-07-01,Canada,Seasonally adjusted at annual rates,Chained (2017) dollars,NA,25905,CapFormGovNonResidentialStructures,NA
1988-10-01,Canada,Seasonally adjusted at annual rates,Chained (2017) dollars,NA,25694,CapFormGovNonResidentialStructures,NA
1989-01-01,Canada,Seasonally adjusted at annual rates,Chained (2017) dollars,NA,26131,CapFormGovNonResidentialStructures,NA
1989-04-01,Canada,Seasonally adjusted at annual rates,Chained (2017) dollars,NA,26760,CapFormGovNonResidentialStructures,NA
1989-07-01,Canada,Seasonally adjusted at annual rates,Chained (2017) dollars,NA,28343,CapFormGovNonResidentialStructures,NA
1989-10-01,Canada,Seasonally adjusted at annual rates,Chained (2017) dollars,NA,29585,CapFormGovNonResidentialStructures,NA
1990-01-01,Canada,Seasonally adjusted at annual rates,Chained (2017) dollars,NA,29906,CapFormGovNonResidentialStructures,NA
1990-04-01,Canada,Seasonally adjusted at annual rates,Chained (2017) dollars,NA,29576,CapFormGovNonResidentialStructures,NA
1990-07-01,Canada,Seasonally adjusted at annual rates,Chained (2017) dollars,NA,30037,CapFormGovNonResidentialStructures,NA
1990-10-01,Canada,Seasonally adjusted at annual rates,Chained (2017) dollars,NA,29821,CapFormGovNonResidentialStructures,NA
1991-01-01,Canada,Seasonally adjusted at annual rates,Chained (2017) dollars,NA,29868,CapFormGovNonResidentialStructures,NA
1991-04-01,Canada,Seasonally adjusted at annual rates,Chained (2017) dollars,NA,30611,CapFormGovNonResidentialStructures,NA
1991-07-01,Canada,Seasonally adjusted at annual rates,Chained (2017) dollars,NA,30260,CapFormGovNonResidentialStructures,NA
1991-10-01,Canada,Seasonally adjusted at annual rates,Chained (2017) dollars,NA,30971,CapFormGovNonResidentialStructures,NA
1992-01-01,Canada,Seasonally adjusted at annual rates,Chained (2017) dollars,NA,30223,CapFormGovNonResidentialStructures,NA
1992-04-01,Canada,Seasonally adjusted at annual rates,Chained (2017) dollars,NA,30307,CapFormGovNonResidentialStructures,NA
1992-07-01,Canada,Seasonally adjusted at annual rates,Chained (2017) dollars,NA,29486,CapFormGovNonResidentialStructures,NA
1992-10-01,Canada,Seasonally adjusted at annual rates,Chained (2017) dollars,NA,28099,CapFormGovNonResidentialStructures,NA
1993-01-01,Canada,Seasonally adjusted at annual rates,Chained (2017) dollars,NA,28711,CapFormGovNonResidentialStructures,NA
1993-04-01,Canada,Seasonally adjusted at annual rates,Chained (2017) dollars,NA,28442,CapFormGovNonResidentialStructures,NA
1993-07-01,Canada,Seasonally adjusted at annual rates,Chained (2017) dollars,NA,28887,CapFormGovNonResidentialStructures,NA
1993-10-01,Canada,Seasonally adjusted at annual rates,Chained (2017) dollars,NA,28728,CapFormGovNonResidentialStructures,NA
1994-01-01,Canada,Seasonally adjusted at annual rates,Chained (2017) dollars,NA,30650,CapFormGovNonResidentialStructures,NA
1994-04-01,Canada,Seasonally adjusted at annual rates,Chained (2017) dollars,NA,30917,CapFormGovNonResidentialStructures,NA
1994-07-01,Canada,Seasonally adjusted at annual rates,Chained (2017) dollars,NA,32165,CapFormGovNonResidentialStructures,NA
1994-10-01,Canada,Seasonally adjusted at annual rates,Chained (2017) dollars,NA,32973,CapFormGovNonResidentialStructures,NA
1995-01-01,Canada,Seasonally adjusted at annual rates,Chained (2017) dollars,NA,30361,CapFormGovNonResidentialStructures,NA
1995-04-01,Canada,Seasonally adjusted at annual rates,Chained (2017) dollars,NA,29791,CapFormGovNonResidentialStructures,NA
1995-07-01,Canada,Seasonally adjusted at annual rates,Chained (2017) dollars,NA,30511,CapFormGovNonResidentialStructures,NA
1995-10-01,Canada,Seasonally adjusted at annual rates,Chained (2017) dollars,NA,30508,CapFormGovNonResidentialStructures,NA
1996-01-01,Canada,Seasonally adjusted at annual rates,Chained (2017) dollars,NA,28762,CapFormGovNonResidentialStructures,NA
1996-04-01,Canada,Seasonally adjusted at annual rates,Chained (2017) dollars,NA,27791,CapFormGovNonResidentialStructures,NA
1996-07-01,Canada,Seasonally adjusted at annual rates,Chained (2017) dollars,NA,27948,CapFormGovNonResidentialStructures,NA
1996-10-01,Canada,Seasonally adjusted at annual rates,Chained (2017) dollars,NA,27469,CapFormGovNonResidentialStructures,NA
1997-01-01,Canada,Seasonally adjusted at annual rates,Chained (2017) dollars,NA,26642,CapFormGovNonResidentialStructures,NA
1997-04-01,Canada,Seasonally adjusted at annual rates,Chained (2017) dollars,NA,26470,CapFormGovNonResidentialStructures,NA
1997-07-01,Canada,Seasonally adjusted at annual rates,Chained (2017) dollars,NA,26061,CapFormGovNonResidentialStructures,NA
1997-10-01,Canada,Seasonally adjusted at annual rates,Chained (2017) dollars,NA,25521,CapFormGovNonResidentialStructures,NA
1998-01-01,Canada,Seasonally adjusted at annual rates,Chained (2017) dollars,NA,25262,CapFormGovNonResidentialStructures,NA
1998-04-01,Canada,Seasonally adjusted at annual rates,Chained (2017) dollars,NA,25378,CapFormGovNonResidentialStructures,NA
1998-07-01,Canada,Seasonally adjusted at annual rates,Chained (2017) dollars,NA,25522,CapFormGovNonResidentialStructures,NA
1998-10-01,Canada,Seasonally adjusted at annual rates,Chained (2017) dollars,NA,25515,CapFormGovNonResidentialStructures,NA
1999-01-01,Canada,Seasonally adjusted at annual rates,Chained (2017) dollars,NA,26355,CapFormGovNonResidentialStructures,NA
1999-04-01,Canada,Seasonally adjusted at annual rates,Chained (2017) dollars,NA,26851,CapFormGovNonResidentialStructures,NA
1999-07-01,Canada,Seasonally adjusted at annual rates,Chained (2017) dollars,NA,27332,CapFormGovNonResidentialStructures,NA
1999-10-01,Canada,Seasonally adjusted at annual rates,Chained (2017) dollars,NA,28063,CapFormGovNonResidentialStructures,NA
2000-01-01,Canada,Seasonally adjusted at annual rates,Chained (2017) dollars,NA,27808,CapFormGovNonResidentialStructures,NA
2000-04-01,Canada,Seasonally adjusted at annual rates,Chained (2017) dollars,NA,27194,CapFormGovNonResidentialStructures,NA
2000-07-01,Canada,Seasonally adjusted at annual rates,Chained (2017) dollars,NA,26994,CapFormGovNonResidentialStructures,NA
2000-10-01,Canada,Seasonally adjusted at annual rates,Chained (2017) dollars,NA,27119,CapFormGovNonResidentialStructures,NA
2001-01-01,Canada,Seasonally adjusted at annual rates,Chained (2017) dollars,NA,29252,CapFormGovNonResidentialStructures,NA
2001-04-01,Canada,Seasonally adjusted at annual rates,Chained (2017) dollars,NA,30082,CapFormGovNonResidentialStructures,NA
2001-07-01,Canada,Seasonally adjusted at annual rates,Chained (2017) dollars,NA,31371,CapFormGovNonResidentialStructures,NA
2001-10-01,Canada,Seasonally adjusted at annual rates,Chained (2017) dollars,NA,33373,CapFormGovNonResidentialStructures,NA
2002-01-01,Canada,Seasonally adjusted at annual rates,Chained (2017) dollars,NA,33181,CapFormGovNonResidentialStructures,NA
2002-04-01,Canada,Seasonally adjusted at annual rates,Chained (2017) dollars,NA,33233,CapFormGovNonResidentialStructures,NA
2002-07-01,Canada,Seasonally adjusted at annual rates,Chained (2017) dollars,NA,32691,CapFormGovNonResidentialStructures,NA
2002-10-01,Canada,Seasonally adjusted at annual rates,Chained (2017) dollars,NA,32995,CapFormGovNonResidentialStructures,NA
2003-01-01,Canada,Seasonally adjusted at annual rates,Chained (2017) dollars,NA,32782,CapFormGovNonResidentialStructures,NA
2003-04-01,Canada,Seasonally adjusted at annual rates,Chained (2017) dollars,NA,32965,CapFormGovNonResidentialStructures,NA
2003-07-01,Canada,Seasonally adjusted at annual rates,Chained (2017) dollars,NA,32663,CapFormGovNonResidentialStructures,NA
2003-10-01,Canada,Seasonally adjusted at annual rates,Chained (2017) dollars,NA,33111,CapFormGovNonResidentialStructures,NA
2004-01-01,Canada,Seasonally adjusted at annual rates,Chained (2017) dollars,NA,34588,CapFormGovNonResidentialStructures,NA
2004-04-01,Canada,Seasonally adjusted at annual rates,Chained (2017) dollars,NA,34675,CapFormGovNonResidentialStructures,NA
2004-07-01,Canada,Seasonally adjusted at annual rates,Chained (2017) dollars,NA,34533,CapFormGovNonResidentialStructures,NA
2004-10-01,Canada,Seasonally adjusted at annual rates,Chained (2017) dollars,NA,35004,CapFormGovNonResidentialStructures,NA
2005-01-01,Canada,Seasonally adjusted at annual rates,Chained (2017) dollars,NA,36431,CapFormGovNonResidentialStructures,NA
2005-04-01,Canada,Seasonally adjusted at annual rates,Chained (2017) dollars,NA,37338,CapFormGovNonResidentialStructures,NA
2005-07-01,Canada,Seasonally adjusted at annual rates,Chained (2017) dollars,NA,37998,CapFormGovNonResidentialStructures,NA
2005-10-01,Canada,Seasonally adjusted at annual rates,Chained (2017) dollars,NA,39046,CapFormGovNonResidentialStructures,NA
2006-01-01,Canada,Seasonally adjusted at annual rates,Chained (2017) dollars,NA,39879,CapFormGovNonResidentialStructures,NA
2006-04-01,Canada,Seasonally adjusted at annual rates,Chained (2017) dollars,NA,39841,CapFormGovNonResidentialStructures,NA
2006-07-01,Canada,Seasonally adjusted at annual rates,Chained (2017) dollars,NA,39786,CapFormGovNonResidentialStructures,NA
2006-10-01,Canada,Seasonally adjusted at annual rates,Chained (2017) dollars,NA,40314,CapFormGovNonResidentialStructures,NA
2007-01-01,Canada,Seasonally adjusted at annual rates,Chained (2017) dollars,NA,41415,CapFormGovNonResidentialStructures,NA
2007-04-01,Canada,Seasonally adjusted at annual rates,Chained (2017) dollars,NA,41854,CapFormGovNonResidentialStructures,NA
2007-07-01,Canada,Seasonally adjusted at annual rates,Chained (2017) dollars,NA,42369,CapFormGovNonResidentialStructures,NA
2007-10-01,Canada,Seasonally adjusted at annual rates,Chained (2017) dollars,NA,41813,CapFormGovNonResidentialStructures,NA
2008-01-01,Canada,Seasonally adjusted at annual rates,Chained (2017) dollars,NA,44090,CapFormGovNonResidentialStructures,NA
2008-04-01,Canada,Seasonally adjusted at annual rates,Chained (2017) dollars,NA,43165,CapFormGovNonResidentialStructures,NA
2008-07-01,Canada,Seasonally adjusted at annual rates,Chained (2017) dollars,NA,43047,CapFormGovNonResidentialStructures,NA
2008-10-01,Canada,Seasonally adjusted at annual rates,Chained (2017) dollars,NA,45417,CapFormGovNonResidentialStructures,NA
2009-01-01,Canada,Seasonally adjusted at annual rates,Chained (2017) dollars,NA,46359,CapFormGovNonResidentialStructures,NA
2009-04-01,Canada,Seasonally adjusted at annual rates,Chained (2017) dollars,NA,48449,CapFormGovNonResidentialStructures,NA
2009-07-01,Canada,Seasonally adjusted at annual rates,Chained (2017) dollars,NA,52052,CapFormGovNonResidentialStructures,NA
2009-10-01,Canada,Seasonally adjusted at annual rates,Chained (2017) dollars,NA,55984,CapFormGovNonResidentialStructures,NA
2010-01-01,Canada,Seasonally adjusted at annual rates,Chained (2017) dollars,NA,58406,CapFormGovNonResidentialStructures,NA
2010-04-01,Canada,Seasonally adjusted at annual rates,Chained (2017) dollars,NA,59919,CapFormGovNonResidentialStructures,NA
2010-07-01,Canada,Seasonally adjusted at annual rates,Chained (2017) dollars,NA,60843,CapFormGovNonResidentialStructures,NA
2010-10-01,Canada,Seasonally adjusted at annual rates,Chained (2017) dollars,NA,60022,CapFormGovNonResidentialStructures,NA
2011-01-01,Canada,Seasonally adjusted at annual rates,Chained (2017) dollars,NA,57083,CapFormGovNonResidentialStructures,NA
2011-04-01,Canada,Seasonally adjusted at annual rates,Chained (2017) dollars,NA,53841,CapFormGovNonResidentialStructures,NA
2011-07-01,Canada,Seasonally adjusted at annual rates,Chained (2017) dollars,NA,50619,CapFormGovNonResidentialStructures,NA
2011-10-01,Canada,Seasonally adjusted at annual rates,Chained (2017) dollars,NA,47858,CapFormGovNonResidentialStructures,NA
2012-01-01,Canada,Seasonally adjusted at annual rates,Chained (2017) dollars,NA,49169,CapFormGovNonResidentialStructures,NA
2012-04-01,Canada,Seasonally adjusted at annual rates,Chained (2017) dollars,NA,50223,CapFormGovNonResidentialStructures,NA
2012-07-01,Canada,Seasonally adjusted at annual rates,Chained (2017) dollars,NA,49675,CapFormGovNonResidentialStructures,NA
2012-10-01,Canada,Seasonally adjusted at annual rates,Chained (2017) dollars,NA,49170,CapFormGovNonResidentialStructures,NA
2013-01-01,Canada,Seasonally adjusted at annual rates,Chained (2017) dollars,NA,48390,CapFormGovNonResidentialStructures,NA
2013-04-01,Canada,Seasonally adjusted at annual rates,Chained (2017) dollars,NA,46414,CapFormGovNonResidentialStructures,NA
2013-07-01,Canada,Seasonally adjusted at annual rates,Chained (2017) dollars,NA,46455,CapFormGovNonResidentialStructures,NA
2013-10-01,Canada,Seasonally adjusted at annual rates,Chained (2017) dollars,NA,45398,CapFormGovNonResidentialStructures,NA
2014-01-01,Canada,Seasonally adjusted at annual rates,Chained (2017) dollars,NA,45319,CapFormGovNonResidentialStructures,NA
2014-04-01,Canada,Seasonally adjusted at annual rates,Chained (2017) dollars,NA,44878,CapFormGovNonResidentialStructures,NA
2014-07-01,Canada,Seasonally adjusted at annual rates,Chained (2017) dollars,NA,44429,CapFormGovNonResidentialStructures,NA
2014-10-01,Canada,Seasonally adjusted at annual rates,Chained (2017) dollars,NA,44213,CapFormGovNonResidentialStructures,NA
2015-01-01,Canada,Seasonally adjusted at annual rates,Chained (2017) dollars,NA,46226,CapFormGovNonResidentialStructures,NA
2015-04-01,Canada,Seasonally adjusted at annual rates,Chained (2017) dollars,NA,47507,CapFormGovNonResidentialStructures,NA
2015-07-01,Canada,Seasonally adjusted at annual rates,Chained (2017) dollars,NA,48603,CapFormGovNonResidentialStructures,NA
2015-10-01,Canada,Seasonally adjusted at annual rates,Chained (2017) dollars,NA,48898,CapFormGovNonResidentialStructures,NA
2016-01-01,Canada,Seasonally adjusted at annual rates,Chained (2017) dollars,NA,47690,CapFormGovNonResidentialStructures,NA
2016-04-01,Canada,Seasonally adjusted at annual rates,Chained (2017) dollars,NA,46078,CapFormGovNonResidentialStructures,NA
2016-07-01,Canada,Seasonally adjusted at annual rates,Chained (2017) dollars,NA,44784,CapFormGovNonResidentialStructures,NA
2016-10-01,Canada,Seasonally adjusted at annual rates,Chained (2017) dollars,NA,44580,CapFormGovNonResidentialStructures,NA
2017-01-01,Canada,Seasonally adjusted at annual rates,Chained (2017) dollars,NA,45922,CapFormGovNonResidentialStructures,NA
2017-04-01,Canada,Seasonally adjusted at annual rates,Chained (2017) dollars,NA,47283,CapFormGovNonResidentialStructures,NA
2017-07-01,Canada,Seasonally adjusted at annual rates,Chained (2017) dollars,NA,49687,CapFormGovNonResidentialStructures,NA
2017-10-01,Canada,Seasonally adjusted at annual rates,Chained (2017) dollars,NA,52040,CapFormGovNonResidentialStructures,NA
2018-01-01,Canada,Seasonally adjusted at annual rates,Chained (2017) dollars,NA,51425,CapFormGovNonResidentialStructures,NA
2018-04-01,Canada,Seasonally adjusted at annual rates,Chained (2017) dollars,NA,50751,CapFormGovNonResidentialStructures,NA
2018-07-01,Canada,Seasonally adjusted at annual rates,Chained (2017) dollars,NA,47900,CapFormGovNonResidentialStructures,NA
2018-10-01,Canada,Seasonally adjusted at annual rates,Chained (2017) dollars,NA,46038,CapFormGovNonResidentialStructures,NA
2019-01-01,Canada,Seasonally adjusted at annual rates,Chained (2017) dollars,NA,45595,CapFormGovNonResidentialStructures,NA
2019-04-01,Canada,Seasonally adjusted at annual rates,Chained (2017) dollars,NA,45079,CapFormGovNonResidentialStructures,NA
2019-07-01,Canada,Seasonally adjusted at annual rates,Chained (2017) dollars,NA,45603,CapFormGovNonResidentialStructures,NA
2019-10-01,Canada,Seasonally adjusted at annual rates,Chained (2017) dollars,NA,45905,CapFormGovNonResidentialStructures,NA
2020-01-01,Canada,Seasonally adjusted at annual rates,Chained (2017) dollars,NA,47680,CapFormGovNonResidentialStructures,NA
2020-04-01,Canada,Seasonally adjusted at annual rates,Chained (2017) dollars,NA,46723,CapFormGovNonResidentialStructures,NA
2020-07-01,Canada,Seasonally adjusted at annual rates,Chained (2017) dollars,NA,48576,CapFormGovNonResidentialStructures,NA
2020-10-01,Canada,Seasonally adjusted at annual rates,Chained (2017) dollars,NA,48630,CapFormGovNonResidentialStructures,NA
2021-01-01,Canada,Seasonally adjusted at annual rates,Chained (2017) dollars,NA,48088,CapFormGovNonResidentialStructures,NA
2021-04-01,Canada,Seasonally adjusted at annual rates,Chained (2017) dollars,NA,47134,CapFormGovNonResidentialStructures,NA
2021-07-01,Canada,Seasonally adjusted at annual rates,Chained (2017) dollars,NA,47019,CapFormGovNonResidentialStructures,NA
2021-10-01,Canada,Seasonally adjusted at annual rates,Chained (2017) dollars,NA,47140,CapFormGovNonResidentialStructures,NA
2022-01-01,Canada,Seasonally adjusted at annual rates,Chained (2017) dollars,NA,47920,CapFormGovNonResidentialStructures,NA
2022-04-01,Canada,Seasonally adjusted at annual rates,Chained (2017) dollars,NA,46983,CapFormGovNonResidentialStructures,NA
2022-07-01,Canada,Seasonally adjusted at annual rates,Chained (2017) dollars,NA,46418,CapFormGovNonResidentialStructures,NA
2022-10-01,Canada,Seasonally adjusted at annual rates,Chained (2017) dollars,NA,48183,CapFormGovNonResidentialStructures,NA
2023-01-01,Canada,Seasonally adjusted at annual rates,Chained (2017) dollars,NA,50123,CapFormGovNonResidentialStructures,NA
2023-04-01,Canada,Seasonally adjusted at annual rates,Chained (2017) dollars,NA,50713,CapFormGovNonResidentialStructures,NA
2023-07-01,Canada,Seasonally adjusted at annual rates,Chained (2017) dollars,NA,50366,CapFormGovNonResidentialStructures,NA
2023-10-01,Canada,Seasonally adjusted at annual rates,Chained (2017) dollars,NA,50847,CapFormGovNonResidentialStructures,NA
2024-01-01,Canada,Seasonally adjusted at annual rates,Chained (2017) dollars,NA,53715,CapFormGovNonResidentialStructures,NA
2024-04-01,Canada,Seasonally adjusted at annual rates,Chained (2017) dollars,NA,54447,CapFormGovNonResidentialStructures,NA
2024-07-01,Canada,Seasonally adjusted at annual rates,Chained (2017) dollars,NA,55084,CapFormGovNonResidentialStructures,NA
2024-10-01,Canada,Seasonally adjusted at annual rates,Chained (2017) dollars,NA,56286,CapFormGovNonResidentialStructures,NA
2025-01-01,Canada,Seasonally adjusted at annual rates,Chained (2017) dollars,NA,57551,CapFormGovNonResidentialStructures,NA
2025-04-01,Canada,Seasonally adjusted at annual rates,Chained (2017) dollars,NA,59302,CapFormGovNonResidentialStructures,NA
2025-07-01,Canada,Seasonally adjusted at annual rates,Chained (2017) dollars,NA,60466,CapFormGovNonResidentialStructures,NA
2025-10-01,Canada,Seasonally adjusted at annual rates,Chained (2017) dollars,NA,60347,CapFormGovNonResidentialStructures,NA
1961-01-01,Canada,Seasonally adjusted at annual rates,Chained (2017) dollars,NA,NA,CapFormGovMachineryandEquipment,NA
1961-04-01,Canada,Seasonally adjusted at annual rates,Chained (2017) dollars,NA,NA,CapFormGovMachineryandEquipment,NA
1961-07-01,Canada,Seasonally adjusted at annual rates,Chained (2017) dollars,NA,NA,CapFormGovMachineryandEquipment,NA
1961-10-01,Canada,Seasonally adjusted at annual rates,Chained (2017) dollars,NA,NA,CapFormGovMachineryandEquipment,NA
1962-01-01,Canada,Seasonally adjusted at annual rates,Chained (2017) dollars,NA,NA,CapFormGovMachineryandEquipment,NA
1962-04-01,Canada,Seasonally adjusted at annual rates,Chained (2017) dollars,NA,NA,CapFormGovMachineryandEquipment,NA
1962-07-01,Canada,Seasonally adjusted at annual rates,Chained (2017) dollars,NA,NA,CapFormGovMachineryandEquipment,NA
1962-10-01,Canada,Seasonally adjusted at annual rates,Chained (2017) dollars,NA,NA,CapFormGovMachineryandEquipment,NA
1963-01-01,Canada,Seasonally adjusted at annual rates,Chained (2017) dollars,NA,NA,CapFormGovMachineryandEquipment,NA
1963-04-01,Canada,Seasonally adjusted at annual rates,Chained (2017) dollars,NA,NA,CapFormGovMachineryandEquipment,NA
1963-07-01,Canada,Seasonally adjusted at annual rates,Chained (2017) dollars,NA,NA,CapFormGovMachineryandEquipment,NA
1963-10-01,Canada,Seasonally adjusted at annual rates,Chained (2017) dollars,NA,NA,CapFormGovMachineryandEquipment,NA
1964-01-01,Canada,Seasonally adjusted at annual rates,Chained (2017) dollars,NA,NA,CapFormGovMachineryandEquipment,NA
1964-04-01,Canada,Seasonally adjusted at annual rates,Chained (2017) dollars,NA,NA,CapFormGovMachineryandEquipment,NA
1964-07-01,Canada,Seasonally adjusted at annual rates,Chained (2017) dollars,NA,NA,CapFormGovMachineryandEquipment,NA
1964-10-01,Canada,Seasonally adjusted at annual rates,Chained (2017) dollars,NA,NA,CapFormGovMachineryandEquipment,NA
1965-01-01,Canada,Seasonally adjusted at annual rates,Chained (2017) dollars,NA,NA,CapFormGovMachineryandEquipment,NA
1965-04-01,Canada,Seasonally adjusted at annual rates,Chained (2017) dollars,NA,NA,CapFormGovMachineryandEquipment,NA
1965-07-01,Canada,Seasonally adjusted at annual rates,Chained (2017) dollars,NA,NA,CapFormGovMachineryandEquipment,NA
1965-10-01,Canada,Seasonally adjusted at annual rates,Chained (2017) dollars,NA,NA,CapFormGovMachineryandEquipment,NA
1966-01-01,Canada,Seasonally adjusted at annual rates,Chained (2017) dollars,NA,NA,CapFormGovMachineryandEquipment,NA
1966-04-01,Canada,Seasonally adjusted at annual rates,Chained (2017) dollars,NA,NA,CapFormGovMachineryandEquipment,NA
1966-07-01,Canada,Seasonally adjusted at annual rates,Chained (2017) dollars,NA,NA,CapFormGovMachineryandEquipment,NA
1966-10-01,Canada,Seasonally adjusted at annual rates,Chained (2017) dollars,NA,NA,CapFormGovMachineryandEquipment,NA
1967-01-01,Canada,Seasonally adjusted at annual rates,Chained (2017) dollars,NA,NA,CapFormGovMachineryandEquipment,NA
1967-04-01,Canada,Seasonally adjusted at annual rates,Chained (2017) dollars,NA,NA,CapFormGovMachineryandEquipment,NA
1967-07-01,Canada,Seasonally adjusted at annual rates,Chained (2017) dollars,NA,NA,CapFormGovMachineryandEquipment,NA
1967-10-01,Canada,Seasonally adjusted at annual rates,Chained (2017) dollars,NA,NA,CapFormGovMachineryandEquipment,NA
1968-01-01,Canada,Seasonally adjusted at annual rates,Chained (2017) dollars,NA,NA,CapFormGovMachineryandEquipment,NA
1968-04-01,Canada,Seasonally adjusted at annual rates,Chained (2017) dollars,NA,NA,CapFormGovMachineryandEquipment,NA
1968-07-01,Canada,Seasonally adjusted at annual rates,Chained (2017) dollars,NA,NA,CapFormGovMachineryandEquipment,NA
1968-10-01,Canada,Seasonally adjusted at annual rates,Chained (2017) dollars,NA,NA,CapFormGovMachineryandEquipment,NA
1969-01-01,Canada,Seasonally adjusted at annual rates,Chained (2017) dollars,NA,NA,CapFormGovMachineryandEquipment,NA
1969-04-01,Canada,Seasonally adjusted at annual rates,Chained (2017) dollars,NA,NA,CapFormGovMachineryandEquipment,NA
1969-07-01,Canada,Seasonally adjusted at annual rates,Chained (2017) dollars,NA,NA,CapFormGovMachineryandEquipment,NA
1969-10-01,Canada,Seasonally adjusted at annual rates,Chained (2017) dollars,NA,NA,CapFormGovMachineryandEquipment,NA
1970-01-01,Canada,Seasonally adjusted at annual rates,Chained (2017) dollars,NA,NA,CapFormGovMachineryandEquipment,NA
1970-04-01,Canada,Seasonally adjusted at annual rates,Chained (2017) dollars,NA,NA,CapFormGovMachineryandEquipment,NA
1970-07-01,Canada,Seasonally adjusted at annual rates,Chained (2017) dollars,NA,NA,CapFormGovMachineryandEquipment,NA
1970-10-01,Canada,Seasonally adjusted at annual rates,Chained (2017) dollars,NA,NA,CapFormGovMachineryandEquipment,NA
1971-01-01,Canada,Seasonally adjusted at annual rates,Chained (2017) dollars,NA,NA,CapFormGovMachineryandEquipment,NA
1971-04-01,Canada,Seasonally adjusted at annual rates,Chained (2017) dollars,NA,NA,CapFormGovMachineryandEquipment,NA
1971-07-01,Canada,Seasonally adjusted at annual rates,Chained (2017) dollars,NA,NA,CapFormGovMachineryandEquipment,NA
1971-10-01,Canada,Seasonally adjusted at annual rates,Chained (2017) dollars,NA,NA,CapFormGovMachineryandEquipment,NA
1972-01-01,Canada,Seasonally adjusted at annual rates,Chained (2017) dollars,NA,NA,CapFormGovMachineryandEquipment,NA
1972-04-01,Canada,Seasonally adjusted at annual rates,Chained (2017) dollars,NA,NA,CapFormGovMachineryandEquipment,NA
1972-07-01,Canada,Seasonally adjusted at annual rates,Chained (2017) dollars,NA,NA,CapFormGovMachineryandEquipment,NA
1972-10-01,Canada,Seasonally adjusted at annual rates,Chained (2017) dollars,NA,NA,CapFormGovMachineryandEquipment,NA
1973-01-01,Canada,Seasonally adjusted at annual rates,Chained (2017) dollars,NA,NA,CapFormGovMachineryandEquipment,NA
1973-04-01,Canada,Seasonally adjusted at annual rates,Chained (2017) dollars,NA,NA,CapFormGovMachineryandEquipment,NA
1973-07-01,Canada,Seasonally adjusted at annual rates,Chained (2017) dollars,NA,NA,CapFormGovMachineryandEquipment,NA
1973-10-01,Canada,Seasonally adjusted at annual rates,Chained (2017) dollars,NA,NA,CapFormGovMachineryandEquipment,NA
1974-01-01,Canada,Seasonally adjusted at annual rates,Chained (2017) dollars,NA,NA,CapFormGovMachineryandEquipment,NA
1974-04-01,Canada,Seasonally adjusted at annual rates,Chained (2017) dollars,NA,NA,CapFormGovMachineryandEquipment,NA
1974-07-01,Canada,Seasonally adjusted at annual rates,Chained (2017) dollars,NA,NA,CapFormGovMachineryandEquipment,NA
1974-10-01,Canada,Seasonally adjusted at annual rates,Chained (2017) dollars,NA,NA,CapFormGovMachineryandEquipment,NA
1975-01-01,Canada,Seasonally adjusted at annual rates,Chained (2017) dollars,NA,NA,CapFormGovMachineryandEquipment,NA
1975-04-01,Canada,Seasonally adjusted at annual rates,Chained (2017) dollars,NA,NA,CapFormGovMachineryandEquipment,NA
1975-07-01,Canada,Seasonally adjusted at annual rates,Chained (2017) dollars,NA,NA,CapFormGovMachineryandEquipment,NA
1975-10-01,Canada,Seasonally adjusted at annual rates,Chained (2017) dollars,NA,NA,CapFormGovMachineryandEquipment,NA
1976-01-01,Canada,Seasonally adjusted at annual rates,Chained (2017) dollars,NA,NA,CapFormGovMachineryandEquipment,NA
1976-04-01,Canada,Seasonally adjusted at annual rates,Chained (2017) dollars,NA,NA,CapFormGovMachineryandEquipment,NA
1976-07-01,Canada,Seasonally adjusted at annual rates,Chained (2017) dollars,NA,NA,CapFormGovMachineryandEquipment,NA
1976-10-01,Canada,Seasonally adjusted at annual rates,Chained (2017) dollars,NA,NA,CapFormGovMachineryandEquipment,NA
1977-01-01,Canada,Seasonally adjusted at annual rates,Chained (2017) dollars,NA,NA,CapFormGovMachineryandEquipment,NA
1977-04-01,Canada,Seasonally adjusted at annual rates,Chained (2017) dollars,NA,NA,CapFormGovMachineryandEquipment,NA
1977-07-01,Canada,Seasonally adjusted at annual rates,Chained (2017) dollars,NA,NA,CapFormGovMachineryandEquipment,NA
1977-10-01,Canada,Seasonally adjusted at annual rates,Chained (2017) dollars,NA,NA,CapFormGovMachineryandEquipment,NA
1978-01-01,Canada,Seasonally adjusted at annual rates,Chained (2017) dollars,NA,NA,CapFormGovMachineryandEquipment,NA
1978-04-01,Canada,Seasonally adjusted at annual rates,Chained (2017) dollars,NA,NA,CapFormGovMachineryandEquipment,NA
1978-07-01,Canada,Seasonally adjusted at annual rates,Chained (2017) dollars,NA,NA,CapFormGovMachineryandEquipment,NA
1978-10-01,Canada,Seasonally adjusted at annual rates,Chained (2017) dollars,NA,NA,CapFormGovMachineryandEquipment,NA
1979-01-01,Canada,Seasonally adjusted at annual rates,Chained (2017) dollars,NA,NA,CapFormGovMachineryandEquipment,NA
1979-04-01,Canada,Seasonally adjusted at annual rates,Chained (2017) dollars,NA,NA,CapFormGovMachineryandEquipment,NA
1979-07-01,Canada,Seasonally adjusted at annual rates,Chained (2017) dollars,NA,NA,CapFormGovMachineryandEquipment,NA
1979-10-01,Canada,Seasonally adjusted at annual rates,Chained (2017) dollars,NA,NA,CapFormGovMachineryandEquipment,NA
1980-01-01,Canada,Seasonally adjusted at annual rates,Chained (2017) dollars,NA,NA,CapFormGovMachineryandEquipment,NA
1980-04-01,Canada,Seasonally adjusted at annual rates,Chained (2017) dollars,NA,NA,CapFormGovMachineryandEquipment,NA
1980-07-01,Canada,Seasonally adjusted at annual rates,Chained (2017) dollars,NA,NA,CapFormGovMachineryandEquipment,NA
1980-10-01,Canada,Seasonally adjusted at annual rates,Chained (2017) dollars,NA,NA,CapFormGovMachineryandEquipment,NA
1981-01-01,Canada,Seasonally adjusted at annual rates,Chained (2017) dollars,NA,99,CapFormGovMachineryandEquipment,NA
1981-04-01,Canada,Seasonally adjusted at annual rates,Chained (2017) dollars,NA,103,CapFormGovMachineryandEquipment,NA
1981-07-01,Canada,Seasonally adjusted at annual rates,Chained (2017) dollars,NA,107,CapFormGovMachineryandEquipment,NA
1981-10-01,Canada,Seasonally adjusted at annual rates,Chained (2017) dollars,NA,114,CapFormGovMachineryandEquipment,NA
1982-01-01,Canada,Seasonally adjusted at annual rates,Chained (2017) dollars,NA,111,CapFormGovMachineryandEquipment,NA
1982-04-01,Canada,Seasonally adjusted at annual rates,Chained (2017) dollars,NA,107,CapFormGovMachineryandEquipment,NA
1982-07-01,Canada,Seasonally adjusted at annual rates,Chained (2017) dollars,NA,99,CapFormGovMachineryandEquipment,NA
1982-10-01,Canada,Seasonally adjusted at annual rates,Chained (2017) dollars,NA,95,CapFormGovMachineryandEquipment,NA
1983-01-01,Canada,Seasonally adjusted at annual rates,Chained (2017) dollars,NA,95,CapFormGovMachineryandEquipment,NA
1983-04-01,Canada,Seasonally adjusted at annual rates,Chained (2017) dollars,NA,97,CapFormGovMachineryandEquipment,NA
1983-07-01,Canada,Seasonally adjusted at annual rates,Chained (2017) dollars,NA,110,CapFormGovMachineryandEquipment,NA
1983-10-01,Canada,Seasonally adjusted at annual rates,Chained (2017) dollars,NA,119,CapFormGovMachineryandEquipment,NA
1984-01-01,Canada,Seasonally adjusted at annual rates,Chained (2017) dollars,NA,134,CapFormGovMachineryandEquipment,NA
1984-04-01,Canada,Seasonally adjusted at annual rates,Chained (2017) dollars,NA,140,CapFormGovMachineryandEquipment,NA
1984-07-01,Canada,Seasonally adjusted at annual rates,Chained (2017) dollars,NA,153,CapFormGovMachineryandEquipment,NA
1984-10-01,Canada,Seasonally adjusted at annual rates,Chained (2017) dollars,NA,158,CapFormGovMachineryandEquipment,NA
1985-01-01,Canada,Seasonally adjusted at annual rates,Chained (2017) dollars,NA,163,CapFormGovMachineryandEquipment,NA
1985-04-01,Canada,Seasonally adjusted at annual rates,Chained (2017) dollars,NA,150,CapFormGovMachineryandEquipment,NA
1985-07-01,Canada,Seasonally adjusted at annual rates,Chained (2017) dollars,NA,157,CapFormGovMachineryandEquipment,NA
1985-10-01,Canada,Seasonally adjusted at annual rates,Chained (2017) dollars,NA,153,CapFormGovMachineryandEquipment,NA
1986-01-01,Canada,Seasonally adjusted at annual rates,Chained (2017) dollars,NA,193,CapFormGovMachineryandEquipment,NA
1986-04-01,Canada,Seasonally adjusted at annual rates,Chained (2017) dollars,NA,198,CapFormGovMachineryandEquipment,NA
1986-07-01,Canada,Seasonally adjusted at annual rates,Chained (2017) dollars,NA,191,CapFormGovMachineryandEquipment,NA
1986-10-01,Canada,Seasonally adjusted at annual rates,Chained (2017) dollars,NA,192,CapFormGovMachineryandEquipment,NA
1987-01-01,Canada,Seasonally adjusted at annual rates,Chained (2017) dollars,NA,193,CapFormGovMachineryandEquipment,NA
1987-04-01,Canada,Seasonally adjusted at annual rates,Chained (2017) dollars,NA,193,CapFormGovMachineryandEquipment,NA
1987-07-01,Canada,Seasonally adjusted at annual rates,Chained (2017) dollars,NA,218,CapFormGovMachineryandEquipment,NA
1987-10-01,Canada,Seasonally adjusted at annual rates,Chained (2017) dollars,NA,225,CapFormGovMachineryandEquipment,NA
1988-01-01,Canada,Seasonally adjusted at annual rates,Chained (2017) dollars,NA,242,CapFormGovMachineryandEquipment,NA
1988-04-01,Canada,Seasonally adjusted at annual rates,Chained (2017) dollars,NA,242,CapFormGovMachineryandEquipment,NA
1988-07-01,Canada,Seasonally adjusted at annual rates,Chained (2017) dollars,NA,264,CapFormGovMachineryandEquipment,NA
1988-10-01,Canada,Seasonally adjusted at annual rates,Chained (2017) dollars,NA,262,CapFormGovMachineryandEquipment,NA
1989-01-01,Canada,Seasonally adjusted at annual rates,Chained (2017) dollars,NA,296,CapFormGovMachineryandEquipment,NA
1989-04-01,Canada,Seasonally adjusted at annual rates,Chained (2017) dollars,NA,309,CapFormGovMachineryandEquipment,NA
1989-07-01,Canada,Seasonally adjusted at annual rates,Chained (2017) dollars,NA,300,CapFormGovMachineryandEquipment,NA
1989-10-01,Canada,Seasonally adjusted at annual rates,Chained (2017) dollars,NA,321,CapFormGovMachineryandEquipment,NA
1990-01-01,Canada,Seasonally adjusted at annual rates,Chained (2017) dollars,NA,318,CapFormGovMachineryandEquipment,NA
1990-04-01,Canada,Seasonally adjusted at annual rates,Chained (2017) dollars,NA,311,CapFormGovMachineryandEquipment,NA
1990-07-01,Canada,Seasonally adjusted at annual rates,Chained (2017) dollars,NA,307,CapFormGovMachineryandEquipment,NA
1990-10-01,Canada,Seasonally adjusted at annual rates,Chained (2017) dollars,NA,304,CapFormGovMachineryandEquipment,NA
1991-01-01,Canada,Seasonally adjusted at annual rates,Chained (2017) dollars,NA,347,CapFormGovMachineryandEquipment,NA
1991-04-01,Canada,Seasonally adjusted at annual rates,Chained (2017) dollars,NA,343,CapFormGovMachineryandEquipment,NA
1991-07-01,Canada,Seasonally adjusted at annual rates,Chained (2017) dollars,NA,358,CapFormGovMachineryandEquipment,NA
1991-10-01,Canada,Seasonally adjusted at annual rates,Chained (2017) dollars,NA,384,CapFormGovMachineryandEquipment,NA
1992-01-01,Canada,Seasonally adjusted at annual rates,Chained (2017) dollars,NA,390,CapFormGovMachineryandEquipment,NA
1992-04-01,Canada,Seasonally adjusted at annual rates,Chained (2017) dollars,NA,401,CapFormGovMachineryandEquipment,NA
1992-07-01,Canada,Seasonally adjusted at annual rates,Chained (2017) dollars,NA,424,CapFormGovMachineryandEquipment,NA
1992-10-01,Canada,Seasonally adjusted at annual rates,Chained (2017) dollars,NA,381,CapFormGovMachineryandEquipment,NA
1993-01-01,Canada,Seasonally adjusted at annual rates,Chained (2017) dollars,NA,377,CapFormGovMachineryandEquipment,NA
1993-04-01,Canada,Seasonally adjusted at annual rates,Chained (2017) dollars,NA,381,CapFormGovMachineryandEquipment,NA
1993-07-01,Canada,Seasonally adjusted at annual rates,Chained (2017) dollars,NA,381,CapFormGovMachineryandEquipment,NA
1993-10-01,Canada,Seasonally adjusted at annual rates,Chained (2017) dollars,NA,401,CapFormGovMachineryandEquipment,NA
1994-01-01,Canada,Seasonally adjusted at annual rates,Chained (2017) dollars,NA,392,CapFormGovMachineryandEquipment,NA
1994-04-01,Canada,Seasonally adjusted at annual rates,Chained (2017) dollars,NA,418,CapFormGovMachineryandEquipment,NA
1994-07-01,Canada,Seasonally adjusted at annual rates,Chained (2017) dollars,NA,424,CapFormGovMachineryandEquipment,NA
1994-10-01,Canada,Seasonally adjusted at annual rates,Chained (2017) dollars,NA,426,CapFormGovMachineryandEquipment,NA
1995-01-01,Canada,Seasonally adjusted at annual rates,Chained (2017) dollars,NA,433,CapFormGovMachineryandEquipment,NA
1995-04-01,Canada,Seasonally adjusted at annual rates,Chained (2017) dollars,NA,435,CapFormGovMachineryandEquipment,NA
1995-07-01,Canada,Seasonally adjusted at annual rates,Chained (2017) dollars,NA,420,CapFormGovMachineryandEquipment,NA
1995-10-01,Canada,Seasonally adjusted at annual rates,Chained (2017) dollars,NA,437,CapFormGovMachineryandEquipment,NA
1996-01-01,Canada,Seasonally adjusted at annual rates,Chained (2017) dollars,NA,465,CapFormGovMachineryandEquipment,NA
1996-04-01,Canada,Seasonally adjusted at annual rates,Chained (2017) dollars,NA,439,CapFormGovMachineryandEquipment,NA
1996-07-01,Canada,Seasonally adjusted at annual rates,Chained (2017) dollars,NA,446,CapFormGovMachineryandEquipment,NA
1996-10-01,Canada,Seasonally adjusted at annual rates,Chained (2017) dollars,NA,467,CapFormGovMachineryandEquipment,NA
1997-01-01,Canada,Seasonally adjusted at annual rates,Chained (2017) dollars,NA,440,CapFormGovMachineryandEquipment,NA
1997-04-01,Canada,Seasonally adjusted at annual rates,Chained (2017) dollars,NA,430,CapFormGovMachineryandEquipment,NA
1997-07-01,Canada,Seasonally adjusted at annual rates,Chained (2017) dollars,NA,469,CapFormGovMachineryandEquipment,NA
1997-10-01,Canada,Seasonally adjusted at annual rates,Chained (2017) dollars,NA,476,CapFormGovMachineryandEquipment,NA
1998-01-01,Canada,Seasonally adjusted at annual rates,Chained (2017) dollars,NA,520,CapFormGovMachineryandEquipment,NA
1998-04-01,Canada,Seasonally adjusted at annual rates,Chained (2017) dollars,NA,572,CapFormGovMachineryandEquipment,NA
1998-07-01,Canada,Seasonally adjusted at annual rates,Chained (2017) dollars,NA,579,CapFormGovMachineryandEquipment,NA
1998-10-01,Canada,Seasonally adjusted at annual rates,Chained (2017) dollars,NA,623,CapFormGovMachineryandEquipment,NA
1999-01-01,Canada,Seasonally adjusted at annual rates,Chained (2017) dollars,NA,693,CapFormGovMachineryandEquipment,NA
1999-04-01,Canada,Seasonally adjusted at annual rates,Chained (2017) dollars,NA,754,CapFormGovMachineryandEquipment,NA
1999-07-01,Canada,Seasonally adjusted at annual rates,Chained (2017) dollars,NA,742,CapFormGovMachineryandEquipment,NA
1999-10-01,Canada,Seasonally adjusted at annual rates,Chained (2017) dollars,NA,796,CapFormGovMachineryandEquipment,NA
2000-01-01,Canada,Seasonally adjusted at annual rates,Chained (2017) dollars,NA,801,CapFormGovMachineryandEquipment,NA
2000-04-01,Canada,Seasonally adjusted at annual rates,Chained (2017) dollars,NA,837,CapFormGovMachineryandEquipment,NA
2000-07-01,Canada,Seasonally adjusted at annual rates,Chained (2017) dollars,NA,911,CapFormGovMachineryandEquipment,NA
2000-10-01,Canada,Seasonally adjusted at annual rates,Chained (2017) dollars,NA,901,CapFormGovMachineryandEquipment,NA
2001-01-01,Canada,Seasonally adjusted at annual rates,Chained (2017) dollars,NA,942,CapFormGovMachineryandEquipment,NA
2001-04-01,Canada,Seasonally adjusted at annual rates,Chained (2017) dollars,NA,911,CapFormGovMachineryandEquipment,NA
2001-07-01,Canada,Seasonally adjusted at annual rates,Chained (2017) dollars,NA,904,CapFormGovMachineryandEquipment,NA
2001-10-01,Canada,Seasonally adjusted at annual rates,Chained (2017) dollars,NA,891,CapFormGovMachineryandEquipment,NA
2002-01-01,Canada,Seasonally adjusted at annual rates,Chained (2017) dollars,NA,835,CapFormGovMachineryandEquipment,NA
2002-04-01,Canada,Seasonally adjusted at annual rates,Chained (2017) dollars,NA,846,CapFormGovMachineryandEquipment,NA
2002-07-01,Canada,Seasonally adjusted at annual rates,Chained (2017) dollars,NA,867,CapFormGovMachineryandEquipment,NA
2002-10-01,Canada,Seasonally adjusted at annual rates,Chained (2017) dollars,NA,874,CapFormGovMachineryandEquipment,NA
2003-01-01,Canada,Seasonally adjusted at annual rates,Chained (2017) dollars,NA,1026,CapFormGovMachineryandEquipment,NA
2003-04-01,Canada,Seasonally adjusted at annual rates,Chained (2017) dollars,NA,1098,CapFormGovMachineryandEquipment,NA
2003-07-01,Canada,Seasonally adjusted at annual rates,Chained (2017) dollars,NA,1196,CapFormGovMachineryandEquipment,NA
2003-10-01,Canada,Seasonally adjusted at annual rates,Chained (2017) dollars,NA,1229,CapFormGovMachineryandEquipment,NA
2004-01-01,Canada,Seasonally adjusted at annual rates,Chained (2017) dollars,NA,1167,CapFormGovMachineryandEquipment,NA
2004-04-01,Canada,Seasonally adjusted at annual rates,Chained (2017) dollars,NA,1196,CapFormGovMachineryandEquipment,NA
2004-07-01,Canada,Seasonally adjusted at annual rates,Chained (2017) dollars,NA,1254,CapFormGovMachineryandEquipment,NA
2004-10-01,Canada,Seasonally adjusted at annual rates,Chained (2017) dollars,NA,1312,CapFormGovMachineryandEquipment,NA
2005-01-01,Canada,Seasonally adjusted at annual rates,Chained (2017) dollars,NA,1380,CapFormGovMachineryandEquipment,NA
2005-04-01,Canada,Seasonally adjusted at annual rates,Chained (2017) dollars,NA,1431,CapFormGovMachineryandEquipment,NA
2005-07-01,Canada,Seasonally adjusted at annual rates,Chained (2017) dollars,NA,1449,CapFormGovMachineryandEquipment,NA
2005-10-01,Canada,Seasonally adjusted at annual rates,Chained (2017) dollars,NA,1453,CapFormGovMachineryandEquipment,NA
2006-01-01,Canada,Seasonally adjusted at annual rates,Chained (2017) dollars,NA,1485,CapFormGovMachineryandEquipment,NA
2006-04-01,Canada,Seasonally adjusted at annual rates,Chained (2017) dollars,NA,1619,CapFormGovMachineryandEquipment,NA
2006-07-01,Canada,Seasonally adjusted at annual rates,Chained (2017) dollars,NA,1666,CapFormGovMachineryandEquipment,NA
2006-10-01,Canada,Seasonally adjusted at annual rates,Chained (2017) dollars,NA,1677,CapFormGovMachineryandEquipment,NA
2007-01-01,Canada,Seasonally adjusted at annual rates,Chained (2017) dollars,NA,1673,CapFormGovMachineryandEquipment,NA
2007-04-01,Canada,Seasonally adjusted at annual rates,Chained (2017) dollars,NA,1737,CapFormGovMachineryandEquipment,NA
2007-07-01,Canada,Seasonally adjusted at annual rates,Chained (2017) dollars,NA,1752,CapFormGovMachineryandEquipment,NA
2007-10-01,Canada,Seasonally adjusted at annual rates,Chained (2017) dollars,NA,1758,CapFormGovMachineryandEquipment,NA
2008-01-01,Canada,Seasonally adjusted at annual rates,Chained (2017) dollars,NA,2058,CapFormGovMachineryandEquipment,NA
2008-04-01,Canada,Seasonally adjusted at annual rates,Chained (2017) dollars,NA,2305,CapFormGovMachineryandEquipment,NA
2008-07-01,Canada,Seasonally adjusted at annual rates,Chained (2017) dollars,NA,2373,CapFormGovMachineryandEquipment,NA
2008-10-01,Canada,Seasonally adjusted at annual rates,Chained (2017) dollars,NA,2215,CapFormGovMachineryandEquipment,NA
2009-01-01,Canada,Seasonally adjusted at annual rates,Chained (2017) dollars,NA,2252,CapFormGovMachineryandEquipment,NA
2009-04-01,Canada,Seasonally adjusted at annual rates,Chained (2017) dollars,NA,2310,CapFormGovMachineryandEquipment,NA
2009-07-01,Canada,Seasonally adjusted at annual rates,Chained (2017) dollars,NA,2536,CapFormGovMachineryandEquipment,NA
2009-10-01,Canada,Seasonally adjusted at annual rates,Chained (2017) dollars,NA,2736,CapFormGovMachineryandEquipment,NA
2010-01-01,Canada,Seasonally adjusted at annual rates,Chained (2017) dollars,NA,2489,CapFormGovMachineryandEquipment,NA
2010-04-01,Canada,Seasonally adjusted at annual rates,Chained (2017) dollars,NA,2542,CapFormGovMachineryandEquipment,NA
2010-07-01,Canada,Seasonally adjusted at annual rates,Chained (2017) dollars,NA,2442,CapFormGovMachineryandEquipment,NA
2010-10-01,Canada,Seasonally adjusted at annual rates,Chained (2017) dollars,NA,2500,CapFormGovMachineryandEquipment,NA
2011-01-01,Canada,Seasonally adjusted at annual rates,Chained (2017) dollars,NA,2678,CapFormGovMachineryandEquipment,NA
2011-04-01,Canada,Seasonally adjusted at annual rates,Chained (2017) dollars,NA,2789,CapFormGovMachineryandEquipment,NA
2011-07-01,Canada,Seasonally adjusted at annual rates,Chained (2017) dollars,NA,2794,CapFormGovMachineryandEquipment,NA
2011-10-01,Canada,Seasonally adjusted at annual rates,Chained (2017) dollars,NA,2842,CapFormGovMachineryandEquipment,NA
2012-01-01,Canada,Seasonally adjusted at annual rates,Chained (2017) dollars,NA,2962,CapFormGovMachineryandEquipment,NA
2012-04-01,Canada,Seasonally adjusted at annual rates,Chained (2017) dollars,NA,2977,CapFormGovMachineryandEquipment,NA
2012-07-01,Canada,Seasonally adjusted at annual rates,Chained (2017) dollars,NA,2880,CapFormGovMachineryandEquipment,NA
2012-10-01,Canada,Seasonally adjusted at annual rates,Chained (2017) dollars,NA,2758,CapFormGovMachineryandEquipment,NA
2013-01-01,Canada,Seasonally adjusted at annual rates,Chained (2017) dollars,NA,2391,CapFormGovMachineryandEquipment,NA
2013-04-01,Canada,Seasonally adjusted at annual rates,Chained (2017) dollars,NA,2279,CapFormGovMachineryandEquipment,NA
2013-07-01,Canada,Seasonally adjusted at annual rates,Chained (2017) dollars,NA,2024,CapFormGovMachineryandEquipment,NA
2013-10-01,Canada,Seasonally adjusted at annual rates,Chained (2017) dollars,NA,1810,CapFormGovMachineryandEquipment,NA
2014-01-01,Canada,Seasonally adjusted at annual rates,Chained (2017) dollars,NA,1703,CapFormGovMachineryandEquipment,NA
2014-04-01,Canada,Seasonally adjusted at annual rates,Chained (2017) dollars,NA,1647,CapFormGovMachineryandEquipment,NA
2014-07-01,Canada,Seasonally adjusted at annual rates,Chained (2017) dollars,NA,1799,CapFormGovMachineryandEquipment,NA
2014-10-01,Canada,Seasonally adjusted at annual rates,Chained (2017) dollars,NA,2019,CapFormGovMachineryandEquipment,NA
2015-01-01,Canada,Seasonally adjusted at annual rates,Chained (2017) dollars,NA,1585,CapFormGovMachineryandEquipment,NA
2015-04-01,Canada,Seasonally adjusted at annual rates,Chained (2017) dollars,NA,1330,CapFormGovMachineryandEquipment,NA
2015-07-01,Canada,Seasonally adjusted at annual rates,Chained (2017) dollars,NA,1305,CapFormGovMachineryandEquipment,NA
2015-10-01,Canada,Seasonally adjusted at annual rates,Chained (2017) dollars,NA,1458,CapFormGovMachineryandEquipment,NA
2016-01-01,Canada,Seasonally adjusted at annual rates,Chained (2017) dollars,NA,1871,CapFormGovMachineryandEquipment,NA
2016-04-01,Canada,Seasonally adjusted at annual rates,Chained (2017) dollars,NA,1886,CapFormGovMachineryandEquipment,NA
2016-07-01,Canada,Seasonally adjusted at annual rates,Chained (2017) dollars,NA,2110,CapFormGovMachineryandEquipment,NA
2016-10-01,Canada,Seasonally adjusted at annual rates,Chained (2017) dollars,NA,1876,CapFormGovMachineryandEquipment,NA
2017-01-01,Canada,Seasonally adjusted at annual rates,Chained (2017) dollars,NA,2164,CapFormGovMachineryandEquipment,NA
2017-04-01,Canada,Seasonally adjusted at annual rates,Chained (2017) dollars,NA,2080,CapFormGovMachineryandEquipment,NA
2017-07-01,Canada,Seasonally adjusted at annual rates,Chained (2017) dollars,NA,2156,CapFormGovMachineryandEquipment,NA
2017-10-01,Canada,Seasonally adjusted at annual rates,Chained (2017) dollars,NA,2368,CapFormGovMachineryandEquipment,NA
2018-01-01,Canada,Seasonally adjusted at annual rates,Chained (2017) dollars,NA,2496,CapFormGovMachineryandEquipment,NA
2018-04-01,Canada,Seasonally adjusted at annual rates,Chained (2017) dollars,NA,1860,CapFormGovMachineryandEquipment,NA
2018-07-01,Canada,Seasonally adjusted at annual rates,Chained (2017) dollars,NA,1404,CapFormGovMachineryandEquipment,NA
2018-10-01,Canada,Seasonally adjusted at annual rates,Chained (2017) dollars,NA,1304,CapFormGovMachineryandEquipment,NA
2019-01-01,Canada,Seasonally adjusted at annual rates,Chained (2017) dollars,NA,1404,CapFormGovMachineryandEquipment,NA
2019-04-01,Canada,Seasonally adjusted at annual rates,Chained (2017) dollars,NA,1404,CapFormGovMachineryandEquipment,NA
2019-07-01,Canada,Seasonally adjusted at annual rates,Chained (2017) dollars,NA,1576,CapFormGovMachineryandEquipment,NA
2019-10-01,Canada,Seasonally adjusted at annual rates,Chained (2017) dollars,NA,1676,CapFormGovMachineryandEquipment,NA
2020-01-01,Canada,Seasonally adjusted at annual rates,Chained (2017) dollars,NA,1520,CapFormGovMachineryandEquipment,NA
2020-04-01,Canada,Seasonally adjusted at annual rates,Chained (2017) dollars,NA,1188,CapFormGovMachineryandEquipment,NA
2020-07-01,Canada,Seasonally adjusted at annual rates,Chained (2017) dollars,NA,1136,CapFormGovMachineryandEquipment,NA
2020-10-01,Canada,Seasonally adjusted at annual rates,Chained (2017) dollars,NA,1044,CapFormGovMachineryandEquipment,NA
2021-01-01,Canada,Seasonally adjusted at annual rates,Chained (2017) dollars,NA,1112,CapFormGovMachineryandEquipment,NA
2021-04-01,Canada,Seasonally adjusted at annual rates,Chained (2017) dollars,NA,1220,CapFormGovMachineryandEquipment,NA
2021-07-01,Canada,Seasonally adjusted at annual rates,Chained (2017) dollars,NA,1244,CapFormGovMachineryandEquipment,NA
2021-10-01,Canada,Seasonally adjusted at annual rates,Chained (2017) dollars,NA,1268,CapFormGovMachineryandEquipment,NA
2022-01-01,Canada,Seasonally adjusted at annual rates,Chained (2017) dollars,NA,1184,CapFormGovMachineryandEquipment,NA
2022-04-01,Canada,Seasonally adjusted at annual rates,Chained (2017) dollars,NA,1160,CapFormGovMachineryandEquipment,NA
2022-07-01,Canada,Seasonally adjusted at annual rates,Chained (2017) dollars,NA,1112,CapFormGovMachineryandEquipment,NA
2022-10-01,Canada,Seasonally adjusted at annual rates,Chained (2017) dollars,NA,976,CapFormGovMachineryandEquipment,NA
2023-01-01,Canada,Seasonally adjusted at annual rates,Chained (2017) dollars,NA,1260,CapFormGovMachineryandEquipment,NA
2023-04-01,Canada,Seasonally adjusted at annual rates,Chained (2017) dollars,NA,1360,CapFormGovMachineryandEquipment,NA
2023-07-01,Canada,Seasonally adjusted at annual rates,Chained (2017) dollars,NA,1452,CapFormGovMachineryandEquipment,NA
2023-10-01,Canada,Seasonally adjusted at annual rates,Chained (2017) dollars,NA,1472,CapFormGovMachineryandEquipment,NA
2024-01-01,Canada,Seasonally adjusted at annual rates,Chained (2017) dollars,NA,1400,CapFormGovMachineryandEquipment,NA
2024-04-01,Canada,Seasonally adjusted at annual rates,Chained (2017) dollars,NA,1320,CapFormGovMachineryandEquipment,NA
2024-07-01,Canada,Seasonally adjusted at annual rates,Chained (2017) dollars,NA,1208,CapFormGovMachineryandEquipment,NA
2024-10-01,Canada,Seasonally adjusted at annual rates,Chained (2017) dollars,NA,1208,CapFormGovMachineryandEquipment,NA
2025-01-01,Canada,Seasonally adjusted at annual rates,Chained (2017) dollars,NA,1176,CapFormGovMachineryandEquipment,NA
2025-04-01,Canada,Seasonally adjusted at annual rates,Chained (2017) dollars,NA,1184,CapFormGovMachineryandEquipment,NA
2025-07-01,Canada,Seasonally adjusted at annual rates,Chained (2017) dollars,NA,1160,CapFormGovMachineryandEquipment,NA
2025-10-01,Canada,Seasonally adjusted at annual rates,Chained (2017) dollars,NA,1172,CapFormGovMachineryandEquipment,NA
1961-01-01,Canada,Seasonally adjusted at annual rates,Chained (2017) dollars,NA,2549,CapFormGovIntellectualProperty,NA
1961-04-01,Canada,Seasonally adjusted at annual rates,Chained (2017) dollars,NA,2757,CapFormGovIntellectualProperty,NA
1961-07-01,Canada,Seasonally adjusted at annual rates,Chained (2017) dollars,NA,2932,CapFormGovIntellectualProperty,NA
1961-10-01,Canada,Seasonally adjusted at annual rates,Chained (2017) dollars,NA,3008,CapFormGovIntellectualProperty,NA
1962-01-01,Canada,Seasonally adjusted at annual rates,Chained (2017) dollars,NA,2953,CapFormGovIntellectualProperty,NA
1962-04-01,Canada,Seasonally adjusted at annual rates,Chained (2017) dollars,NA,3041,CapFormGovIntellectualProperty,NA
1962-07-01,Canada,Seasonally adjusted at annual rates,Chained (2017) dollars,NA,3074,CapFormGovIntellectualProperty,NA
1962-10-01,Canada,Seasonally adjusted at annual rates,Chained (2017) dollars,NA,3096,CapFormGovIntellectualProperty,NA
1963-01-01,Canada,Seasonally adjusted at annual rates,Chained (2017) dollars,NA,2998,CapFormGovIntellectualProperty,NA
1963-04-01,Canada,Seasonally adjusted at annual rates,Chained (2017) dollars,NA,3151,CapFormGovIntellectualProperty,NA
1963-07-01,Canada,Seasonally adjusted at annual rates,Chained (2017) dollars,NA,3217,CapFormGovIntellectualProperty,NA
1963-10-01,Canada,Seasonally adjusted at annual rates,Chained (2017) dollars,NA,3271,CapFormGovIntellectualProperty,NA
1964-01-01,Canada,Seasonally adjusted at annual rates,Chained (2017) dollars,NA,3283,CapFormGovIntellectualProperty,NA
1964-04-01,Canada,Seasonally adjusted at annual rates,Chained (2017) dollars,NA,3338,CapFormGovIntellectualProperty,NA
1964-07-01,Canada,Seasonally adjusted at annual rates,Chained (2017) dollars,NA,3524,CapFormGovIntellectualProperty,NA
1964-10-01,Canada,Seasonally adjusted at annual rates,Chained (2017) dollars,NA,3655,CapFormGovIntellectualProperty,NA
1965-01-01,Canada,Seasonally adjusted at annual rates,Chained (2017) dollars,NA,3676,CapFormGovIntellectualProperty,NA
1965-04-01,Canada,Seasonally adjusted at annual rates,Chained (2017) dollars,NA,3764,CapFormGovIntellectualProperty,NA
1965-07-01,Canada,Seasonally adjusted at annual rates,Chained (2017) dollars,NA,3852,CapFormGovIntellectualProperty,NA
1965-10-01,Canada,Seasonally adjusted at annual rates,Chained (2017) dollars,NA,3961,CapFormGovIntellectualProperty,NA
1966-01-01,Canada,Seasonally adjusted at annual rates,Chained (2017) dollars,NA,3907,CapFormGovIntellectualProperty,NA
1966-04-01,Canada,Seasonally adjusted at annual rates,Chained (2017) dollars,NA,4049,CapFormGovIntellectualProperty,NA
1966-07-01,Canada,Seasonally adjusted at annual rates,Chained (2017) dollars,NA,4225,CapFormGovIntellectualProperty,NA
1966-10-01,Canada,Seasonally adjusted at annual rates,Chained (2017) dollars,NA,4334,CapFormGovIntellectualProperty,NA
1967-01-01,Canada,Seasonally adjusted at annual rates,Chained (2017) dollars,NA,4389,CapFormGovIntellectualProperty,NA
1967-04-01,Canada,Seasonally adjusted at annual rates,Chained (2017) dollars,NA,4532,CapFormGovIntellectualProperty,NA
1967-07-01,Canada,Seasonally adjusted at annual rates,Chained (2017) dollars,NA,4674,CapFormGovIntellectualProperty,NA
1967-10-01,Canada,Seasonally adjusted at annual rates,Chained (2017) dollars,NA,4740,CapFormGovIntellectualProperty,NA
1968-01-01,Canada,Seasonally adjusted at annual rates,Chained (2017) dollars,NA,4729,CapFormGovIntellectualProperty,NA
1968-04-01,Canada,Seasonally adjusted at annual rates,Chained (2017) dollars,NA,4751,CapFormGovIntellectualProperty,NA
1968-07-01,Canada,Seasonally adjusted at annual rates,Chained (2017) dollars,NA,4805,CapFormGovIntellectualProperty,NA
1968-10-01,Canada,Seasonally adjusted at annual rates,Chained (2017) dollars,NA,4915,CapFormGovIntellectualProperty,NA
1969-01-01,Canada,Seasonally adjusted at annual rates,Chained (2017) dollars,NA,4882,CapFormGovIntellectualProperty,NA
1969-04-01,Canada,Seasonally adjusted at annual rates,Chained (2017) dollars,NA,4958,CapFormGovIntellectualProperty,NA
1969-07-01,Canada,Seasonally adjusted at annual rates,Chained (2017) dollars,NA,4937,CapFormGovIntellectualProperty,NA
1969-10-01,Canada,Seasonally adjusted at annual rates,Chained (2017) dollars,NA,4837,CapFormGovIntellectualProperty,NA
1970-01-01,Canada,Seasonally adjusted at annual rates,Chained (2017) dollars,NA,4695,CapFormGovIntellectualProperty,NA
1970-04-01,Canada,Seasonally adjusted at annual rates,Chained (2017) dollars,NA,4804,CapFormGovIntellectualProperty,NA
1970-07-01,Canada,Seasonally adjusted at annual rates,Chained (2017) dollars,NA,5078,CapFormGovIntellectualProperty,NA
1970-10-01,Canada,Seasonally adjusted at annual rates,Chained (2017) dollars,NA,5428,CapFormGovIntellectualProperty,NA
1971-01-01,Canada,Seasonally adjusted at annual rates,Chained (2017) dollars,NA,5724,CapFormGovIntellectualProperty,NA
1971-04-01,Canada,Seasonally adjusted at annual rates,Chained (2017) dollars,NA,6121,CapFormGovIntellectualProperty,NA
1971-07-01,Canada,Seasonally adjusted at annual rates,Chained (2017) dollars,NA,6359,CapFormGovIntellectualProperty,NA
1971-10-01,Canada,Seasonally adjusted at annual rates,Chained (2017) dollars,NA,6366,CapFormGovIntellectualProperty,NA
1972-01-01,Canada,Seasonally adjusted at annual rates,Chained (2017) dollars,NA,6167,CapFormGovIntellectualProperty,NA
1972-04-01,Canada,Seasonally adjusted at annual rates,Chained (2017) dollars,NA,6030,CapFormGovIntellectualProperty,NA
1972-07-01,Canada,Seasonally adjusted at annual rates,Chained (2017) dollars,NA,5969,CapFormGovIntellectualProperty,NA
1972-10-01,Canada,Seasonally adjusted at annual rates,Chained (2017) dollars,NA,5907,CapFormGovIntellectualProperty,NA
1973-01-01,Canada,Seasonally adjusted at annual rates,Chained (2017) dollars,NA,5762,CapFormGovIntellectualProperty,NA
1973-04-01,Canada,Seasonally adjusted at annual rates,Chained (2017) dollars,NA,5861,CapFormGovIntellectualProperty,NA
1973-07-01,Canada,Seasonally adjusted at annual rates,Chained (2017) dollars,NA,5824,CapFormGovIntellectualProperty,NA
1973-10-01,Canada,Seasonally adjusted at annual rates,Chained (2017) dollars,NA,5747,CapFormGovIntellectualProperty,NA
1974-01-01,Canada,Seasonally adjusted at annual rates,Chained (2017) dollars,NA,5564,CapFormGovIntellectualProperty,NA
1974-04-01,Canada,Seasonally adjusted at annual rates,Chained (2017) dollars,NA,5541,CapFormGovIntellectualProperty,NA
1974-07-01,Canada,Seasonally adjusted at annual rates,Chained (2017) dollars,NA,5587,CapFormGovIntellectualProperty,NA
1974-10-01,Canada,Seasonally adjusted at annual rates,Chained (2017) dollars,NA,5617,CapFormGovIntellectualProperty,NA
1975-01-01,Canada,Seasonally adjusted at annual rates,Chained (2017) dollars,NA,5534,CapFormGovIntellectualProperty,NA
1975-04-01,Canada,Seasonally adjusted at annual rates,Chained (2017) dollars,NA,5648,CapFormGovIntellectualProperty,NA
1975-07-01,Canada,Seasonally adjusted at annual rates,Chained (2017) dollars,NA,5717,CapFormGovIntellectualProperty,NA
1975-10-01,Canada,Seasonally adjusted at annual rates,Chained (2017) dollars,NA,5732,CapFormGovIntellectualProperty,NA
1976-01-01,Canada,Seasonally adjusted at annual rates,Chained (2017) dollars,NA,6015,CapFormGovIntellectualProperty,NA
1976-04-01,Canada,Seasonally adjusted at annual rates,Chained (2017) dollars,NA,6030,CapFormGovIntellectualProperty,NA
1976-07-01,Canada,Seasonally adjusted at annual rates,Chained (2017) dollars,NA,6190,CapFormGovIntellectualProperty,NA
1976-10-01,Canada,Seasonally adjusted at annual rates,Chained (2017) dollars,NA,6274,CapFormGovIntellectualProperty,NA
1977-01-01,Canada,Seasonally adjusted at annual rates,Chained (2017) dollars,NA,6220,CapFormGovIntellectualProperty,NA
1977-04-01,Canada,Seasonally adjusted at annual rates,Chained (2017) dollars,NA,6389,CapFormGovIntellectualProperty,NA
1977-07-01,Canada,Seasonally adjusted at annual rates,Chained (2017) dollars,NA,6580,CapFormGovIntellectualProperty,NA
1977-10-01,Canada,Seasonally adjusted at annual rates,Chained (2017) dollars,NA,6702,CapFormGovIntellectualProperty,NA
1978-01-01,Canada,Seasonally adjusted at annual rates,Chained (2017) dollars,NA,6587,CapFormGovIntellectualProperty,NA
1978-04-01,Canada,Seasonally adjusted at annual rates,Chained (2017) dollars,NA,6710,CapFormGovIntellectualProperty,NA
1978-07-01,Canada,Seasonally adjusted at annual rates,Chained (2017) dollars,NA,6801,CapFormGovIntellectualProperty,NA
1978-10-01,Canada,Seasonally adjusted at annual rates,Chained (2017) dollars,NA,6816,CapFormGovIntellectualProperty,NA
1979-01-01,Canada,Seasonally adjusted at annual rates,Chained (2017) dollars,NA,6618,CapFormGovIntellectualProperty,NA
1979-04-01,Canada,Seasonally adjusted at annual rates,Chained (2017) dollars,NA,6679,CapFormGovIntellectualProperty,NA
1979-07-01,Canada,Seasonally adjusted at annual rates,Chained (2017) dollars,NA,6770,CapFormGovIntellectualProperty,NA
1979-10-01,Canada,Seasonally adjusted at annual rates,Chained (2017) dollars,NA,6800,CapFormGovIntellectualProperty,NA
1980-01-01,Canada,Seasonally adjusted at annual rates,Chained (2017) dollars,NA,6739,CapFormGovIntellectualProperty,NA
1980-04-01,Canada,Seasonally adjusted at annual rates,Chained (2017) dollars,NA,6815,CapFormGovIntellectualProperty,NA
1980-07-01,Canada,Seasonally adjusted at annual rates,Chained (2017) dollars,NA,7022,CapFormGovIntellectualProperty,NA
1980-10-01,Canada,Seasonally adjusted at annual rates,Chained (2017) dollars,NA,7167,CapFormGovIntellectualProperty,NA
1981-01-01,Canada,Seasonally adjusted at annual rates,Chained (2017) dollars,NA,7144,CapFormGovIntellectualProperty,NA
1981-04-01,Canada,Seasonally adjusted at annual rates,Chained (2017) dollars,NA,7253,CapFormGovIntellectualProperty,NA
1981-07-01,Canada,Seasonally adjusted at annual rates,Chained (2017) dollars,NA,7275,CapFormGovIntellectualProperty,NA
1981-10-01,Canada,Seasonally adjusted at annual rates,Chained (2017) dollars,NA,7274,CapFormGovIntellectualProperty,NA
1982-01-01,Canada,Seasonally adjusted at annual rates,Chained (2017) dollars,NA,7406,CapFormGovIntellectualProperty,NA
1982-04-01,Canada,Seasonally adjusted at annual rates,Chained (2017) dollars,NA,7600,CapFormGovIntellectualProperty,NA
1982-07-01,Canada,Seasonally adjusted at annual rates,Chained (2017) dollars,NA,7706,CapFormGovIntellectualProperty,NA
1982-10-01,Canada,Seasonally adjusted at annual rates,Chained (2017) dollars,NA,7705,CapFormGovIntellectualProperty,NA
1983-01-01,Canada,Seasonally adjusted at annual rates,Chained (2017) dollars,NA,7643,CapFormGovIntellectualProperty,NA
1983-04-01,Canada,Seasonally adjusted at annual rates,Chained (2017) dollars,NA,7736,CapFormGovIntellectualProperty,NA
1983-07-01,Canada,Seasonally adjusted at annual rates,Chained (2017) dollars,NA,8034,CapFormGovIntellectualProperty,NA
1983-10-01,Canada,Seasonally adjusted at annual rates,Chained (2017) dollars,NA,8321,CapFormGovIntellectualProperty,NA
1984-01-01,Canada,Seasonally adjusted at annual rates,Chained (2017) dollars,NA,8526,CapFormGovIntellectualProperty,NA
1984-04-01,Canada,Seasonally adjusted at annual rates,Chained (2017) dollars,NA,8555,CapFormGovIntellectualProperty,NA
1984-07-01,Canada,Seasonally adjusted at annual rates,Chained (2017) dollars,NA,8311,CapFormGovIntellectualProperty,NA
1984-10-01,Canada,Seasonally adjusted at annual rates,Chained (2017) dollars,NA,8223,CapFormGovIntellectualProperty,NA
1985-01-01,Canada,Seasonally adjusted at annual rates,Chained (2017) dollars,NA,8294,CapFormGovIntellectualProperty,NA
1985-04-01,Canada,Seasonally adjusted at annual rates,Chained (2017) dollars,NA,8310,CapFormGovIntellectualProperty,NA
1985-07-01,Canada,Seasonally adjusted at annual rates,Chained (2017) dollars,NA,8315,CapFormGovIntellectualProperty,NA
1985-10-01,Canada,Seasonally adjusted at annual rates,Chained (2017) dollars,NA,8131,CapFormGovIntellectualProperty,NA
1986-01-01,Canada,Seasonally adjusted at annual rates,Chained (2017) dollars,NA,8097,CapFormGovIntellectualProperty,NA
1986-04-01,Canada,Seasonally adjusted at annual rates,Chained (2017) dollars,NA,8231,CapFormGovIntellectualProperty,NA
1986-07-01,Canada,Seasonally adjusted at annual rates,Chained (2017) dollars,NA,8455,CapFormGovIntellectualProperty,NA
1986-10-01,Canada,Seasonally adjusted at annual rates,Chained (2017) dollars,NA,8571,CapFormGovIntellectualProperty,NA
1987-01-01,Canada,Seasonally adjusted at annual rates,Chained (2017) dollars,NA,8401,CapFormGovIntellectualProperty,NA
1987-04-01,Canada,Seasonally adjusted at annual rates,Chained (2017) dollars,NA,8056,CapFormGovIntellectualProperty,NA
1987-07-01,Canada,Seasonally adjusted at annual rates,Chained (2017) dollars,NA,7921,CapFormGovIntellectualProperty,NA
1987-10-01,Canada,Seasonally adjusted at annual rates,Chained (2017) dollars,NA,8233,CapFormGovIntellectualProperty,NA
1988-01-01,Canada,Seasonally adjusted at annual rates,Chained (2017) dollars,NA,8949,CapFormGovIntellectualProperty,NA
1988-04-01,Canada,Seasonally adjusted at annual rates,Chained (2017) dollars,NA,9398,CapFormGovIntellectualProperty,NA
1988-07-01,Canada,Seasonally adjusted at annual rates,Chained (2017) dollars,NA,9589,CapFormGovIntellectualProperty,NA
1988-10-01,Canada,Seasonally adjusted at annual rates,Chained (2017) dollars,NA,9594,CapFormGovIntellectualProperty,NA
1989-01-01,Canada,Seasonally adjusted at annual rates,Chained (2017) dollars,NA,9553,CapFormGovIntellectualProperty,NA
1989-04-01,Canada,Seasonally adjusted at annual rates,Chained (2017) dollars,NA,9340,CapFormGovIntellectualProperty,NA
1989-07-01,Canada,Seasonally adjusted at annual rates,Chained (2017) dollars,NA,9379,CapFormGovIntellectualProperty,NA
1989-10-01,Canada,Seasonally adjusted at annual rates,Chained (2017) dollars,NA,9542,CapFormGovIntellectualProperty,NA
1990-01-01,Canada,Seasonally adjusted at annual rates,Chained (2017) dollars,NA,9556,CapFormGovIntellectualProperty,NA
1990-04-01,Canada,Seasonally adjusted at annual rates,Chained (2017) dollars,NA,9808,CapFormGovIntellectualProperty,NA
1990-07-01,Canada,Seasonally adjusted at annual rates,Chained (2017) dollars,NA,10390,CapFormGovIntellectualProperty,NA
1990-10-01,Canada,Seasonally adjusted at annual rates,Chained (2017) dollars,NA,10281,CapFormGovIntellectualProperty,NA
1991-01-01,Canada,Seasonally adjusted at annual rates,Chained (2017) dollars,NA,10322,CapFormGovIntellectualProperty,NA
1991-04-01,Canada,Seasonally adjusted at annual rates,Chained (2017) dollars,NA,10276,CapFormGovIntellectualProperty,NA
1991-07-01,Canada,Seasonally adjusted at annual rates,Chained (2017) dollars,NA,10183,CapFormGovIntellectualProperty,NA
1991-10-01,Canada,Seasonally adjusted at annual rates,Chained (2017) dollars,NA,10129,CapFormGovIntellectualProperty,NA
1992-01-01,Canada,Seasonally adjusted at annual rates,Chained (2017) dollars,NA,10305,CapFormGovIntellectualProperty,NA
1992-04-01,Canada,Seasonally adjusted at annual rates,Chained (2017) dollars,NA,10089,CapFormGovIntellectualProperty,NA
1992-07-01,Canada,Seasonally adjusted at annual rates,Chained (2017) dollars,NA,9790,CapFormGovIntellectualProperty,NA
1992-10-01,Canada,Seasonally adjusted at annual rates,Chained (2017) dollars,NA,10258,CapFormGovIntellectualProperty,NA
1993-01-01,Canada,Seasonally adjusted at annual rates,Chained (2017) dollars,NA,11146,CapFormGovIntellectualProperty,NA
1993-04-01,Canada,Seasonally adjusted at annual rates,Chained (2017) dollars,NA,11500,CapFormGovIntellectualProperty,NA
1993-07-01,Canada,Seasonally adjusted at annual rates,Chained (2017) dollars,NA,11364,CapFormGovIntellectualProperty,NA
1993-10-01,Canada,Seasonally adjusted at annual rates,Chained (2017) dollars,NA,11066,CapFormGovIntellectualProperty,NA
1994-01-01,Canada,Seasonally adjusted at annual rates,Chained (2017) dollars,NA,10440,CapFormGovIntellectualProperty,NA
1994-04-01,Canada,Seasonally adjusted at annual rates,Chained (2017) dollars,NA,10455,CapFormGovIntellectualProperty,NA
1994-07-01,Canada,Seasonally adjusted at annual rates,Chained (2017) dollars,NA,10880,CapFormGovIntellectualProperty,NA
1994-10-01,Canada,Seasonally adjusted at annual rates,Chained (2017) dollars,NA,11049,CapFormGovIntellectualProperty,NA
1995-01-01,Canada,Seasonally adjusted at annual rates,Chained (2017) dollars,NA,11113,CapFormGovIntellectualProperty,NA
1995-04-01,Canada,Seasonally adjusted at annual rates,Chained (2017) dollars,NA,11155,CapFormGovIntellectualProperty,NA
1995-07-01,Canada,Seasonally adjusted at annual rates,Chained (2017) dollars,NA,11117,CapFormGovIntellectualProperty,NA
1995-10-01,Canada,Seasonally adjusted at annual rates,Chained (2017) dollars,NA,11317,CapFormGovIntellectualProperty,NA
1996-01-01,Canada,Seasonally adjusted at annual rates,Chained (2017) dollars,NA,11928,CapFormGovIntellectualProperty,NA
1996-04-01,Canada,Seasonally adjusted at annual rates,Chained (2017) dollars,NA,12204,CapFormGovIntellectualProperty,NA
1996-07-01,Canada,Seasonally adjusted at annual rates,Chained (2017) dollars,NA,12234,CapFormGovIntellectualProperty,NA
1996-10-01,Canada,Seasonally adjusted at annual rates,Chained (2017) dollars,NA,11765,CapFormGovIntellectualProperty,NA
1997-01-01,Canada,Seasonally adjusted at annual rates,Chained (2017) dollars,NA,10951,CapFormGovIntellectualProperty,NA
1997-04-01,Canada,Seasonally adjusted at annual rates,Chained (2017) dollars,NA,10947,CapFormGovIntellectualProperty,NA
1997-07-01,Canada,Seasonally adjusted at annual rates,Chained (2017) dollars,NA,11553,CapFormGovIntellectualProperty,NA
1997-10-01,Canada,Seasonally adjusted at annual rates,Chained (2017) dollars,NA,12134,CapFormGovIntellectualProperty,NA
1998-01-01,Canada,Seasonally adjusted at annual rates,Chained (2017) dollars,NA,12877,CapFormGovIntellectualProperty,NA
1998-04-01,Canada,Seasonally adjusted at annual rates,Chained (2017) dollars,NA,12465,CapFormGovIntellectualProperty,NA
1998-07-01,Canada,Seasonally adjusted at annual rates,Chained (2017) dollars,NA,11906,CapFormGovIntellectualProperty,NA
1998-10-01,Canada,Seasonally adjusted at annual rates,Chained (2017) dollars,NA,11968,CapFormGovIntellectualProperty,NA
1999-01-01,Canada,Seasonally adjusted at annual rates,Chained (2017) dollars,NA,12960,CapFormGovIntellectualProperty,NA
1999-04-01,Canada,Seasonally adjusted at annual rates,Chained (2017) dollars,NA,13665,CapFormGovIntellectualProperty,NA
1999-07-01,Canada,Seasonally adjusted at annual rates,Chained (2017) dollars,NA,14184,CapFormGovIntellectualProperty,NA
1999-10-01,Canada,Seasonally adjusted at annual rates,Chained (2017) dollars,NA,13931,CapFormGovIntellectualProperty,NA
2000-01-01,Canada,Seasonally adjusted at annual rates,Chained (2017) dollars,NA,13753,CapFormGovIntellectualProperty,NA
2000-04-01,Canada,Seasonally adjusted at annual rates,Chained (2017) dollars,NA,13533,CapFormGovIntellectualProperty,NA
2000-07-01,Canada,Seasonally adjusted at annual rates,Chained (2017) dollars,NA,13684,CapFormGovIntellectualProperty,NA
2000-10-01,Canada,Seasonally adjusted at annual rates,Chained (2017) dollars,NA,14325,CapFormGovIntellectualProperty,NA
2001-01-01,Canada,Seasonally adjusted at annual rates,Chained (2017) dollars,NA,14768,CapFormGovIntellectualProperty,NA
2001-04-01,Canada,Seasonally adjusted at annual rates,Chained (2017) dollars,NA,14664,CapFormGovIntellectualProperty,NA
2001-07-01,Canada,Seasonally adjusted at annual rates,Chained (2017) dollars,NA,14931,CapFormGovIntellectualProperty,NA
2001-10-01,Canada,Seasonally adjusted at annual rates,Chained (2017) dollars,NA,15794,CapFormGovIntellectualProperty,NA
2002-01-01,Canada,Seasonally adjusted at annual rates,Chained (2017) dollars,NA,15554,CapFormGovIntellectualProperty,NA
2002-04-01,Canada,Seasonally adjusted at annual rates,Chained (2017) dollars,NA,15739,CapFormGovIntellectualProperty,NA
2002-07-01,Canada,Seasonally adjusted at annual rates,Chained (2017) dollars,NA,15807,CapFormGovIntellectualProperty,NA
2002-10-01,Canada,Seasonally adjusted at annual rates,Chained (2017) dollars,NA,15614,CapFormGovIntellectualProperty,NA
2003-01-01,Canada,Seasonally adjusted at annual rates,Chained (2017) dollars,NA,15817,CapFormGovIntellectualProperty,NA
2003-04-01,Canada,Seasonally adjusted at annual rates,Chained (2017) dollars,NA,16312,CapFormGovIntellectualProperty,NA
2003-07-01,Canada,Seasonally adjusted at annual rates,Chained (2017) dollars,NA,16341,CapFormGovIntellectualProperty,NA
2003-10-01,Canada,Seasonally adjusted at annual rates,Chained (2017) dollars,NA,16371,CapFormGovIntellectualProperty,NA
2004-01-01,Canada,Seasonally adjusted at annual rates,Chained (2017) dollars,NA,16763,CapFormGovIntellectualProperty,NA
2004-04-01,Canada,Seasonally adjusted at annual rates,Chained (2017) dollars,NA,17046,CapFormGovIntellectualProperty,NA
2004-07-01,Canada,Seasonally adjusted at annual rates,Chained (2017) dollars,NA,17262,CapFormGovIntellectualProperty,NA
2004-10-01,Canada,Seasonally adjusted at annual rates,Chained (2017) dollars,NA,17604,CapFormGovIntellectualProperty,NA
2005-01-01,Canada,Seasonally adjusted at annual rates,Chained (2017) dollars,NA,18278,CapFormGovIntellectualProperty,NA
2005-04-01,Canada,Seasonally adjusted at annual rates,Chained (2017) dollars,NA,18631,CapFormGovIntellectualProperty,NA
2005-07-01,Canada,Seasonally adjusted at annual rates,Chained (2017) dollars,NA,18931,CapFormGovIntellectualProperty,NA
2005-10-01,Canada,Seasonally adjusted at annual rates,Chained (2017) dollars,NA,19148,CapFormGovIntellectualProperty,NA
2006-01-01,Canada,Seasonally adjusted at annual rates,Chained (2017) dollars,NA,18425,CapFormGovIntellectualProperty,NA
2006-04-01,Canada,Seasonally adjusted at annual rates,Chained (2017) dollars,NA,18506,CapFormGovIntellectualProperty,NA
2006-07-01,Canada,Seasonally adjusted at annual rates,Chained (2017) dollars,NA,18662,CapFormGovIntellectualProperty,NA
2006-10-01,Canada,Seasonally adjusted at annual rates,Chained (2017) dollars,NA,19292,CapFormGovIntellectualProperty,NA
2007-01-01,Canada,Seasonally adjusted at annual rates,Chained (2017) dollars,NA,19918,CapFormGovIntellectualProperty,NA
2007-04-01,Canada,Seasonally adjusted at annual rates,Chained (2017) dollars,NA,20210,CapFormGovIntellectualProperty,NA
2007-07-01,Canada,Seasonally adjusted at annual rates,Chained (2017) dollars,NA,20280,CapFormGovIntellectualProperty,NA
2007-10-01,Canada,Seasonally adjusted at annual rates,Chained (2017) dollars,NA,20549,CapFormGovIntellectualProperty,NA
2008-01-01,Canada,Seasonally adjusted at annual rates,Chained (2017) dollars,NA,20390,CapFormGovIntellectualProperty,NA
2008-04-01,Canada,Seasonally adjusted at annual rates,Chained (2017) dollars,NA,20342,CapFormGovIntellectualProperty,NA
2008-07-01,Canada,Seasonally adjusted at annual rates,Chained (2017) dollars,NA,19767,CapFormGovIntellectualProperty,NA
2008-10-01,Canada,Seasonally adjusted at annual rates,Chained (2017) dollars,NA,18954,CapFormGovIntellectualProperty,NA
2009-01-01,Canada,Seasonally adjusted at annual rates,Chained (2017) dollars,NA,18256,CapFormGovIntellectualProperty,NA
2009-04-01,Canada,Seasonally adjusted at annual rates,Chained (2017) dollars,NA,18840,CapFormGovIntellectualProperty,NA
2009-07-01,Canada,Seasonally adjusted at annual rates,Chained (2017) dollars,NA,20307,CapFormGovIntellectualProperty,NA
2009-10-01,Canada,Seasonally adjusted at annual rates,Chained (2017) dollars,NA,21109,CapFormGovIntellectualProperty,NA
2010-01-01,Canada,Seasonally adjusted at annual rates,Chained (2017) dollars,NA,20665,CapFormGovIntellectualProperty,NA
2010-04-01,Canada,Seasonally adjusted at annual rates,Chained (2017) dollars,NA,20330,CapFormGovIntellectualProperty,NA
2010-07-01,Canada,Seasonally adjusted at annual rates,Chained (2017) dollars,NA,20178,CapFormGovIntellectualProperty,NA
2010-10-01,Canada,Seasonally adjusted at annual rates,Chained (2017) dollars,NA,20053,CapFormGovIntellectualProperty,NA
2011-01-01,Canada,Seasonally adjusted at annual rates,Chained (2017) dollars,NA,20507,CapFormGovIntellectualProperty,NA
2011-04-01,Canada,Seasonally adjusted at annual rates,Chained (2017) dollars,NA,20493,CapFormGovIntellectualProperty,NA
2011-07-01,Canada,Seasonally adjusted at annual rates,Chained (2017) dollars,NA,20184,CapFormGovIntellectualProperty,NA
2011-10-01,Canada,Seasonally adjusted at annual rates,Chained (2017) dollars,NA,20245,CapFormGovIntellectualProperty,NA
2012-01-01,Canada,Seasonally adjusted at annual rates,Chained (2017) dollars,NA,20776,CapFormGovIntellectualProperty,NA
2012-04-01,Canada,Seasonally adjusted at annual rates,Chained (2017) dollars,NA,20669,CapFormGovIntellectualProperty,NA
2012-07-01,Canada,Seasonally adjusted at annual rates,Chained (2017) dollars,NA,20789,CapFormGovIntellectualProperty,NA
2012-10-01,Canada,Seasonally adjusted at annual rates,Chained (2017) dollars,NA,20768,CapFormGovIntellectualProperty,NA
2013-01-01,Canada,Seasonally adjusted at annual rates,Chained (2017) dollars,NA,21090,CapFormGovIntellectualProperty,NA
2013-04-01,Canada,Seasonally adjusted at annual rates,Chained (2017) dollars,NA,21073,CapFormGovIntellectualProperty,NA
2013-07-01,Canada,Seasonally adjusted at annual rates,Chained (2017) dollars,NA,21008,CapFormGovIntellectualProperty,NA
2013-10-01,Canada,Seasonally adjusted at annual rates,Chained (2017) dollars,NA,20788,CapFormGovIntellectualProperty,NA
2014-01-01,Canada,Seasonally adjusted at annual rates,Chained (2017) dollars,NA,20380,CapFormGovIntellectualProperty,NA
2014-04-01,Canada,Seasonally adjusted at annual rates,Chained (2017) dollars,NA,20807,CapFormGovIntellectualProperty,NA
2014-07-01,Canada,Seasonally adjusted at annual rates,Chained (2017) dollars,NA,21698,CapFormGovIntellectualProperty,NA
2014-10-01,Canada,Seasonally adjusted at annual rates,Chained (2017) dollars,NA,21644,CapFormGovIntellectualProperty,NA
2015-01-01,Canada,Seasonally adjusted at annual rates,Chained (2017) dollars,NA,20725,CapFormGovIntellectualProperty,NA
2015-04-01,Canada,Seasonally adjusted at annual rates,Chained (2017) dollars,NA,19784,CapFormGovIntellectualProperty,NA
2015-07-01,Canada,Seasonally adjusted at annual rates,Chained (2017) dollars,NA,19216,CapFormGovIntellectualProperty,NA
2015-10-01,Canada,Seasonally adjusted at annual rates,Chained (2017) dollars,NA,19160,CapFormGovIntellectualProperty,NA
2016-01-01,Canada,Seasonally adjusted at annual rates,Chained (2017) dollars,NA,19601,CapFormGovIntellectualProperty,NA
2016-04-01,Canada,Seasonally adjusted at annual rates,Chained (2017) dollars,NA,19872,CapFormGovIntellectualProperty,NA
2016-07-01,Canada,Seasonally adjusted at annual rates,Chained (2017) dollars,NA,20048,CapFormGovIntellectualProperty,NA
2016-10-01,Canada,Seasonally adjusted at annual rates,Chained (2017) dollars,NA,20138,CapFormGovIntellectualProperty,NA
2017-01-01,Canada,Seasonally adjusted at annual rates,Chained (2017) dollars,NA,19925,CapFormGovIntellectualProperty,NA
2017-04-01,Canada,Seasonally adjusted at annual rates,Chained (2017) dollars,NA,20613,CapFormGovIntellectualProperty,NA
2017-07-01,Canada,Seasonally adjusted at annual rates,Chained (2017) dollars,NA,20765,CapFormGovIntellectualProperty,NA
2017-10-01,Canada,Seasonally adjusted at annual rates,Chained (2017) dollars,NA,21301,CapFormGovIntellectualProperty,NA
2018-01-01,Canada,Seasonally adjusted at annual rates,Chained (2017) dollars,NA,21095,CapFormGovIntellectualProperty,NA
2018-04-01,Canada,Seasonally adjusted at annual rates,Chained (2017) dollars,NA,21054,CapFormGovIntellectualProperty,NA
2018-07-01,Canada,Seasonally adjusted at annual rates,Chained (2017) dollars,NA,20906,CapFormGovIntellectualProperty,NA
2018-10-01,Canada,Seasonally adjusted at annual rates,Chained (2017) dollars,NA,21324,CapFormGovIntellectualProperty,NA
2019-01-01,Canada,Seasonally adjusted at annual rates,Chained (2017) dollars,NA,20997,CapFormGovIntellectualProperty,NA
2019-04-01,Canada,Seasonally adjusted at annual rates,Chained (2017) dollars,NA,21573,CapFormGovIntellectualProperty,NA
2019-07-01,Canada,Seasonally adjusted at annual rates,Chained (2017) dollars,NA,21993,CapFormGovIntellectualProperty,NA
2019-10-01,Canada,Seasonally adjusted at annual rates,Chained (2017) dollars,NA,21486,CapFormGovIntellectualProperty,NA
2020-01-01,Canada,Seasonally adjusted at annual rates,Chained (2017) dollars,NA,20658,CapFormGovIntellectualProperty,NA
2020-04-01,Canada,Seasonally adjusted at annual rates,Chained (2017) dollars,NA,21282,CapFormGovIntellectualProperty,NA
2020-07-01,Canada,Seasonally adjusted at annual rates,Chained (2017) dollars,NA,21640,CapFormGovIntellectualProperty,NA
2020-10-01,Canada,Seasonally adjusted at annual rates,Chained (2017) dollars,NA,21257,CapFormGovIntellectualProperty,NA
2021-01-01,Canada,Seasonally adjusted at annual rates,Chained (2017) dollars,NA,21491,CapFormGovIntellectualProperty,NA
2021-04-01,Canada,Seasonally adjusted at annual rates,Chained (2017) dollars,NA,22023,CapFormGovIntellectualProperty,NA
2021-07-01,Canada,Seasonally adjusted at annual rates,Chained (2017) dollars,NA,22343,CapFormGovIntellectualProperty,NA
2021-10-01,Canada,Seasonally adjusted at annual rates,Chained (2017) dollars,NA,23119,CapFormGovIntellectualProperty,NA
2022-01-01,Canada,Seasonally adjusted at annual rates,Chained (2017) dollars,NA,23493,CapFormGovIntellectualProperty,NA
2022-04-01,Canada,Seasonally adjusted at annual rates,Chained (2017) dollars,NA,23029,CapFormGovIntellectualProperty,NA
2022-07-01,Canada,Seasonally adjusted at annual rates,Chained (2017) dollars,NA,22817,CapFormGovIntellectualProperty,NA
2022-10-01,Canada,Seasonally adjusted at annual rates,Chained (2017) dollars,NA,22924,CapFormGovIntellectualProperty,NA
2023-01-01,Canada,Seasonally adjusted at annual rates,Chained (2017) dollars,NA,23032,CapFormGovIntellectualProperty,NA
2023-04-01,Canada,Seasonally adjusted at annual rates,Chained (2017) dollars,NA,22912,CapFormGovIntellectualProperty,NA
2023-07-01,Canada,Seasonally adjusted at annual rates,Chained (2017) dollars,NA,23277,CapFormGovIntellectualProperty,NA
2023-10-01,Canada,Seasonally adjusted at annual rates,Chained (2017) dollars,NA,22693,CapFormGovIntellectualProperty,NA
2024-01-01,Canada,Seasonally adjusted at annual rates,Chained (2017) dollars,NA,22470,CapFormGovIntellectualProperty,NA
2024-04-01,Canada,Seasonally adjusted at annual rates,Chained (2017) dollars,NA,22879,CapFormGovIntellectualProperty,NA
2024-07-01,Canada,Seasonally adjusted at annual rates,Chained (2017) dollars,NA,22523,CapFormGovIntellectualProperty,NA
2024-10-01,Canada,Seasonally adjusted at annual rates,Chained (2017) dollars,NA,22634,CapFormGovIntellectualProperty,NA
2025-01-01,Canada,Seasonally adjusted at annual rates,Chained (2017) dollars,NA,22267,CapFormGovIntellectualProperty,NA
2025-04-01,Canada,Seasonally adjusted at annual rates,Chained (2017) dollars,NA,22161,CapFormGovIntellectualProperty,NA
2025-07-01,Canada,Seasonally adjusted at annual rates,Chained (2017) dollars,NA,22088,CapFormGovIntellectualProperty,NA
2025-10-01,Canada,Seasonally adjusted at annual rates,Chained (2017) dollars,NA,22401,CapFormGovIntellectualProperty,NA
1961-01-01,Canada,Seasonally adjusted at annual rates,Chained (2017) dollars,NA,10825,CapFormGovEngineeringStructures,NA
1961-04-01,Canada,Seasonally adjusted at annual rates,Chained (2017) dollars,NA,12087,CapFormGovEngineeringStructures,NA
1961-07-01,Canada,Seasonally adjusted at annual rates,Chained (2017) dollars,NA,11505,CapFormGovEngineeringStructures,NA
1961-10-01,Canada,Seasonally adjusted at annual rates,Chained (2017) dollars,NA,11165,CapFormGovEngineeringStructures,NA
1962-01-01,Canada,Seasonally adjusted at annual rates,Chained (2017) dollars,NA,12718,CapFormGovEngineeringStructures,NA
1962-04-01,Canada,Seasonally adjusted at annual rates,Chained (2017) dollars,NA,10728,CapFormGovEngineeringStructures,NA
1962-07-01,Canada,Seasonally adjusted at annual rates,Chained (2017) dollars,NA,10388,CapFormGovEngineeringStructures,NA
1962-10-01,Canada,Seasonally adjusted at annual rates,Chained (2017) dollars,NA,10437,CapFormGovEngineeringStructures,NA
1963-01-01,Canada,Seasonally adjusted at annual rates,Chained (2017) dollars,NA,11456,CapFormGovEngineeringStructures,NA
1963-04-01,Canada,Seasonally adjusted at annual rates,Chained (2017) dollars,NA,11262,CapFormGovEngineeringStructures,NA
1963-07-01,Canada,Seasonally adjusted at annual rates,Chained (2017) dollars,NA,10679,CapFormGovEngineeringStructures,NA
1963-10-01,Canada,Seasonally adjusted at annual rates,Chained (2017) dollars,NA,11068,CapFormGovEngineeringStructures,NA
1964-01-01,Canada,Seasonally adjusted at annual rates,Chained (2017) dollars,NA,11990,CapFormGovEngineeringStructures,NA
1964-04-01,Canada,Seasonally adjusted at annual rates,Chained (2017) dollars,NA,12184,CapFormGovEngineeringStructures,NA
1964-07-01,Canada,Seasonally adjusted at annual rates,Chained (2017) dollars,NA,12233,CapFormGovEngineeringStructures,NA
1964-10-01,Canada,Seasonally adjusted at annual rates,Chained (2017) dollars,NA,12767,CapFormGovEngineeringStructures,NA
1965-01-01,Canada,Seasonally adjusted at annual rates,Chained (2017) dollars,NA,12815,CapFormGovEngineeringStructures,NA
1965-04-01,Canada,Seasonally adjusted at annual rates,Chained (2017) dollars,NA,11505,CapFormGovEngineeringStructures,NA
1965-07-01,Canada,Seasonally adjusted at annual rates,Chained (2017) dollars,NA,12670,CapFormGovEngineeringStructures,NA
1965-10-01,Canada,Seasonally adjusted at annual rates,Chained (2017) dollars,NA,12378,CapFormGovEngineeringStructures,NA
1966-01-01,Canada,Seasonally adjusted at annual rates,Chained (2017) dollars,NA,12961,CapFormGovEngineeringStructures,NA
1966-04-01,Canada,Seasonally adjusted at annual rates,Chained (2017) dollars,NA,13009,CapFormGovEngineeringStructures,NA
1966-07-01,Canada,Seasonally adjusted at annual rates,Chained (2017) dollars,NA,12912,CapFormGovEngineeringStructures,NA
1966-10-01,Canada,Seasonally adjusted at annual rates,Chained (2017) dollars,NA,13252,CapFormGovEngineeringStructures,NA
1967-01-01,Canada,Seasonally adjusted at annual rates,Chained (2017) dollars,NA,12961,CapFormGovEngineeringStructures,NA
1967-04-01,Canada,Seasonally adjusted at annual rates,Chained (2017) dollars,NA,13252,CapFormGovEngineeringStructures,NA
1967-07-01,Canada,Seasonally adjusted at annual rates,Chained (2017) dollars,NA,13009,CapFormGovEngineeringStructures,NA
1967-10-01,Canada,Seasonally adjusted at annual rates,Chained (2017) dollars,NA,13204,CapFormGovEngineeringStructures,NA
1968-01-01,Canada,Seasonally adjusted at annual rates,Chained (2017) dollars,NA,12864,CapFormGovEngineeringStructures,NA
1968-04-01,Canada,Seasonally adjusted at annual rates,Chained (2017) dollars,NA,12330,CapFormGovEngineeringStructures,NA
1968-07-01,Canada,Seasonally adjusted at annual rates,Chained (2017) dollars,NA,12281,CapFormGovEngineeringStructures,NA
1968-10-01,Canada,Seasonally adjusted at annual rates,Chained (2017) dollars,NA,12961,CapFormGovEngineeringStructures,NA
1969-01-01,Canada,Seasonally adjusted at annual rates,Chained (2017) dollars,NA,12670,CapFormGovEngineeringStructures,NA
1969-04-01,Canada,Seasonally adjusted at annual rates,Chained (2017) dollars,NA,13883,CapFormGovEngineeringStructures,NA
1969-07-01,Canada,Seasonally adjusted at annual rates,Chained (2017) dollars,NA,13835,CapFormGovEngineeringStructures,NA
1969-10-01,Canada,Seasonally adjusted at annual rates,Chained (2017) dollars,NA,13592,CapFormGovEngineeringStructures,NA
1970-01-01,Canada,Seasonally adjusted at annual rates,Chained (2017) dollars,NA,12912,CapFormGovEngineeringStructures,NA
1970-04-01,Canada,Seasonally adjusted at annual rates,Chained (2017) dollars,NA,12912,CapFormGovEngineeringStructures,NA
1970-07-01,Canada,Seasonally adjusted at annual rates,Chained (2017) dollars,NA,13301,CapFormGovEngineeringStructures,NA
1970-10-01,Canada,Seasonally adjusted at annual rates,Chained (2017) dollars,NA,13980,CapFormGovEngineeringStructures,NA
1971-01-01,Canada,Seasonally adjusted at annual rates,Chained (2017) dollars,NA,14253,CapFormGovEngineeringStructures,NA
1971-04-01,Canada,Seasonally adjusted at annual rates,Chained (2017) dollars,NA,15441,CapFormGovEngineeringStructures,NA
1971-07-01,Canada,Seasonally adjusted at annual rates,Chained (2017) dollars,NA,15941,CapFormGovEngineeringStructures,NA
1971-10-01,Canada,Seasonally adjusted at annual rates,Chained (2017) dollars,NA,16160,CapFormGovEngineeringStructures,NA
1972-01-01,Canada,Seasonally adjusted at annual rates,Chained (2017) dollars,NA,16504,CapFormGovEngineeringStructures,NA
1972-04-01,Canada,Seasonally adjusted at annual rates,Chained (2017) dollars,NA,17191,CapFormGovEngineeringStructures,NA
1972-07-01,Canada,Seasonally adjusted at annual rates,Chained (2017) dollars,NA,16910,CapFormGovEngineeringStructures,NA
1972-10-01,Canada,Seasonally adjusted at annual rates,Chained (2017) dollars,NA,15910,CapFormGovEngineeringStructures,NA
1973-01-01,Canada,Seasonally adjusted at annual rates,Chained (2017) dollars,NA,15535,CapFormGovEngineeringStructures,NA
1973-04-01,Canada,Seasonally adjusted at annual rates,Chained (2017) dollars,NA,15347,CapFormGovEngineeringStructures,NA
1973-07-01,Canada,Seasonally adjusted at annual rates,Chained (2017) dollars,NA,15316,CapFormGovEngineeringStructures,NA
1973-10-01,Canada,Seasonally adjusted at annual rates,Chained (2017) dollars,NA,16003,CapFormGovEngineeringStructures,NA
1974-01-01,Canada,Seasonally adjusted at annual rates,Chained (2017) dollars,NA,15441,CapFormGovEngineeringStructures,NA
1974-04-01,Canada,Seasonally adjusted at annual rates,Chained (2017) dollars,NA,15034,CapFormGovEngineeringStructures,NA
1974-07-01,Canada,Seasonally adjusted at annual rates,Chained (2017) dollars,NA,16253,CapFormGovEngineeringStructures,NA
1974-10-01,Canada,Seasonally adjusted at annual rates,Chained (2017) dollars,NA,16222,CapFormGovEngineeringStructures,NA
1975-01-01,Canada,Seasonally adjusted at annual rates,Chained (2017) dollars,NA,16347,CapFormGovEngineeringStructures,NA
1975-04-01,Canada,Seasonally adjusted at annual rates,Chained (2017) dollars,NA,16754,CapFormGovEngineeringStructures,NA
1975-07-01,Canada,Seasonally adjusted at annual rates,Chained (2017) dollars,NA,16285,CapFormGovEngineeringStructures,NA
1975-10-01,Canada,Seasonally adjusted at annual rates,Chained (2017) dollars,NA,15878,CapFormGovEngineeringStructures,NA
1976-01-01,Canada,Seasonally adjusted at annual rates,Chained (2017) dollars,NA,16191,CapFormGovEngineeringStructures,NA
1976-04-01,Canada,Seasonally adjusted at annual rates,Chained (2017) dollars,NA,15847,CapFormGovEngineeringStructures,NA
1976-07-01,Canada,Seasonally adjusted at annual rates,Chained (2017) dollars,NA,15253,CapFormGovEngineeringStructures,NA
1976-10-01,Canada,Seasonally adjusted at annual rates,Chained (2017) dollars,NA,15222,CapFormGovEngineeringStructures,NA
1977-01-01,Canada,Seasonally adjusted at annual rates,Chained (2017) dollars,NA,15316,CapFormGovEngineeringStructures,NA
1977-04-01,Canada,Seasonally adjusted at annual rates,Chained (2017) dollars,NA,16347,CapFormGovEngineeringStructures,NA
1977-07-01,Canada,Seasonally adjusted at annual rates,Chained (2017) dollars,NA,16285,CapFormGovEngineeringStructures,NA
1977-10-01,Canada,Seasonally adjusted at annual rates,Chained (2017) dollars,NA,16285,CapFormGovEngineeringStructures,NA
1978-01-01,Canada,Seasonally adjusted at annual rates,Chained (2017) dollars,NA,16128,CapFormGovEngineeringStructures,NA
1978-04-01,Canada,Seasonally adjusted at annual rates,Chained (2017) dollars,NA,16035,CapFormGovEngineeringStructures,NA
1978-07-01,Canada,Seasonally adjusted at annual rates,Chained (2017) dollars,NA,15941,CapFormGovEngineeringStructures,NA
1978-10-01,Canada,Seasonally adjusted at annual rates,Chained (2017) dollars,NA,16285,CapFormGovEngineeringStructures,NA
1979-01-01,Canada,Seasonally adjusted at annual rates,Chained (2017) dollars,NA,16316,CapFormGovEngineeringStructures,NA
1979-04-01,Canada,Seasonally adjusted at annual rates,Chained (2017) dollars,NA,15847,CapFormGovEngineeringStructures,NA
1979-07-01,Canada,Seasonally adjusted at annual rates,Chained (2017) dollars,NA,15597,CapFormGovEngineeringStructures,NA
1979-10-01,Canada,Seasonally adjusted at annual rates,Chained (2017) dollars,NA,15378,CapFormGovEngineeringStructures,NA
1980-01-01,Canada,Seasonally adjusted at annual rates,Chained (2017) dollars,NA,15566,CapFormGovEngineeringStructures,NA
1980-04-01,Canada,Seasonally adjusted at annual rates,Chained (2017) dollars,NA,15410,CapFormGovEngineeringStructures,NA
1980-07-01,Canada,Seasonally adjusted at annual rates,Chained (2017) dollars,NA,15378,CapFormGovEngineeringStructures,NA
1980-10-01,Canada,Seasonally adjusted at annual rates,Chained (2017) dollars,NA,15003,CapFormGovEngineeringStructures,NA
1981-01-01,Canada,Seasonally adjusted at annual rates,Chained (2017) dollars,NA,14736,CapFormGovEngineeringStructures,NA
1981-04-01,Canada,Seasonally adjusted at annual rates,Chained (2017) dollars,NA,14703,CapFormGovEngineeringStructures,NA
1981-07-01,Canada,Seasonally adjusted at annual rates,Chained (2017) dollars,NA,14462,CapFormGovEngineeringStructures,NA
1981-10-01,Canada,Seasonally adjusted at annual rates,Chained (2017) dollars,NA,14988,CapFormGovEngineeringStructures,NA
1982-01-01,Canada,Seasonally adjusted at annual rates,Chained (2017) dollars,NA,14670,CapFormGovEngineeringStructures,NA
1982-04-01,Canada,Seasonally adjusted at annual rates,Chained (2017) dollars,NA,14812,CapFormGovEngineeringStructures,NA
1982-07-01,Canada,Seasonally adjusted at annual rates,Chained (2017) dollars,NA,14747,CapFormGovEngineeringStructures,NA
1982-10-01,Canada,Seasonally adjusted at annual rates,Chained (2017) dollars,NA,15075,CapFormGovEngineeringStructures,NA
1983-01-01,Canada,Seasonally adjusted at annual rates,Chained (2017) dollars,NA,14286,CapFormGovEngineeringStructures,NA
1983-04-01,Canada,Seasonally adjusted at annual rates,Chained (2017) dollars,NA,13782,CapFormGovEngineeringStructures,NA
1983-07-01,Canada,Seasonally adjusted at annual rates,Chained (2017) dollars,NA,13509,CapFormGovEngineeringStructures,NA
1983-10-01,Canada,Seasonally adjusted at annual rates,Chained (2017) dollars,NA,13541,CapFormGovEngineeringStructures,NA
1984-01-01,Canada,Seasonally adjusted at annual rates,Chained (2017) dollars,NA,13651,CapFormGovEngineeringStructures,NA
1984-04-01,Canada,Seasonally adjusted at annual rates,Chained (2017) dollars,NA,13881,CapFormGovEngineeringStructures,NA
1984-07-01,Canada,Seasonally adjusted at annual rates,Chained (2017) dollars,NA,14023,CapFormGovEngineeringStructures,NA
1984-10-01,Canada,Seasonally adjusted at annual rates,Chained (2017) dollars,NA,14177,CapFormGovEngineeringStructures,NA
1985-01-01,Canada,Seasonally adjusted at annual rates,Chained (2017) dollars,NA,14933,CapFormGovEngineeringStructures,NA
1985-04-01,Canada,Seasonally adjusted at annual rates,Chained (2017) dollars,NA,16193,CapFormGovEngineeringStructures,NA
1985-07-01,Canada,Seasonally adjusted at annual rates,Chained (2017) dollars,NA,17014,CapFormGovEngineeringStructures,NA
1985-10-01,Canada,Seasonally adjusted at annual rates,Chained (2017) dollars,NA,17058,CapFormGovEngineeringStructures,NA
1986-01-01,Canada,Seasonally adjusted at annual rates,Chained (2017) dollars,NA,16414,CapFormGovEngineeringStructures,NA
1986-04-01,Canada,Seasonally adjusted at annual rates,Chained (2017) dollars,NA,15791,CapFormGovEngineeringStructures,NA
1986-07-01,Canada,Seasonally adjusted at annual rates,Chained (2017) dollars,NA,15167,CapFormGovEngineeringStructures,NA
1986-10-01,Canada,Seasonally adjusted at annual rates,Chained (2017) dollars,NA,14626,CapFormGovEngineeringStructures,NA
1987-01-01,Canada,Seasonally adjusted at annual rates,Chained (2017) dollars,NA,14837,CapFormGovEngineeringStructures,NA
1987-04-01,Canada,Seasonally adjusted at annual rates,Chained (2017) dollars,NA,14865,CapFormGovEngineeringStructures,NA
1987-07-01,Canada,Seasonally adjusted at annual rates,Chained (2017) dollars,NA,14920,CapFormGovEngineeringStructures,NA
1987-10-01,Canada,Seasonally adjusted at annual rates,Chained (2017) dollars,NA,14755,CapFormGovEngineeringStructures,NA
1988-01-01,Canada,Seasonally adjusted at annual rates,Chained (2017) dollars,NA,14828,CapFormGovEngineeringStructures,NA
1988-04-01,Canada,Seasonally adjusted at annual rates,Chained (2017) dollars,NA,15406,CapFormGovEngineeringStructures,NA
1988-07-01,Canada,Seasonally adjusted at annual rates,Chained (2017) dollars,NA,15543,CapFormGovEngineeringStructures,NA
1988-10-01,Canada,Seasonally adjusted at annual rates,Chained (2017) dollars,NA,15598,CapFormGovEngineeringStructures,NA
1989-01-01,Canada,Seasonally adjusted at annual rates,Chained (2017) dollars,NA,15809,CapFormGovEngineeringStructures,NA
1989-04-01,Canada,Seasonally adjusted at annual rates,Chained (2017) dollars,NA,16084,CapFormGovEngineeringStructures,NA
1989-07-01,Canada,Seasonally adjusted at annual rates,Chained (2017) dollars,NA,16653,CapFormGovEngineeringStructures,NA
1989-10-01,Canada,Seasonally adjusted at annual rates,Chained (2017) dollars,NA,17130,CapFormGovEngineeringStructures,NA
1990-01-01,Canada,Seasonally adjusted at annual rates,Chained (2017) dollars,NA,17396,CapFormGovEngineeringStructures,NA
1990-04-01,Canada,Seasonally adjusted at annual rates,Chained (2017) dollars,NA,17799,CapFormGovEngineeringStructures,NA
1990-07-01,Canada,Seasonally adjusted at annual rates,Chained (2017) dollars,NA,17891,CapFormGovEngineeringStructures,NA
1990-10-01,Canada,Seasonally adjusted at annual rates,Chained (2017) dollars,NA,17946,CapFormGovEngineeringStructures,NA
1991-01-01,Canada,Seasonally adjusted at annual rates,Chained (2017) dollars,NA,17341,CapFormGovEngineeringStructures,NA
1991-04-01,Canada,Seasonally adjusted at annual rates,Chained (2017) dollars,NA,17772,CapFormGovEngineeringStructures,NA
1991-07-01,Canada,Seasonally adjusted at annual rates,Chained (2017) dollars,NA,17221,CapFormGovEngineeringStructures,NA
1991-10-01,Canada,Seasonally adjusted at annual rates,Chained (2017) dollars,NA,16900,CapFormGovEngineeringStructures,NA
1992-01-01,Canada,Seasonally adjusted at annual rates,Chained (2017) dollars,NA,15704,CapFormGovEngineeringStructures,NA
1992-04-01,Canada,Seasonally adjusted at annual rates,Chained (2017) dollars,NA,15899,CapFormGovEngineeringStructures,NA
1992-07-01,Canada,Seasonally adjusted at annual rates,Chained (2017) dollars,NA,15559,CapFormGovEngineeringStructures,NA
1992-10-01,Canada,Seasonally adjusted at annual rates,Chained (2017) dollars,NA,14608,CapFormGovEngineeringStructures,NA
1993-01-01,Canada,Seasonally adjusted at annual rates,Chained (2017) dollars,NA,15151,CapFormGovEngineeringStructures,NA
1993-04-01,Canada,Seasonally adjusted at annual rates,Chained (2017) dollars,NA,14905,CapFormGovEngineeringStructures,NA
1993-07-01,Canada,Seasonally adjusted at annual rates,Chained (2017) dollars,NA,15109,CapFormGovEngineeringStructures,NA
1993-10-01,Canada,Seasonally adjusted at annual rates,Chained (2017) dollars,NA,15007,CapFormGovEngineeringStructures,NA
1994-01-01,Canada,Seasonally adjusted at annual rates,Chained (2017) dollars,NA,15483,CapFormGovEngineeringStructures,NA
1994-04-01,Canada,Seasonally adjusted at annual rates,Chained (2017) dollars,NA,15542,CapFormGovEngineeringStructures,NA
1994-07-01,Canada,Seasonally adjusted at annual rates,Chained (2017) dollars,NA,16469,CapFormGovEngineeringStructures,NA
1994-10-01,Canada,Seasonally adjusted at annual rates,Chained (2017) dollars,NA,17675,CapFormGovEngineeringStructures,NA
1995-01-01,Canada,Seasonally adjusted at annual rates,Chained (2017) dollars,NA,16859,CapFormGovEngineeringStructures,NA
1995-04-01,Canada,Seasonally adjusted at annual rates,Chained (2017) dollars,NA,16214,CapFormGovEngineeringStructures,NA
1995-07-01,Canada,Seasonally adjusted at annual rates,Chained (2017) dollars,NA,16757,CapFormGovEngineeringStructures,NA
1995-10-01,Canada,Seasonally adjusted at annual rates,Chained (2017) dollars,NA,16392,CapFormGovEngineeringStructures,NA
1996-01-01,Canada,Seasonally adjusted at annual rates,Chained (2017) dollars,NA,15160,CapFormGovEngineeringStructures,NA
1996-04-01,Canada,Seasonally adjusted at annual rates,Chained (2017) dollars,NA,14370,CapFormGovEngineeringStructures,NA
1996-07-01,Canada,Seasonally adjusted at annual rates,Chained (2017) dollars,NA,14608,CapFormGovEngineeringStructures,NA
1996-10-01,Canada,Seasonally adjusted at annual rates,Chained (2017) dollars,NA,14659,CapFormGovEngineeringStructures,NA
1997-01-01,Canada,Seasonally adjusted at annual rates,Chained (2017) dollars,NA,13920,CapFormGovEngineeringStructures,NA
1997-04-01,Canada,Seasonally adjusted at annual rates,Chained (2017) dollars,NA,13529,CapFormGovEngineeringStructures,NA
1997-07-01,Canada,Seasonally adjusted at annual rates,Chained (2017) dollars,NA,13514,CapFormGovEngineeringStructures,NA
1997-10-01,Canada,Seasonally adjusted at annual rates,Chained (2017) dollars,NA,13057,CapFormGovEngineeringStructures,NA
1998-01-01,Canada,Seasonally adjusted at annual rates,Chained (2017) dollars,NA,12998,CapFormGovEngineeringStructures,NA
1998-04-01,Canada,Seasonally adjusted at annual rates,Chained (2017) dollars,NA,13403,CapFormGovEngineeringStructures,NA
1998-07-01,Canada,Seasonally adjusted at annual rates,Chained (2017) dollars,NA,13773,CapFormGovEngineeringStructures,NA
1998-10-01,Canada,Seasonally adjusted at annual rates,Chained (2017) dollars,NA,14223,CapFormGovEngineeringStructures,NA
1999-01-01,Canada,Seasonally adjusted at annual rates,Chained (2017) dollars,NA,14496,CapFormGovEngineeringStructures,NA
1999-04-01,Canada,Seasonally adjusted at annual rates,Chained (2017) dollars,NA,14643,CapFormGovEngineeringStructures,NA
1999-07-01,Canada,Seasonally adjusted at annual rates,Chained (2017) dollars,NA,14415,CapFormGovEngineeringStructures,NA
1999-10-01,Canada,Seasonally adjusted at annual rates,Chained (2017) dollars,NA,14547,CapFormGovEngineeringStructures,NA
2000-01-01,Canada,Seasonally adjusted at annual rates,Chained (2017) dollars,NA,14156,CapFormGovEngineeringStructures,NA
2000-04-01,Canada,Seasonally adjusted at annual rates,Chained (2017) dollars,NA,13905,CapFormGovEngineeringStructures,NA
2000-07-01,Canada,Seasonally adjusted at annual rates,Chained (2017) dollars,NA,13891,CapFormGovEngineeringStructures,NA
2000-10-01,Canada,Seasonally adjusted at annual rates,Chained (2017) dollars,NA,14400,CapFormGovEngineeringStructures,NA
2001-01-01,Canada,Seasonally adjusted at annual rates,Chained (2017) dollars,NA,15876,CapFormGovEngineeringStructures,NA
2001-04-01,Canada,Seasonally adjusted at annual rates,Chained (2017) dollars,NA,16363,CapFormGovEngineeringStructures,NA
2001-07-01,Canada,Seasonally adjusted at annual rates,Chained (2017) dollars,NA,16828,CapFormGovEngineeringStructures,NA
2001-10-01,Canada,Seasonally adjusted at annual rates,Chained (2017) dollars,NA,17537,CapFormGovEngineeringStructures,NA
2002-01-01,Canada,Seasonally adjusted at annual rates,Chained (2017) dollars,NA,16333,CapFormGovEngineeringStructures,NA
2002-04-01,Canada,Seasonally adjusted at annual rates,Chained (2017) dollars,NA,15609,CapFormGovEngineeringStructures,NA
2002-07-01,Canada,Seasonally adjusted at annual rates,Chained (2017) dollars,NA,15129,CapFormGovEngineeringStructures,NA
2002-10-01,Canada,Seasonally adjusted at annual rates,Chained (2017) dollars,NA,15643,CapFormGovEngineeringStructures,NA
2003-01-01,Canada,Seasonally adjusted at annual rates,Chained (2017) dollars,NA,16035,CapFormGovEngineeringStructures,NA
2003-04-01,Canada,Seasonally adjusted at annual rates,Chained (2017) dollars,NA,16562,CapFormGovEngineeringStructures,NA
2003-07-01,Canada,Seasonally adjusted at annual rates,Chained (2017) dollars,NA,16535,CapFormGovEngineeringStructures,NA
2003-10-01,Canada,Seasonally adjusted at annual rates,Chained (2017) dollars,NA,16833,CapFormGovEngineeringStructures,NA
2004-01-01,Canada,Seasonally adjusted at annual rates,Chained (2017) dollars,NA,17583,CapFormGovEngineeringStructures,NA
2004-04-01,Canada,Seasonally adjusted at annual rates,Chained (2017) dollars,NA,17577,CapFormGovEngineeringStructures,NA
2004-07-01,Canada,Seasonally adjusted at annual rates,Chained (2017) dollars,NA,17860,CapFormGovEngineeringStructures,NA
2004-10-01,Canada,Seasonally adjusted at annual rates,Chained (2017) dollars,NA,18550,CapFormGovEngineeringStructures,NA
2005-01-01,Canada,Seasonally adjusted at annual rates,Chained (2017) dollars,NA,19483,CapFormGovEngineeringStructures,NA
2005-04-01,Canada,Seasonally adjusted at annual rates,Chained (2017) dollars,NA,20037,CapFormGovEngineeringStructures,NA
2005-07-01,Canada,Seasonally adjusted at annual rates,Chained (2017) dollars,NA,20477,CapFormGovEngineeringStructures,NA
2005-10-01,Canada,Seasonally adjusted at annual rates,Chained (2017) dollars,NA,21173,CapFormGovEngineeringStructures,NA
2006-01-01,Canada,Seasonally adjusted at annual rates,Chained (2017) dollars,NA,21639,CapFormGovEngineeringStructures,NA
2006-04-01,Canada,Seasonally adjusted at annual rates,Chained (2017) dollars,NA,21971,CapFormGovEngineeringStructures,NA
2006-07-01,Canada,Seasonally adjusted at annual rates,Chained (2017) dollars,NA,22539,CapFormGovEngineeringStructures,NA
2006-10-01,Canada,Seasonally adjusted at annual rates,Chained (2017) dollars,NA,23803,CapFormGovEngineeringStructures,NA
2007-01-01,Canada,Seasonally adjusted at annual rates,Chained (2017) dollars,NA,25168,CapFormGovEngineeringStructures,NA
2007-04-01,Canada,Seasonally adjusted at annual rates,Chained (2017) dollars,NA,25647,CapFormGovEngineeringStructures,NA
2007-07-01,Canada,Seasonally adjusted at annual rates,Chained (2017) dollars,NA,25822,CapFormGovEngineeringStructures,NA
2007-10-01,Canada,Seasonally adjusted at annual rates,Chained (2017) dollars,NA,25286,CapFormGovEngineeringStructures,NA
2008-01-01,Canada,Seasonally adjusted at annual rates,Chained (2017) dollars,NA,26220,CapFormGovEngineeringStructures,NA
2008-04-01,Canada,Seasonally adjusted at annual rates,Chained (2017) dollars,NA,25797,CapFormGovEngineeringStructures,NA
2008-07-01,Canada,Seasonally adjusted at annual rates,Chained (2017) dollars,NA,25833,CapFormGovEngineeringStructures,NA
2008-10-01,Canada,Seasonally adjusted at annual rates,Chained (2017) dollars,NA,27813,CapFormGovEngineeringStructures,NA
2009-01-01,Canada,Seasonally adjusted at annual rates,Chained (2017) dollars,NA,28787,CapFormGovEngineeringStructures,NA
2009-04-01,Canada,Seasonally adjusted at annual rates,Chained (2017) dollars,NA,30082,CapFormGovEngineeringStructures,NA
2009-07-01,Canada,Seasonally adjusted at annual rates,Chained (2017) dollars,NA,32474,CapFormGovEngineeringStructures,NA
2009-10-01,Canada,Seasonally adjusted at annual rates,Chained (2017) dollars,NA,34650,CapFormGovEngineeringStructures,NA
2010-01-01,Canada,Seasonally adjusted at annual rates,Chained (2017) dollars,NA,34774,CapFormGovEngineeringStructures,NA
2010-04-01,Canada,Seasonally adjusted at annual rates,Chained (2017) dollars,NA,35295,CapFormGovEngineeringStructures,NA
2010-07-01,Canada,Seasonally adjusted at annual rates,Chained (2017) dollars,NA,35614,CapFormGovEngineeringStructures,NA
2010-10-01,Canada,Seasonally adjusted at annual rates,Chained (2017) dollars,NA,34918,CapFormGovEngineeringStructures,NA
2011-01-01,Canada,Seasonally adjusted at annual rates,Chained (2017) dollars,NA,32371,CapFormGovEngineeringStructures,NA
2011-04-01,Canada,Seasonally adjusted at annual rates,Chained (2017) dollars,NA,29607,CapFormGovEngineeringStructures,NA
2011-07-01,Canada,Seasonally adjusted at annual rates,Chained (2017) dollars,NA,27375,CapFormGovEngineeringStructures,NA
2011-10-01,Canada,Seasonally adjusted at annual rates,Chained (2017) dollars,NA,25508,CapFormGovEngineeringStructures,NA
2012-01-01,Canada,Seasonally adjusted at annual rates,Chained (2017) dollars,NA,27148,CapFormGovEngineeringStructures,NA
2012-04-01,Canada,Seasonally adjusted at annual rates,Chained (2017) dollars,NA,28656,CapFormGovEngineeringStructures,NA
2012-07-01,Canada,Seasonally adjusted at annual rates,Chained (2017) dollars,NA,28511,CapFormGovEngineeringStructures,NA
2012-10-01,Canada,Seasonally adjusted at annual rates,Chained (2017) dollars,NA,28400,CapFormGovEngineeringStructures,NA
2013-01-01,Canada,Seasonally adjusted at annual rates,Chained (2017) dollars,NA,26603,CapFormGovEngineeringStructures,NA
2013-04-01,Canada,Seasonally adjusted at annual rates,Chained (2017) dollars,NA,25500,CapFormGovEngineeringStructures,NA
2013-07-01,Canada,Seasonally adjusted at annual rates,Chained (2017) dollars,NA,24810,CapFormGovEngineeringStructures,NA
2013-10-01,Canada,Seasonally adjusted at annual rates,Chained (2017) dollars,NA,24392,CapFormGovEngineeringStructures,NA
2014-01-01,Canada,Seasonally adjusted at annual rates,Chained (2017) dollars,NA,23813,CapFormGovEngineeringStructures,NA
2014-04-01,Canada,Seasonally adjusted at annual rates,Chained (2017) dollars,NA,24290,CapFormGovEngineeringStructures,NA
2014-07-01,Canada,Seasonally adjusted at annual rates,Chained (2017) dollars,NA,24354,CapFormGovEngineeringStructures,NA
2014-10-01,Canada,Seasonally adjusted at annual rates,Chained (2017) dollars,NA,24150,CapFormGovEngineeringStructures,NA
2015-01-01,Canada,Seasonally adjusted at annual rates,Chained (2017) dollars,NA,25555,CapFormGovEngineeringStructures,NA
2015-04-01,Canada,Seasonally adjusted at annual rates,Chained (2017) dollars,NA,26394,CapFormGovEngineeringStructures,NA
2015-07-01,Canada,Seasonally adjusted at annual rates,Chained (2017) dollars,NA,26991,CapFormGovEngineeringStructures,NA
2015-10-01,Canada,Seasonally adjusted at annual rates,Chained (2017) dollars,NA,27404,CapFormGovEngineeringStructures,NA
2016-01-01,Canada,Seasonally adjusted at annual rates,Chained (2017) dollars,NA,27574,CapFormGovEngineeringStructures,NA
2016-04-01,Canada,Seasonally adjusted at annual rates,Chained (2017) dollars,NA,26002,CapFormGovEngineeringStructures,NA
2016-07-01,Canada,Seasonally adjusted at annual rates,Chained (2017) dollars,NA,24303,CapFormGovEngineeringStructures,NA
2016-10-01,Canada,Seasonally adjusted at annual rates,Chained (2017) dollars,NA,23745,CapFormGovEngineeringStructures,NA
2017-01-01,Canada,Seasonally adjusted at annual rates,Chained (2017) dollars,NA,24744,CapFormGovEngineeringStructures,NA
2017-04-01,Canada,Seasonally adjusted at annual rates,Chained (2017) dollars,NA,25880,CapFormGovEngineeringStructures,NA
2017-07-01,Canada,Seasonally adjusted at annual rates,Chained (2017) dollars,NA,27664,CapFormGovEngineeringStructures,NA
2017-10-01,Canada,Seasonally adjusted at annual rates,Chained (2017) dollars,NA,29636,CapFormGovEngineeringStructures,NA
2018-01-01,Canada,Seasonally adjusted at annual rates,Chained (2017) dollars,NA,29576,CapFormGovEngineeringStructures,NA
2018-04-01,Canada,Seasonally adjusted at annual rates,Chained (2017) dollars,NA,28968,CapFormGovEngineeringStructures,NA
2018-07-01,Canada,Seasonally adjusted at annual rates,Chained (2017) dollars,NA,27044,CapFormGovEngineeringStructures,NA
2018-10-01,Canada,Seasonally adjusted at annual rates,Chained (2017) dollars,NA,26364,CapFormGovEngineeringStructures,NA
2019-01-01,Canada,Seasonally adjusted at annual rates,Chained (2017) dollars,NA,27304,CapFormGovEngineeringStructures,NA
2019-04-01,Canada,Seasonally adjusted at annual rates,Chained (2017) dollars,NA,26956,CapFormGovEngineeringStructures,NA
2019-07-01,Canada,Seasonally adjusted at annual rates,Chained (2017) dollars,NA,27276,CapFormGovEngineeringStructures,NA
2019-10-01,Canada,Seasonally adjusted at annual rates,Chained (2017) dollars,NA,27284,CapFormGovEngineeringStructures,NA
2020-01-01,Canada,Seasonally adjusted at annual rates,Chained (2017) dollars,NA,29224,CapFormGovEngineeringStructures,NA
2020-04-01,Canada,Seasonally adjusted at annual rates,Chained (2017) dollars,NA,28660,CapFormGovEngineeringStructures,NA
2020-07-01,Canada,Seasonally adjusted at annual rates,Chained (2017) dollars,NA,29628,CapFormGovEngineeringStructures,NA
2020-10-01,Canada,Seasonally adjusted at annual rates,Chained (2017) dollars,NA,30152,CapFormGovEngineeringStructures,NA
2021-01-01,Canada,Seasonally adjusted at annual rates,Chained (2017) dollars,NA,27948,CapFormGovEngineeringStructures,NA
2021-04-01,Canada,Seasonally adjusted at annual rates,Chained (2017) dollars,NA,26792,CapFormGovEngineeringStructures,NA
2021-07-01,Canada,Seasonally adjusted at annual rates,Chained (2017) dollars,NA,25972,CapFormGovEngineeringStructures,NA
2021-10-01,Canada,Seasonally adjusted at annual rates,Chained (2017) dollars,NA,25388,CapFormGovEngineeringStructures,NA
2022-01-01,Canada,Seasonally adjusted at annual rates,Chained (2017) dollars,NA,26248,CapFormGovEngineeringStructures,NA
2022-04-01,Canada,Seasonally adjusted at annual rates,Chained (2017) dollars,NA,25692,CapFormGovEngineeringStructures,NA
2022-07-01,Canada,Seasonally adjusted at annual rates,Chained (2017) dollars,NA,25480,CapFormGovEngineeringStructures,NA
2022-10-01,Canada,Seasonally adjusted at annual rates,Chained (2017) dollars,NA,27048,CapFormGovEngineeringStructures,NA
2023-01-01,Canada,Seasonally adjusted at annual rates,Chained (2017) dollars,NA,29128,CapFormGovEngineeringStructures,NA
2023-04-01,Canada,Seasonally adjusted at annual rates,Chained (2017) dollars,NA,29912,CapFormGovEngineeringStructures,NA
2023-07-01,Canada,Seasonally adjusted at annual rates,Chained (2017) dollars,NA,29040,CapFormGovEngineeringStructures,NA
2023-10-01,Canada,Seasonally adjusted at annual rates,Chained (2017) dollars,NA,28012,CapFormGovEngineeringStructures,NA
2024-01-01,Canada,Seasonally adjusted at annual rates,Chained (2017) dollars,NA,30032,CapFormGovEngineeringStructures,NA
2024-04-01,Canada,Seasonally adjusted at annual rates,Chained (2017) dollars,NA,30776,CapFormGovEngineeringStructures,NA
2024-07-01,Canada,Seasonally adjusted at annual rates,Chained (2017) dollars,NA,31180,CapFormGovEngineeringStructures,NA
2024-10-01,Canada,Seasonally adjusted at annual rates,Chained (2017) dollars,NA,31516,CapFormGovEngineeringStructures,NA
2025-01-01,Canada,Seasonally adjusted at annual rates,Chained (2017) dollars,NA,32248,CapFormGovEngineeringStructures,NA
2025-04-01,Canada,Seasonally adjusted at annual rates,Chained (2017) dollars,NA,33904,CapFormGovEngineeringStructures,NA
2025-07-01,Canada,Seasonally adjusted at annual rates,Chained (2017) dollars,NA,34772,CapFormGovEngineeringStructures,NA
2025-10-01,Canada,Seasonally adjusted at annual rates,Chained (2017) dollars,NA,34424,CapFormGovEngineeringStructures,NA
1961-01-01,Canada,Seasonally adjusted at annual rates,Chained (2017) dollars,NA,55573,CapFormBusinessConstruction,NA
1961-04-01,Canada,Seasonally adjusted at annual rates,Chained (2017) dollars,NA,56745,CapFormBusinessConstruction,NA
1961-07-01,Canada,Seasonally adjusted at annual rates,Chained (2017) dollars,NA,58701,CapFormBusinessConstruction,NA
1961-10-01,Canada,Seasonally adjusted at annual rates,Chained (2017) dollars,NA,58066,CapFormBusinessConstruction,NA
1962-01-01,Canada,Seasonally adjusted at annual rates,Chained (2017) dollars,NA,56441,CapFormBusinessConstruction,NA
1962-04-01,Canada,Seasonally adjusted at annual rates,Chained (2017) dollars,NA,56392,CapFormBusinessConstruction,NA
1962-07-01,Canada,Seasonally adjusted at annual rates,Chained (2017) dollars,NA,58689,CapFormBusinessConstruction,NA
1962-10-01,Canada,Seasonally adjusted at annual rates,Chained (2017) dollars,NA,57736,CapFormBusinessConstruction,NA
1963-01-01,Canada,Seasonally adjusted at annual rates,Chained (2017) dollars,NA,56783,CapFormBusinessConstruction,NA
1963-04-01,Canada,Seasonally adjusted at annual rates,Chained (2017) dollars,NA,58689,CapFormBusinessConstruction,NA
1963-07-01,Canada,Seasonally adjusted at annual rates,Chained (2017) dollars,NA,58958,CapFormBusinessConstruction,NA
1963-10-01,Canada,Seasonally adjusted at annual rates,Chained (2017) dollars,NA,63101,CapFormBusinessConstruction,NA
1964-01-01,Canada,Seasonally adjusted at annual rates,Chained (2017) dollars,NA,66742,CapFormBusinessConstruction,NA
1964-04-01,Canada,Seasonally adjusted at annual rates,Chained (2017) dollars,NA,66523,CapFormBusinessConstruction,NA
1964-07-01,Canada,Seasonally adjusted at annual rates,Chained (2017) dollars,NA,68221,CapFormBusinessConstruction,NA
1964-10-01,Canada,Seasonally adjusted at annual rates,Chained (2017) dollars,NA,72656,CapFormBusinessConstruction,NA
1965-01-01,Canada,Seasonally adjusted at annual rates,Chained (2017) dollars,NA,71765,CapFormBusinessConstruction,NA
1965-04-01,Canada,Seasonally adjusted at annual rates,Chained (2017) dollars,NA,71813,CapFormBusinessConstruction,NA
1965-07-01,Canada,Seasonally adjusted at annual rates,Chained (2017) dollars,NA,73573,CapFormBusinessConstruction,NA
1965-10-01,Canada,Seasonally adjusted at annual rates,Chained (2017) dollars,NA,74574,CapFormBusinessConstruction,NA
1966-01-01,Canada,Seasonally adjusted at annual rates,Chained (2017) dollars,NA,77494,CapFormBusinessConstruction,NA
1966-04-01,Canada,Seasonally adjusted at annual rates,Chained (2017) dollars,NA,79560,CapFormBusinessConstruction,NA
1966-07-01,Canada,Seasonally adjusted at annual rates,Chained (2017) dollars,NA,76102,CapFormBusinessConstruction,NA
1966-10-01,Canada,Seasonally adjusted at annual rates,Chained (2017) dollars,NA,75577,CapFormBusinessConstruction,NA
1967-01-01,Canada,Seasonally adjusted at annual rates,Chained (2017) dollars,NA,75295,CapFormBusinessConstruction,NA
1967-04-01,Canada,Seasonally adjusted at annual rates,Chained (2017) dollars,NA,74624,CapFormBusinessConstruction,NA
1967-07-01,Canada,Seasonally adjusted at annual rates,Chained (2017) dollars,NA,76102,CapFormBusinessConstruction,NA
1967-10-01,Canada,Seasonally adjusted at annual rates,Chained (2017) dollars,NA,76054,CapFormBusinessConstruction,NA
1968-01-01,Canada,Seasonally adjusted at annual rates,Chained (2017) dollars,NA,77093,CapFormBusinessConstruction,NA
1968-04-01,Canada,Seasonally adjusted at annual rates,Chained (2017) dollars,NA,80147,CapFormBusinessConstruction,NA
1968-07-01,Canada,Seasonally adjusted at annual rates,Chained (2017) dollars,NA,79389,CapFormBusinessConstruction,NA
1968-10-01,Canada,Seasonally adjusted at annual rates,Chained (2017) dollars,NA,82248,CapFormBusinessConstruction,NA
1969-01-01,Canada,Seasonally adjusted at annual rates,Chained (2017) dollars,NA,83263,CapFormBusinessConstruction,NA
1969-04-01,Canada,Seasonally adjusted at annual rates,Chained (2017) dollars,NA,85107,CapFormBusinessConstruction,NA
1969-07-01,Canada,Seasonally adjusted at annual rates,Chained (2017) dollars,NA,85303,CapFormBusinessConstruction,NA
1969-10-01,Canada,Seasonally adjusted at annual rates,Chained (2017) dollars,NA,85669,CapFormBusinessConstruction,NA
1970-01-01,Canada,Seasonally adjusted at annual rates,Chained (2017) dollars,NA,86647,CapFormBusinessConstruction,NA
1970-04-01,Canada,Seasonally adjusted at annual rates,Chained (2017) dollars,NA,81454,CapFormBusinessConstruction,NA
1970-07-01,Canada,Seasonally adjusted at annual rates,Chained (2017) dollars,NA,84130,CapFormBusinessConstruction,NA
1970-10-01,Canada,Seasonally adjusted at annual rates,Chained (2017) dollars,NA,87820,CapFormBusinessConstruction,NA
1971-01-01,Canada,Seasonally adjusted at annual rates,Chained (2017) dollars,NA,88284,CapFormBusinessConstruction,NA
1971-04-01,Canada,Seasonally adjusted at annual rates,Chained (2017) dollars,NA,92348,CapFormBusinessConstruction,NA
1971-07-01,Canada,Seasonally adjusted at annual rates,Chained (2017) dollars,NA,94956,CapFormBusinessConstruction,NA
1971-10-01,Canada,Seasonally adjusted at annual rates,Chained (2017) dollars,NA,96387,CapFormBusinessConstruction,NA
1972-01-01,Canada,Seasonally adjusted at annual rates,Chained (2017) dollars,NA,96649,CapFormBusinessConstruction,NA
1972-04-01,Canada,Seasonally adjusted at annual rates,Chained (2017) dollars,NA,97753,CapFormBusinessConstruction,NA
1972-07-01,Canada,Seasonally adjusted at annual rates,Chained (2017) dollars,NA,97213,CapFormBusinessConstruction,NA
1972-10-01,Canada,Seasonally adjusted at annual rates,Chained (2017) dollars,NA,96346,CapFormBusinessConstruction,NA
1973-01-01,Canada,Seasonally adjusted at annual rates,Chained (2017) dollars,NA,101767,CapFormBusinessConstruction,NA
1973-04-01,Canada,Seasonally adjusted at annual rates,Chained (2017) dollars,NA,103681,CapFormBusinessConstruction,NA
1973-07-01,Canada,Seasonally adjusted at annual rates,Chained (2017) dollars,NA,104408,CapFormBusinessConstruction,NA
1973-10-01,Canada,Seasonally adjusted at annual rates,Chained (2017) dollars,NA,108113,CapFormBusinessConstruction,NA
1974-01-01,Canada,Seasonally adjusted at annual rates,Chained (2017) dollars,NA,114482,CapFormBusinessConstruction,NA
1974-04-01,Canada,Seasonally adjusted at annual rates,Chained (2017) dollars,NA,107866,CapFormBusinessConstruction,NA
1974-07-01,Canada,Seasonally adjusted at annual rates,Chained (2017) dollars,NA,105135,CapFormBusinessConstruction,NA
1974-10-01,Canada,Seasonally adjusted at annual rates,Chained (2017) dollars,NA,103329,CapFormBusinessConstruction,NA
1975-01-01,Canada,Seasonally adjusted at annual rates,Chained (2017) dollars,NA,104031,CapFormBusinessConstruction,NA
1975-04-01,Canada,Seasonally adjusted at annual rates,Chained (2017) dollars,NA,108390,CapFormBusinessConstruction,NA
1975-07-01,Canada,Seasonally adjusted at annual rates,Chained (2017) dollars,NA,116468,CapFormBusinessConstruction,NA
1975-10-01,Canada,Seasonally adjusted at annual rates,Chained (2017) dollars,NA,122454,CapFormBusinessConstruction,NA
1976-01-01,Canada,Seasonally adjusted at annual rates,Chained (2017) dollars,NA,121890,CapFormBusinessConstruction,NA
1976-04-01,Canada,Seasonally adjusted at annual rates,Chained (2017) dollars,NA,126534,CapFormBusinessConstruction,NA
1976-07-01,Canada,Seasonally adjusted at annual rates,Chained (2017) dollars,NA,123239,CapFormBusinessConstruction,NA
1976-10-01,Canada,Seasonally adjusted at annual rates,Chained (2017) dollars,NA,120582,CapFormBusinessConstruction,NA
1977-01-01,Canada,Seasonally adjusted at annual rates,Chained (2017) dollars,NA,123844,CapFormBusinessConstruction,NA
1977-04-01,Canada,Seasonally adjusted at annual rates,Chained (2017) dollars,NA,127933,CapFormBusinessConstruction,NA
1977-07-01,Canada,Seasonally adjusted at annual rates,Chained (2017) dollars,NA,128677,CapFormBusinessConstruction,NA
1977-10-01,Canada,Seasonally adjusted at annual rates,Chained (2017) dollars,NA,128620,CapFormBusinessConstruction,NA
1978-01-01,Canada,Seasonally adjusted at annual rates,Chained (2017) dollars,NA,128391,CapFormBusinessConstruction,NA
1978-04-01,Canada,Seasonally adjusted at annual rates,Chained (2017) dollars,NA,130443,CapFormBusinessConstruction,NA
1978-07-01,Canada,Seasonally adjusted at annual rates,Chained (2017) dollars,NA,128669,CapFormBusinessConstruction,NA
1978-10-01,Canada,Seasonally adjusted at annual rates,Chained (2017) dollars,NA,128660,CapFormBusinessConstruction,NA
1979-01-01,Canada,Seasonally adjusted at annual rates,Chained (2017) dollars,NA,130542,CapFormBusinessConstruction,NA
1979-04-01,Canada,Seasonally adjusted at annual rates,Chained (2017) dollars,NA,133272,CapFormBusinessConstruction,NA
1979-07-01,Canada,Seasonally adjusted at annual rates,Chained (2017) dollars,NA,140059,CapFormBusinessConstruction,NA
1979-10-01,Canada,Seasonally adjusted at annual rates,Chained (2017) dollars,NA,139921,CapFormBusinessConstruction,NA
1980-01-01,Canada,Seasonally adjusted at annual rates,Chained (2017) dollars,NA,141834,CapFormBusinessConstruction,NA
1980-04-01,Canada,Seasonally adjusted at annual rates,Chained (2017) dollars,NA,134139,CapFormBusinessConstruction,NA
1980-07-01,Canada,Seasonally adjusted at annual rates,Chained (2017) dollars,NA,138972,CapFormBusinessConstruction,NA
1980-10-01,Canada,Seasonally adjusted at annual rates,Chained (2017) dollars,NA,143657,CapFormBusinessConstruction,NA
1981-01-01,Canada,Seasonally adjusted at annual rates,Chained (2017) dollars,NA,150992,CapFormBusinessConstruction,NA
1981-04-01,Canada,Seasonally adjusted at annual rates,Chained (2017) dollars,NA,154170,CapFormBusinessConstruction,NA
1981-07-01,Canada,Seasonally adjusted at annual rates,Chained (2017) dollars,NA,148379,CapFormBusinessConstruction,NA
1981-10-01,Canada,Seasonally adjusted at annual rates,Chained (2017) dollars,NA,144242,CapFormBusinessConstruction,NA
1982-01-01,Canada,Seasonally adjusted at annual rates,Chained (2017) dollars,NA,141103,CapFormBusinessConstruction,NA
1982-04-01,Canada,Seasonally adjusted at annual rates,Chained (2017) dollars,NA,129060,CapFormBusinessConstruction,NA
1982-07-01,Canada,Seasonally adjusted at annual rates,Chained (2017) dollars,NA,121454,CapFormBusinessConstruction,NA
1982-10-01,Canada,Seasonally adjusted at annual rates,Chained (2017) dollars,NA,127338,CapFormBusinessConstruction,NA
1983-01-01,Canada,Seasonally adjusted at annual rates,Chained (2017) dollars,NA,128779,CapFormBusinessConstruction,NA
1983-04-01,Canada,Seasonally adjusted at annual rates,Chained (2017) dollars,NA,133979,CapFormBusinessConstruction,NA
1983-07-01,Canada,Seasonally adjusted at annual rates,Chained (2017) dollars,NA,133585,CapFormBusinessConstruction,NA
1983-10-01,Canada,Seasonally adjusted at annual rates,Chained (2017) dollars,NA,132336,CapFormBusinessConstruction,NA
1984-01-01,Canada,Seasonally adjusted at annual rates,Chained (2017) dollars,NA,131436,CapFormBusinessConstruction,NA
1984-04-01,Canada,Seasonally adjusted at annual rates,Chained (2017) dollars,NA,130615,CapFormBusinessConstruction,NA
1984-07-01,Canada,Seasonally adjusted at annual rates,Chained (2017) dollars,NA,132438,CapFormBusinessConstruction,NA
1984-10-01,Canada,Seasonally adjusted at annual rates,Chained (2017) dollars,NA,130200,CapFormBusinessConstruction,NA
1985-01-01,Canada,Seasonally adjusted at annual rates,Chained (2017) dollars,NA,132130,CapFormBusinessConstruction,NA
1985-04-01,Canada,Seasonally adjusted at annual rates,Chained (2017) dollars,NA,138863,CapFormBusinessConstruction,NA
1985-07-01,Canada,Seasonally adjusted at annual rates,Chained (2017) dollars,NA,143498,CapFormBusinessConstruction,NA
1985-10-01,Canada,Seasonally adjusted at annual rates,Chained (2017) dollars,NA,145895,CapFormBusinessConstruction,NA
1986-01-01,Canada,Seasonally adjusted at annual rates,Chained (2017) dollars,NA,148761,CapFormBusinessConstruction,NA
1986-04-01,Canada,Seasonally adjusted at annual rates,Chained (2017) dollars,NA,145168,CapFormBusinessConstruction,NA
1986-07-01,Canada,Seasonally adjusted at annual rates,Chained (2017) dollars,NA,143340,CapFormBusinessConstruction,NA
1986-10-01,Canada,Seasonally adjusted at annual rates,Chained (2017) dollars,NA,144452,CapFormBusinessConstruction,NA
1987-01-01,Canada,Seasonally adjusted at annual rates,Chained (2017) dollars,NA,149605,CapFormBusinessConstruction,NA
1987-04-01,Canada,Seasonally adjusted at annual rates,Chained (2017) dollars,NA,158361,CapFormBusinessConstruction,NA
1987-07-01,Canada,Seasonally adjusted at annual rates,Chained (2017) dollars,NA,165164,CapFormBusinessConstruction,NA
1987-10-01,Canada,Seasonally adjusted at annual rates,Chained (2017) dollars,NA,165961,CapFormBusinessConstruction,NA
1988-01-01,Canada,Seasonally adjusted at annual rates,Chained (2017) dollars,NA,163963,CapFormBusinessConstruction,NA
1988-04-01,Canada,Seasonally adjusted at annual rates,Chained (2017) dollars,NA,167714,CapFormBusinessConstruction,NA
1988-07-01,Canada,Seasonally adjusted at annual rates,Chained (2017) dollars,NA,169379,CapFormBusinessConstruction,NA
1988-10-01,Canada,Seasonally adjusted at annual rates,Chained (2017) dollars,NA,172462,CapFormBusinessConstruction,NA
1989-01-01,Canada,Seasonally adjusted at annual rates,Chained (2017) dollars,NA,178836,CapFormBusinessConstruction,NA
1989-04-01,Canada,Seasonally adjusted at annual rates,Chained (2017) dollars,NA,172541,CapFormBusinessConstruction,NA
1989-07-01,Canada,Seasonally adjusted at annual rates,Chained (2017) dollars,NA,174441,CapFormBusinessConstruction,NA
1989-10-01,Canada,Seasonally adjusted at annual rates,Chained (2017) dollars,NA,179319,CapFormBusinessConstruction,NA
1990-01-01,Canada,Seasonally adjusted at annual rates,Chained (2017) dollars,NA,175782,CapFormBusinessConstruction,NA
1990-04-01,Canada,Seasonally adjusted at annual rates,Chained (2017) dollars,NA,169941,CapFormBusinessConstruction,NA
1990-07-01,Canada,Seasonally adjusted at annual rates,Chained (2017) dollars,NA,162850,CapFormBusinessConstruction,NA
1990-10-01,Canada,Seasonally adjusted at annual rates,Chained (2017) dollars,NA,153483,CapFormBusinessConstruction,NA
1991-01-01,Canada,Seasonally adjusted at annual rates,Chained (2017) dollars,NA,148772,CapFormBusinessConstruction,NA
1991-04-01,Canada,Seasonally adjusted at annual rates,Chained (2017) dollars,NA,149191,CapFormBusinessConstruction,NA
1991-07-01,Canada,Seasonally adjusted at annual rates,Chained (2017) dollars,NA,149671,CapFormBusinessConstruction,NA
1991-10-01,Canada,Seasonally adjusted at annual rates,Chained (2017) dollars,NA,151637,CapFormBusinessConstruction,NA
1992-01-01,Canada,Seasonally adjusted at annual rates,Chained (2017) dollars,NA,148760,CapFormBusinessConstruction,NA
1992-04-01,Canada,Seasonally adjusted at annual rates,Chained (2017) dollars,NA,142589,CapFormBusinessConstruction,NA
1992-07-01,Canada,Seasonally adjusted at annual rates,Chained (2017) dollars,NA,145800,CapFormBusinessConstruction,NA
1992-10-01,Canada,Seasonally adjusted at annual rates,Chained (2017) dollars,NA,140688,CapFormBusinessConstruction,NA
1993-01-01,Canada,Seasonally adjusted at annual rates,Chained (2017) dollars,NA,137586,CapFormBusinessConstruction,NA
1993-04-01,Canada,Seasonally adjusted at annual rates,Chained (2017) dollars,NA,140396,CapFormBusinessConstruction,NA
1993-07-01,Canada,Seasonally adjusted at annual rates,Chained (2017) dollars,NA,141290,CapFormBusinessConstruction,NA
1993-10-01,Canada,Seasonally adjusted at annual rates,Chained (2017) dollars,NA,143568,CapFormBusinessConstruction,NA
1994-01-01,Canada,Seasonally adjusted at annual rates,Chained (2017) dollars,NA,146155,CapFormBusinessConstruction,NA
1994-04-01,Canada,Seasonally adjusted at annual rates,Chained (2017) dollars,NA,149202,CapFormBusinessConstruction,NA
1994-07-01,Canada,Seasonally adjusted at annual rates,Chained (2017) dollars,NA,148506,CapFormBusinessConstruction,NA
1994-10-01,Canada,Seasonally adjusted at annual rates,Chained (2017) dollars,NA,146112,CapFormBusinessConstruction,NA
1995-01-01,Canada,Seasonally adjusted at annual rates,Chained (2017) dollars,NA,141259,CapFormBusinessConstruction,NA
1995-04-01,Canada,Seasonally adjusted at annual rates,Chained (2017) dollars,NA,134620,CapFormBusinessConstruction,NA
1995-07-01,Canada,Seasonally adjusted at annual rates,Chained (2017) dollars,NA,133563,CapFormBusinessConstruction,NA
1995-10-01,Canada,Seasonally adjusted at annual rates,Chained (2017) dollars,NA,132261,CapFormBusinessConstruction,NA
1996-01-01,Canada,Seasonally adjusted at annual rates,Chained (2017) dollars,NA,134545,CapFormBusinessConstruction,NA
1996-04-01,Canada,Seasonally adjusted at annual rates,Chained (2017) dollars,NA,139845,CapFormBusinessConstruction,NA
1996-07-01,Canada,Seasonally adjusted at annual rates,Chained (2017) dollars,NA,146258,CapFormBusinessConstruction,NA
1996-10-01,Canada,Seasonally adjusted at annual rates,Chained (2017) dollars,NA,152546,CapFormBusinessConstruction,NA
1997-01-01,Canada,Seasonally adjusted at annual rates,Chained (2017) dollars,NA,157456,CapFormBusinessConstruction,NA
1997-04-01,Canada,Seasonally adjusted at annual rates,Chained (2017) dollars,NA,161133,CapFormBusinessConstruction,NA
1997-07-01,Canada,Seasonally adjusted at annual rates,Chained (2017) dollars,NA,164718,CapFormBusinessConstruction,NA
1997-10-01,Canada,Seasonally adjusted at annual rates,Chained (2017) dollars,NA,163877,CapFormBusinessConstruction,NA
1998-01-01,Canada,Seasonally adjusted at annual rates,Chained (2017) dollars,NA,159972,CapFormBusinessConstruction,NA
1998-04-01,Canada,Seasonally adjusted at annual rates,Chained (2017) dollars,NA,157700,CapFormBusinessConstruction,NA
1998-07-01,Canada,Seasonally adjusted at annual rates,Chained (2017) dollars,NA,155573,CapFormBusinessConstruction,NA
1998-10-01,Canada,Seasonally adjusted at annual rates,Chained (2017) dollars,NA,154860,CapFormBusinessConstruction,NA
1999-01-01,Canada,Seasonally adjusted at annual rates,Chained (2017) dollars,NA,158594,CapFormBusinessConstruction,NA
1999-04-01,Canada,Seasonally adjusted at annual rates,Chained (2017) dollars,NA,162936,CapFormBusinessConstruction,NA
1999-07-01,Canada,Seasonally adjusted at annual rates,Chained (2017) dollars,NA,165680,CapFormBusinessConstruction,NA
1999-10-01,Canada,Seasonally adjusted at annual rates,Chained (2017) dollars,NA,168554,CapFormBusinessConstruction,NA
2000-01-01,Canada,Seasonally adjusted at annual rates,Chained (2017) dollars,NA,166653,CapFormBusinessConstruction,NA
2000-04-01,Canada,Seasonally adjusted at annual rates,Chained (2017) dollars,NA,164993,CapFormBusinessConstruction,NA
2000-07-01,Canada,Seasonally adjusted at annual rates,Chained (2017) dollars,NA,166573,CapFormBusinessConstruction,NA
2000-10-01,Canada,Seasonally adjusted at annual rates,Chained (2017) dollars,NA,168945,CapFormBusinessConstruction,NA
2001-01-01,Canada,Seasonally adjusted at annual rates,Chained (2017) dollars,NA,174945,CapFormBusinessConstruction,NA
2001-04-01,Canada,Seasonally adjusted at annual rates,Chained (2017) dollars,NA,178536,CapFormBusinessConstruction,NA
2001-07-01,Canada,Seasonally adjusted at annual rates,Chained (2017) dollars,NA,181920,CapFormBusinessConstruction,NA
2001-10-01,Canada,Seasonally adjusted at annual rates,Chained (2017) dollars,NA,184941,CapFormBusinessConstruction,NA
2002-01-01,Canada,Seasonally adjusted at annual rates,Chained (2017) dollars,NA,188224,CapFormBusinessConstruction,NA
2002-04-01,Canada,Seasonally adjusted at annual rates,Chained (2017) dollars,NA,189447,CapFormBusinessConstruction,NA
2002-07-01,Canada,Seasonally adjusted at annual rates,Chained (2017) dollars,NA,191382,CapFormBusinessConstruction,NA
2002-10-01,Canada,Seasonally adjusted at annual rates,Chained (2017) dollars,NA,193394,CapFormBusinessConstruction,NA
2003-01-01,Canada,Seasonally adjusted at annual rates,Chained (2017) dollars,NA,194573,CapFormBusinessConstruction,NA
2003-04-01,Canada,Seasonally adjusted at annual rates,Chained (2017) dollars,NA,194652,CapFormBusinessConstruction,NA
2003-07-01,Canada,Seasonally adjusted at annual rates,Chained (2017) dollars,NA,201604,CapFormBusinessConstruction,NA
2003-10-01,Canada,Seasonally adjusted at annual rates,Chained (2017) dollars,NA,206009,CapFormBusinessConstruction,NA
2004-01-01,Canada,Seasonally adjusted at annual rates,Chained (2017) dollars,NA,210808,CapFormBusinessConstruction,NA
2004-04-01,Canada,Seasonally adjusted at annual rates,Chained (2017) dollars,NA,215460,CapFormBusinessConstruction,NA
2004-07-01,Canada,Seasonally adjusted at annual rates,Chained (2017) dollars,NA,217738,CapFormBusinessConstruction,NA
2004-10-01,Canada,Seasonally adjusted at annual rates,Chained (2017) dollars,NA,219964,CapFormBusinessConstruction,NA
2005-01-01,Canada,Seasonally adjusted at annual rates,Chained (2017) dollars,NA,221993,CapFormBusinessConstruction,NA
2005-04-01,Canada,Seasonally adjusted at annual rates,Chained (2017) dollars,NA,227152,CapFormBusinessConstruction,NA
2005-07-01,Canada,Seasonally adjusted at annual rates,Chained (2017) dollars,NA,229635,CapFormBusinessConstruction,NA
2005-10-01,Canada,Seasonally adjusted at annual rates,Chained (2017) dollars,NA,232391,CapFormBusinessConstruction,NA
2006-01-01,Canada,Seasonally adjusted at annual rates,Chained (2017) dollars,NA,239835,CapFormBusinessConstruction,NA
2006-04-01,Canada,Seasonally adjusted at annual rates,Chained (2017) dollars,NA,241443,CapFormBusinessConstruction,NA
2006-07-01,Canada,Seasonally adjusted at annual rates,Chained (2017) dollars,NA,240947,CapFormBusinessConstruction,NA
2006-10-01,Canada,Seasonally adjusted at annual rates,Chained (2017) dollars,NA,242609,CapFormBusinessConstruction,NA
2007-01-01,Canada,Seasonally adjusted at annual rates,Chained (2017) dollars,NA,247612,CapFormBusinessConstruction,NA
2007-04-01,Canada,Seasonally adjusted at annual rates,Chained (2017) dollars,NA,248211,CapFormBusinessConstruction,NA
2007-07-01,Canada,Seasonally adjusted at annual rates,Chained (2017) dollars,NA,248159,CapFormBusinessConstruction,NA
2007-10-01,Canada,Seasonally adjusted at annual rates,Chained (2017) dollars,NA,249095,CapFormBusinessConstruction,NA
2008-01-01,Canada,Seasonally adjusted at annual rates,Chained (2017) dollars,NA,254495,CapFormBusinessConstruction,NA
2008-04-01,Canada,Seasonally adjusted at annual rates,Chained (2017) dollars,NA,252905,CapFormBusinessConstruction,NA
2008-07-01,Canada,Seasonally adjusted at annual rates,Chained (2017) dollars,NA,250450,CapFormBusinessConstruction,NA
2008-10-01,Canada,Seasonally adjusted at annual rates,Chained (2017) dollars,NA,239816,CapFormBusinessConstruction,NA
2009-01-01,Canada,Seasonally adjusted at annual rates,Chained (2017) dollars,NA,215791,CapFormBusinessConstruction,NA
2009-04-01,Canada,Seasonally adjusted at annual rates,Chained (2017) dollars,NA,213293,CapFormBusinessConstruction,NA
2009-07-01,Canada,Seasonally adjusted at annual rates,Chained (2017) dollars,NA,217272,CapFormBusinessConstruction,NA
2009-10-01,Canada,Seasonally adjusted at annual rates,Chained (2017) dollars,NA,225962,CapFormBusinessConstruction,NA
2010-01-01,Canada,Seasonally adjusted at annual rates,Chained (2017) dollars,NA,238585,CapFormBusinessConstruction,NA
2010-04-01,Canada,Seasonally adjusted at annual rates,Chained (2017) dollars,NA,241950,CapFormBusinessConstruction,NA
2010-07-01,Canada,Seasonally adjusted at annual rates,Chained (2017) dollars,NA,246072,CapFormBusinessConstruction,NA
2010-10-01,Canada,Seasonally adjusted at annual rates,Chained (2017) dollars,NA,252202,CapFormBusinessConstruction,NA
2011-01-01,Canada,Seasonally adjusted at annual rates,Chained (2017) dollars,NA,259427,CapFormBusinessConstruction,NA
2011-04-01,Canada,Seasonally adjusted at annual rates,Chained (2017) dollars,NA,258259,CapFormBusinessConstruction,NA
2011-07-01,Canada,Seasonally adjusted at annual rates,Chained (2017) dollars,NA,266947,CapFormBusinessConstruction,NA
2011-10-01,Canada,Seasonally adjusted at annual rates,Chained (2017) dollars,NA,273204,CapFormBusinessConstruction,NA
2012-01-01,Canada,Seasonally adjusted at annual rates,Chained (2017) dollars,NA,282906,CapFormBusinessConstruction,NA
2012-04-01,Canada,Seasonally adjusted at annual rates,Chained (2017) dollars,NA,288462,CapFormBusinessConstruction,NA
2012-07-01,Canada,Seasonally adjusted at annual rates,Chained (2017) dollars,NA,287941,CapFormBusinessConstruction,NA
2012-10-01,Canada,Seasonally adjusted at annual rates,Chained (2017) dollars,NA,292638,CapFormBusinessConstruction,NA
2013-01-01,Canada,Seasonally adjusted at annual rates,Chained (2017) dollars,NA,295088,CapFormBusinessConstruction,NA
2013-04-01,Canada,Seasonally adjusted at annual rates,Chained (2017) dollars,NA,299704,CapFormBusinessConstruction,NA
2013-07-01,Canada,Seasonally adjusted at annual rates,Chained (2017) dollars,NA,301926,CapFormBusinessConstruction,NA
2013-10-01,Canada,Seasonally adjusted at annual rates,Chained (2017) dollars,NA,303003,CapFormBusinessConstruction,NA
2014-01-01,Canada,Seasonally adjusted at annual rates,Chained (2017) dollars,NA,305240,CapFormBusinessConstruction,NA
2014-04-01,Canada,Seasonally adjusted at annual rates,Chained (2017) dollars,NA,309765,CapFormBusinessConstruction,NA
2014-07-01,Canada,Seasonally adjusted at annual rates,Chained (2017) dollars,NA,315039,CapFormBusinessConstruction,NA
2014-10-01,Canada,Seasonally adjusted at annual rates,Chained (2017) dollars,NA,318563,CapFormBusinessConstruction,NA
2015-01-01,Canada,Seasonally adjusted at annual rates,Chained (2017) dollars,NA,302804,CapFormBusinessConstruction,NA
2015-04-01,Canada,Seasonally adjusted at annual rates,Chained (2017) dollars,NA,295794,CapFormBusinessConstruction,NA
2015-07-01,Canada,Seasonally adjusted at annual rates,Chained (2017) dollars,NA,291895,CapFormBusinessConstruction,NA
2015-10-01,Canada,Seasonally adjusted at annual rates,Chained (2017) dollars,NA,287324,CapFormBusinessConstruction,NA
2016-01-01,Canada,Seasonally adjusted at annual rates,Chained (2017) dollars,NA,284174,CapFormBusinessConstruction,NA
2016-04-01,Canada,Seasonally adjusted at annual rates,Chained (2017) dollars,NA,280664,CapFormBusinessConstruction,NA
2016-07-01,Canada,Seasonally adjusted at annual rates,Chained (2017) dollars,NA,288717,CapFormBusinessConstruction,NA
2016-10-01,Canada,Seasonally adjusted at annual rates,Chained (2017) dollars,NA,281264,CapFormBusinessConstruction,NA
2017-01-01,Canada,Seasonally adjusted at annual rates,Chained (2017) dollars,NA,284362,CapFormBusinessConstruction,NA
2017-04-01,Canada,Seasonally adjusted at annual rates,Chained (2017) dollars,NA,283988,CapFormBusinessConstruction,NA
2017-07-01,Canada,Seasonally adjusted at annual rates,Chained (2017) dollars,NA,284173,CapFormBusinessConstruction,NA
2017-10-01,Canada,Seasonally adjusted at annual rates,Chained (2017) dollars,NA,290825,CapFormBusinessConstruction,NA
2018-01-01,Canada,Seasonally adjusted at annual rates,Chained (2017) dollars,NA,287718,CapFormBusinessConstruction,NA
2018-04-01,Canada,Seasonally adjusted at annual rates,Chained (2017) dollars,NA,287209,CapFormBusinessConstruction,NA
2018-07-01,Canada,Seasonally adjusted at annual rates,Chained (2017) dollars,NA,284310,CapFormBusinessConstruction,NA
2018-10-01,Canada,Seasonally adjusted at annual rates,Chained (2017) dollars,NA,279761,CapFormBusinessConstruction,NA
2019-01-01,Canada,Seasonally adjusted at annual rates,Chained (2017) dollars,NA,279086,CapFormBusinessConstruction,NA
2019-04-01,Canada,Seasonally adjusted at annual rates,Chained (2017) dollars,NA,284140,CapFormBusinessConstruction,NA
2019-07-01,Canada,Seasonally adjusted at annual rates,Chained (2017) dollars,NA,291077,CapFormBusinessConstruction,NA
2019-10-01,Canada,Seasonally adjusted at annual rates,Chained (2017) dollars,NA,293427,CapFormBusinessConstruction,NA
2020-01-01,Canada,Seasonally adjusted at annual rates,Chained (2017) dollars,NA,285666,CapFormBusinessConstruction,NA
2020-04-01,Canada,Seasonally adjusted at annual rates,Chained (2017) dollars,NA,244973,CapFormBusinessConstruction,NA
2020-07-01,Canada,Seasonally adjusted at annual rates,Chained (2017) dollars,NA,289457,CapFormBusinessConstruction,NA
2020-10-01,Canada,Seasonally adjusted at annual rates,Chained (2017) dollars,NA,295048,CapFormBusinessConstruction,NA
2021-01-01,Canada,Seasonally adjusted at annual rates,Chained (2017) dollars,NA,311770,CapFormBusinessConstruction,NA
2021-04-01,Canada,Seasonally adjusted at annual rates,Chained (2017) dollars,NA,312400,CapFormBusinessConstruction,NA
2021-07-01,Canada,Seasonally adjusted at annual rates,Chained (2017) dollars,NA,297019,CapFormBusinessConstruction,NA
2021-10-01,Canada,Seasonally adjusted at annual rates,Chained (2017) dollars,NA,301468,CapFormBusinessConstruction,NA
2022-01-01,Canada,Seasonally adjusted at annual rates,Chained (2017) dollars,NA,312400,CapFormBusinessConstruction,NA
2022-04-01,Canada,Seasonally adjusted at annual rates,Chained (2017) dollars,NA,297356,CapFormBusinessConstruction,NA
2022-07-01,Canada,Seasonally adjusted at annual rates,Chained (2017) dollars,NA,290444,CapFormBusinessConstruction,NA
2022-10-01,Canada,Seasonally adjusted at annual rates,Chained (2017) dollars,NA,289353,CapFormBusinessConstruction,NA
2023-01-01,Canada,Seasonally adjusted at annual rates,Chained (2017) dollars,NA,284427,CapFormBusinessConstruction,NA
2023-04-01,Canada,Seasonally adjusted at annual rates,Chained (2017) dollars,NA,289647,CapFormBusinessConstruction,NA
2023-07-01,Canada,Seasonally adjusted at annual rates,Chained (2017) dollars,NA,288918,CapFormBusinessConstruction,NA
2023-10-01,Canada,Seasonally adjusted at annual rates,Chained (2017) dollars,NA,281969,CapFormBusinessConstruction,NA
2024-01-01,Canada,Seasonally adjusted at annual rates,Chained (2017) dollars,NA,280362,CapFormBusinessConstruction,NA
2024-04-01,Canada,Seasonally adjusted at annual rates,Chained (2017) dollars,NA,281237,CapFormBusinessConstruction,NA
2024-07-01,Canada,Seasonally adjusted at annual rates,Chained (2017) dollars,NA,283572,CapFormBusinessConstruction,NA
2024-10-01,Canada,Seasonally adjusted at annual rates,Chained (2017) dollars,NA,290256,CapFormBusinessConstruction,NA
2025-01-01,Canada,Seasonally adjusted at annual rates,Chained (2017) dollars,NA,284549,CapFormBusinessConstruction,NA
2025-04-01,Canada,Seasonally adjusted at annual rates,Chained (2017) dollars,NA,288076,CapFormBusinessConstruction,NA
2025-07-01,Canada,Seasonally adjusted at annual rates,Chained (2017) dollars,NA,289816,CapFormBusinessConstruction,NA
2025-10-01,Canada,Seasonally adjusted at annual rates,Chained (2017) dollars,NA,286970,CapFormBusinessConstruction,NA
1961-01-01,Canada,Seasonally adjusted at annual rates,Chained (2017) dollars,NA,29456,CapFormBusinessResidentialStructures,NA
1961-04-01,Canada,Seasonally adjusted at annual rates,Chained (2017) dollars,NA,30287,CapFormBusinessResidentialStructures,NA
1961-07-01,Canada,Seasonally adjusted at annual rates,Chained (2017) dollars,NA,31388,CapFormBusinessResidentialStructures,NA
1961-10-01,Canada,Seasonally adjusted at annual rates,Chained (2017) dollars,NA,30287,CapFormBusinessResidentialStructures,NA
1962-01-01,Canada,Seasonally adjusted at annual rates,Chained (2017) dollars,NA,30160,CapFormBusinessResidentialStructures,NA
1962-04-01,Canada,Seasonally adjusted at annual rates,Chained (2017) dollars,NA,30603,CapFormBusinessResidentialStructures,NA
1962-07-01,Canada,Seasonally adjusted at annual rates,Chained (2017) dollars,NA,32426,CapFormBusinessResidentialStructures,NA
1962-10-01,Canada,Seasonally adjusted at annual rates,Chained (2017) dollars,NA,31506,CapFormBusinessResidentialStructures,NA
1963-01-01,Canada,Seasonally adjusted at annual rates,Chained (2017) dollars,NA,30467,CapFormBusinessResidentialStructures,NA
1963-04-01,Canada,Seasonally adjusted at annual rates,Chained (2017) dollars,NA,31722,CapFormBusinessResidentialStructures,NA
1963-07-01,Canada,Seasonally adjusted at annual rates,Chained (2017) dollars,NA,31830,CapFormBusinessResidentialStructures,NA
1963-10-01,Canada,Seasonally adjusted at annual rates,Chained (2017) dollars,NA,35206,CapFormBusinessResidentialStructures,NA
1964-01-01,Canada,Seasonally adjusted at annual rates,Chained (2017) dollars,NA,36983,CapFormBusinessResidentialStructures,NA
1964-04-01,Canada,Seasonally adjusted at annual rates,Chained (2017) dollars,NA,35719,CapFormBusinessResidentialStructures,NA
1964-07-01,Canada,Seasonally adjusted at annual rates,Chained (2017) dollars,NA,36586,CapFormBusinessResidentialStructures,NA
1964-10-01,Canada,Seasonally adjusted at annual rates,Chained (2017) dollars,NA,39862,CapFormBusinessResidentialStructures,NA
1965-01-01,Canada,Seasonally adjusted at annual rates,Chained (2017) dollars,NA,39158,CapFormBusinessResidentialStructures,NA
1965-04-01,Canada,Seasonally adjusted at annual rates,Chained (2017) dollars,NA,38518,CapFormBusinessResidentialStructures,NA
1965-07-01,Canada,Seasonally adjusted at annual rates,Chained (2017) dollars,NA,39131,CapFormBusinessResidentialStructures,NA
1965-10-01,Canada,Seasonally adjusted at annual rates,Chained (2017) dollars,NA,38427,CapFormBusinessResidentialStructures,NA
1966-01-01,Canada,Seasonally adjusted at annual rates,Chained (2017) dollars,NA,38698,CapFormBusinessResidentialStructures,NA
1966-04-01,Canada,Seasonally adjusted at annual rates,Chained (2017) dollars,NA,39654,CapFormBusinessResidentialStructures,NA
1966-07-01,Canada,Seasonally adjusted at annual rates,Chained (2017) dollars,NA,35359,CapFormBusinessResidentialStructures,NA
1966-10-01,Canada,Seasonally adjusted at annual rates,Chained (2017) dollars,NA,34655,CapFormBusinessResidentialStructures,NA
1967-01-01,Canada,Seasonally adjusted at annual rates,Chained (2017) dollars,NA,35963,CapFormBusinessResidentialStructures,NA
1967-04-01,Canada,Seasonally adjusted at annual rates,Chained (2017) dollars,NA,36686,CapFormBusinessResidentialStructures,NA
1967-07-01,Canada,Seasonally adjusted at annual rates,Chained (2017) dollars,NA,39266,CapFormBusinessResidentialStructures,NA
1967-10-01,Canada,Seasonally adjusted at annual rates,Chained (2017) dollars,NA,39429,CapFormBusinessResidentialStructures,NA
1968-01-01,Canada,Seasonally adjusted at annual rates,Chained (2017) dollars,NA,39962,CapFormBusinessResidentialStructures,NA
1968-04-01,Canada,Seasonally adjusted at annual rates,Chained (2017) dollars,NA,43373,CapFormBusinessResidentialStructures,NA
1968-07-01,Canada,Seasonally adjusted at annual rates,Chained (2017) dollars,NA,42624,CapFormBusinessResidentialStructures,NA
1968-10-01,Canada,Seasonally adjusted at annual rates,Chained (2017) dollars,NA,46152,CapFormBusinessResidentialStructures,NA
1969-01-01,Canada,Seasonally adjusted at annual rates,Chained (2017) dollars,NA,47615,CapFormBusinessResidentialStructures,NA
1969-04-01,Canada,Seasonally adjusted at annual rates,Chained (2017) dollars,NA,50006,CapFormBusinessResidentialStructures,NA
1969-07-01,Canada,Seasonally adjusted at annual rates,Chained (2017) dollars,NA,49131,CapFormBusinessResidentialStructures,NA
1969-10-01,Canada,Seasonally adjusted at annual rates,Chained (2017) dollars,NA,48328,CapFormBusinessResidentialStructures,NA
1970-01-01,Canada,Seasonally adjusted at annual rates,Chained (2017) dollars,NA,46911,CapFormBusinessResidentialStructures,NA
1970-04-01,Canada,Seasonally adjusted at annual rates,Chained (2017) dollars,NA,41559,CapFormBusinessResidentialStructures,NA
1970-07-01,Canada,Seasonally adjusted at annual rates,Chained (2017) dollars,NA,43274,CapFormBusinessResidentialStructures,NA
1970-10-01,Canada,Seasonally adjusted at annual rates,Chained (2017) dollars,NA,46938,CapFormBusinessResidentialStructures,NA
1971-01-01,Canada,Seasonally adjusted at annual rates,Chained (2017) dollars,NA,47019,CapFormBusinessResidentialStructures,NA
1971-04-01,Canada,Seasonally adjusted at annual rates,Chained (2017) dollars,NA,50774,CapFormBusinessResidentialStructures,NA
1971-07-01,Canada,Seasonally adjusted at annual rates,Chained (2017) dollars,NA,52858,CapFormBusinessResidentialStructures,NA
1971-10-01,Canada,Seasonally adjusted at annual rates,Chained (2017) dollars,NA,54167,CapFormBusinessResidentialStructures,NA
1972-01-01,Canada,Seasonally adjusted at annual rates,Chained (2017) dollars,NA,55106,CapFormBusinessResidentialStructures,NA
1972-04-01,Canada,Seasonally adjusted at annual rates,Chained (2017) dollars,NA,56170,CapFormBusinessResidentialStructures,NA
1972-07-01,Canada,Seasonally adjusted at annual rates,Chained (2017) dollars,NA,56378,CapFormBusinessResidentialStructures,NA
1972-10-01,Canada,Seasonally adjusted at annual rates,Chained (2017) dollars,NA,55719,CapFormBusinessResidentialStructures,NA
1973-01-01,Canada,Seasonally adjusted at annual rates,Chained (2017) dollars,NA,59175,CapFormBusinessResidentialStructures,NA
1973-04-01,Canada,Seasonally adjusted at annual rates,Chained (2017) dollars,NA,60330,CapFormBusinessResidentialStructures,NA
1973-07-01,Canada,Seasonally adjusted at annual rates,Chained (2017) dollars,NA,59391,CapFormBusinessResidentialStructures,NA
1973-10-01,Canada,Seasonally adjusted at annual rates,Chained (2017) dollars,NA,61350,CapFormBusinessResidentialStructures,NA
1974-01-01,Canada,Seasonally adjusted at annual rates,Chained (2017) dollars,NA,66666,CapFormBusinessResidentialStructures,NA
1974-04-01,Canada,Seasonally adjusted at annual rates,Chained (2017) dollars,NA,61476,CapFormBusinessResidentialStructures,NA
1974-07-01,Canada,Seasonally adjusted at annual rates,Chained (2017) dollars,NA,57984,CapFormBusinessResidentialStructures,NA
1974-10-01,Canada,Seasonally adjusted at annual rates,Chained (2017) dollars,NA,54591,CapFormBusinessResidentialStructures,NA
1975-01-01,Canada,Seasonally adjusted at annual rates,Chained (2017) dollars,NA,52994,CapFormBusinessResidentialStructures,NA
1975-04-01,Canada,Seasonally adjusted at annual rates,Chained (2017) dollars,NA,54736,CapFormBusinessResidentialStructures,NA
1975-07-01,Canada,Seasonally adjusted at annual rates,Chained (2017) dollars,NA,61541,CapFormBusinessResidentialStructures,NA
1975-10-01,Canada,Seasonally adjusted at annual rates,Chained (2017) dollars,NA,64745,CapFormBusinessResidentialStructures,NA
1976-01-01,Canada,Seasonally adjusted at annual rates,Chained (2017) dollars,NA,67056,CapFormBusinessResidentialStructures,NA
1976-04-01,Canada,Seasonally adjusted at annual rates,Chained (2017) dollars,NA,72507,CapFormBusinessResidentialStructures,NA
1976-07-01,Canada,Seasonally adjusted at annual rates,Chained (2017) dollars,NA,73580,CapFormBusinessResidentialStructures,NA
1976-10-01,Canada,Seasonally adjusted at annual rates,Chained (2017) dollars,NA,70990,CapFormBusinessResidentialStructures,NA
1977-01-01,Canada,Seasonally adjusted at annual rates,Chained (2017) dollars,NA,71621,CapFormBusinessResidentialStructures,NA
1977-04-01,Canada,Seasonally adjusted at annual rates,Chained (2017) dollars,NA,72118,CapFormBusinessResidentialStructures,NA
1977-07-01,Canada,Seasonally adjusted at annual rates,Chained (2017) dollars,NA,72569,CapFormBusinessResidentialStructures,NA
1977-10-01,Canada,Seasonally adjusted at annual rates,Chained (2017) dollars,NA,71757,CapFormBusinessResidentialStructures,NA
1978-01-01,Canada,Seasonally adjusted at annual rates,Chained (2017) dollars,NA,72452,CapFormBusinessResidentialStructures,NA
1978-04-01,Canada,Seasonally adjusted at annual rates,Chained (2017) dollars,NA,73453,CapFormBusinessResidentialStructures,NA
1978-07-01,Canada,Seasonally adjusted at annual rates,Chained (2017) dollars,NA,72506,CapFormBusinessResidentialStructures,NA
1978-10-01,Canada,Seasonally adjusted at annual rates,Chained (2017) dollars,NA,72442,CapFormBusinessResidentialStructures,NA
1979-01-01,Canada,Seasonally adjusted at annual rates,Chained (2017) dollars,NA,72226,CapFormBusinessResidentialStructures,NA
1979-04-01,Canada,Seasonally adjusted at annual rates,Chained (2017) dollars,NA,71098,CapFormBusinessResidentialStructures,NA
1979-07-01,Canada,Seasonally adjusted at annual rates,Chained (2017) dollars,NA,72794,CapFormBusinessResidentialStructures,NA
1979-10-01,Canada,Seasonally adjusted at annual rates,Chained (2017) dollars,NA,72461,CapFormBusinessResidentialStructures,NA
1980-01-01,Canada,Seasonally adjusted at annual rates,Chained (2017) dollars,NA,70746,CapFormBusinessResidentialStructures,NA
1980-04-01,Canada,Seasonally adjusted at annual rates,Chained (2017) dollars,NA,63770,CapFormBusinessResidentialStructures,NA
1980-07-01,Canada,Seasonally adjusted at annual rates,Chained (2017) dollars,NA,67777,CapFormBusinessResidentialStructures,NA
1980-10-01,Canada,Seasonally adjusted at annual rates,Chained (2017) dollars,NA,71197,CapFormBusinessResidentialStructures,NA
1981-01-01,Canada,Seasonally adjusted at annual rates,Chained (2017) dollars,NA,74708,CapFormBusinessResidentialStructures,NA
1981-04-01,Canada,Seasonally adjusted at annual rates,Chained (2017) dollars,NA,77815,CapFormBusinessResidentialStructures,NA
1981-07-01,Canada,Seasonally adjusted at annual rates,Chained (2017) dollars,NA,71471,CapFormBusinessResidentialStructures,NA
1981-10-01,Canada,Seasonally adjusted at annual rates,Chained (2017) dollars,NA,64972,CapFormBusinessResidentialStructures,NA
1982-01-01,Canada,Seasonally adjusted at annual rates,Chained (2017) dollars,NA,63619,CapFormBusinessResidentialStructures,NA
1982-04-01,Canada,Seasonally adjusted at annual rates,Chained (2017) dollars,NA,56445,CapFormBusinessResidentialStructures,NA
1982-07-01,Canada,Seasonally adjusted at annual rates,Chained (2017) dollars,NA,55884,CapFormBusinessResidentialStructures,NA
1982-10-01,Canada,Seasonally adjusted at annual rates,Chained (2017) dollars,NA,61223,CapFormBusinessResidentialStructures,NA
1983-01-01,Canada,Seasonally adjusted at annual rates,Chained (2017) dollars,NA,64828,CapFormBusinessResidentialStructures,NA
1983-04-01,Canada,Seasonally adjusted at annual rates,Chained (2017) dollars,NA,72004,CapFormBusinessResidentialStructures,NA
1983-07-01,Canada,Seasonally adjusted at annual rates,Chained (2017) dollars,NA,72294,CapFormBusinessResidentialStructures,NA
1983-10-01,Canada,Seasonally adjusted at annual rates,Chained (2017) dollars,NA,69231,CapFormBusinessResidentialStructures,NA
1984-01-01,Canada,Seasonally adjusted at annual rates,Chained (2017) dollars,NA,69464,CapFormBusinessResidentialStructures,NA
1984-04-01,Canada,Seasonally adjusted at annual rates,Chained (2017) dollars,NA,69402,CapFormBusinessResidentialStructures,NA
1984-07-01,Canada,Seasonally adjusted at annual rates,Chained (2017) dollars,NA,70832,CapFormBusinessResidentialStructures,NA
1984-10-01,Canada,Seasonally adjusted at annual rates,Chained (2017) dollars,NA,71325,CapFormBusinessResidentialStructures,NA
1985-01-01,Canada,Seasonally adjusted at annual rates,Chained (2017) dollars,NA,71218,CapFormBusinessResidentialStructures,NA
1985-04-01,Canada,Seasonally adjusted at annual rates,Chained (2017) dollars,NA,72826,CapFormBusinessResidentialStructures,NA
1985-07-01,Canada,Seasonally adjusted at annual rates,Chained (2017) dollars,NA,78445,CapFormBusinessResidentialStructures,NA
1985-10-01,Canada,Seasonally adjusted at annual rates,Chained (2017) dollars,NA,83392,CapFormBusinessResidentialStructures,NA
1986-01-01,Canada,Seasonally adjusted at annual rates,Chained (2017) dollars,NA,82491,CapFormBusinessResidentialStructures,NA
1986-04-01,Canada,Seasonally adjusted at annual rates,Chained (2017) dollars,NA,85367,CapFormBusinessResidentialStructures,NA
1986-07-01,Canada,Seasonally adjusted at annual rates,Chained (2017) dollars,NA,87279,CapFormBusinessResidentialStructures,NA
1986-10-01,Canada,Seasonally adjusted at annual rates,Chained (2017) dollars,NA,89129,CapFormBusinessResidentialStructures,NA
1987-01-01,Canada,Seasonally adjusted at annual rates,Chained (2017) dollars,NA,94305,CapFormBusinessResidentialStructures,NA
1987-04-01,Canada,Seasonally adjusted at annual rates,Chained (2017) dollars,NA,97932,CapFormBusinessResidentialStructures,NA
1987-07-01,Canada,Seasonally adjusted at annual rates,Chained (2017) dollars,NA,102162,CapFormBusinessResidentialStructures,NA
1987-10-01,Canada,Seasonally adjusted at annual rates,Chained (2017) dollars,NA,101004,CapFormBusinessResidentialStructures,NA
1988-01-01,Canada,Seasonally adjusted at annual rates,Chained (2017) dollars,NA,99983,CapFormBusinessResidentialStructures,NA
1988-04-01,Canada,Seasonally adjusted at annual rates,Chained (2017) dollars,NA,101367,CapFormBusinessResidentialStructures,NA
1988-07-01,Canada,Seasonally adjusted at annual rates,Chained (2017) dollars,NA,100390,CapFormBusinessResidentialStructures,NA
1988-10-01,Canada,Seasonally adjusted at annual rates,Chained (2017) dollars,NA,102155,CapFormBusinessResidentialStructures,NA
1989-01-01,Canada,Seasonally adjusted at annual rates,Chained (2017) dollars,NA,107024,CapFormBusinessResidentialStructures,NA
1989-04-01,Canada,Seasonally adjusted at annual rates,Chained (2017) dollars,NA,102995,CapFormBusinessResidentialStructures,NA
1989-07-01,Canada,Seasonally adjusted at annual rates,Chained (2017) dollars,NA,103607,CapFormBusinessResidentialStructures,NA
1989-10-01,Canada,Seasonally adjusted at annual rates,Chained (2017) dollars,NA,106924,CapFormBusinessResidentialStructures,NA
1990-01-01,Canada,Seasonally adjusted at annual rates,Chained (2017) dollars,NA,103932,CapFormBusinessResidentialStructures,NA
1990-04-01,Canada,Seasonally adjusted at annual rates,Chained (2017) dollars,NA,97480,CapFormBusinessResidentialStructures,NA
1990-07-01,Canada,Seasonally adjusted at annual rates,Chained (2017) dollars,NA,90983,CapFormBusinessResidentialStructures,NA
1990-10-01,Canada,Seasonally adjusted at annual rates,Chained (2017) dollars,NA,83798,CapFormBusinessResidentialStructures,NA
1991-01-01,Canada,Seasonally adjusted at annual rates,Chained (2017) dollars,NA,77953,CapFormBusinessResidentialStructures,NA
1991-04-01,Canada,Seasonally adjusted at annual rates,Chained (2017) dollars,NA,79119,CapFormBusinessResidentialStructures,NA
1991-07-01,Canada,Seasonally adjusted at annual rates,Chained (2017) dollars,NA,81018,CapFormBusinessResidentialStructures,NA
1991-10-01,Canada,Seasonally adjusted at annual rates,Chained (2017) dollars,NA,83202,CapFormBusinessResidentialStructures,NA
1992-01-01,Canada,Seasonally adjusted at annual rates,Chained (2017) dollars,NA,85655,CapFormBusinessResidentialStructures,NA
1992-04-01,Canada,Seasonally adjusted at annual rates,Chained (2017) dollars,NA,84805,CapFormBusinessResidentialStructures,NA
1992-07-01,Canada,Seasonally adjusted at annual rates,Chained (2017) dollars,NA,87507,CapFormBusinessResidentialStructures,NA
1992-10-01,Canada,Seasonally adjusted at annual rates,Chained (2017) dollars,NA,86755,CapFormBusinessResidentialStructures,NA
1993-01-01,Canada,Seasonally adjusted at annual rates,Chained (2017) dollars,NA,82926,CapFormBusinessResidentialStructures,NA
1993-04-01,Canada,Seasonally adjusted at annual rates,Chained (2017) dollars,NA,82929,CapFormBusinessResidentialStructures,NA
1993-07-01,Canada,Seasonally adjusted at annual rates,Chained (2017) dollars,NA,83218,CapFormBusinessResidentialStructures,NA
1993-10-01,Canada,Seasonally adjusted at annual rates,Chained (2017) dollars,NA,83648,CapFormBusinessResidentialStructures,NA
1994-01-01,Canada,Seasonally adjusted at annual rates,Chained (2017) dollars,NA,87308,CapFormBusinessResidentialStructures,NA
1994-04-01,Canada,Seasonally adjusted at annual rates,Chained (2017) dollars,NA,89021,CapFormBusinessResidentialStructures,NA
1994-07-01,Canada,Seasonally adjusted at annual rates,Chained (2017) dollars,NA,87023,CapFormBusinessResidentialStructures,NA
1994-10-01,Canada,Seasonally adjusted at annual rates,Chained (2017) dollars,NA,83020,CapFormBusinessResidentialStructures,NA
1995-01-01,Canada,Seasonally adjusted at annual rates,Chained (2017) dollars,NA,77209,CapFormBusinessResidentialStructures,NA
1995-04-01,Canada,Seasonally adjusted at annual rates,Chained (2017) dollars,NA,72864,CapFormBusinessResidentialStructures,NA
1995-07-01,Canada,Seasonally adjusted at annual rates,Chained (2017) dollars,NA,72042,CapFormBusinessResidentialStructures,NA
1995-10-01,Canada,Seasonally adjusted at annual rates,Chained (2017) dollars,NA,72339,CapFormBusinessResidentialStructures,NA
1996-01-01,Canada,Seasonally adjusted at annual rates,Chained (2017) dollars,NA,74634,CapFormBusinessResidentialStructures,NA
1996-04-01,Canada,Seasonally adjusted at annual rates,Chained (2017) dollars,NA,78631,CapFormBusinessResidentialStructures,NA
1996-07-01,Canada,Seasonally adjusted at annual rates,Chained (2017) dollars,NA,83358,CapFormBusinessResidentialStructures,NA
1996-10-01,Canada,Seasonally adjusted at annual rates,Chained (2017) dollars,NA,86184,CapFormBusinessResidentialStructures,NA
1997-01-01,Canada,Seasonally adjusted at annual rates,Chained (2017) dollars,NA,85962,CapFormBusinessResidentialStructures,NA
1997-04-01,Canada,Seasonally adjusted at annual rates,Chained (2017) dollars,NA,87016,CapFormBusinessResidentialStructures,NA
1997-07-01,Canada,Seasonally adjusted at annual rates,Chained (2017) dollars,NA,87492,CapFormBusinessResidentialStructures,NA
1997-10-01,Canada,Seasonally adjusted at annual rates,Chained (2017) dollars,NA,87821,CapFormBusinessResidentialStructures,NA
1998-01-01,Canada,Seasonally adjusted at annual rates,Chained (2017) dollars,NA,85460,CapFormBusinessResidentialStructures,NA
1998-04-01,Canada,Seasonally adjusted at annual rates,Chained (2017) dollars,NA,84222,CapFormBusinessResidentialStructures,NA
1998-07-01,Canada,Seasonally adjusted at annual rates,Chained (2017) dollars,NA,83408,CapFormBusinessResidentialStructures,NA
1998-10-01,Canada,Seasonally adjusted at annual rates,Chained (2017) dollars,NA,82638,CapFormBusinessResidentialStructures,NA
1999-01-01,Canada,Seasonally adjusted at annual rates,Chained (2017) dollars,NA,84112,CapFormBusinessResidentialStructures,NA
1999-04-01,Canada,Seasonally adjusted at annual rates,Chained (2017) dollars,NA,87176,CapFormBusinessResidentialStructures,NA
1999-07-01,Canada,Seasonally adjusted at annual rates,Chained (2017) dollars,NA,88293,CapFormBusinessResidentialStructures,NA
1999-10-01,Canada,Seasonally adjusted at annual rates,Chained (2017) dollars,NA,89590,CapFormBusinessResidentialStructures,NA
2000-01-01,Canada,Seasonally adjusted at annual rates,Chained (2017) dollars,NA,88278,CapFormBusinessResidentialStructures,NA
2000-04-01,Canada,Seasonally adjusted at annual rates,Chained (2017) dollars,NA,88891,CapFormBusinessResidentialStructures,NA
2000-07-01,Canada,Seasonally adjusted at annual rates,Chained (2017) dollars,NA,92817,CapFormBusinessResidentialStructures,NA
2000-10-01,Canada,Seasonally adjusted at annual rates,Chained (2017) dollars,NA,94559,CapFormBusinessResidentialStructures,NA
2001-01-01,Canada,Seasonally adjusted at annual rates,Chained (2017) dollars,NA,97328,CapFormBusinessResidentialStructures,NA
2001-04-01,Canada,Seasonally adjusted at annual rates,Chained (2017) dollars,NA,99548,CapFormBusinessResidentialStructures,NA
2001-07-01,Canada,Seasonally adjusted at annual rates,Chained (2017) dollars,NA,102121,CapFormBusinessResidentialStructures,NA
2001-10-01,Canada,Seasonally adjusted at annual rates,Chained (2017) dollars,NA,106741,CapFormBusinessResidentialStructures,NA
2002-01-01,Canada,Seasonally adjusted at annual rates,Chained (2017) dollars,NA,112798,CapFormBusinessResidentialStructures,NA
2002-04-01,Canada,Seasonally adjusted at annual rates,Chained (2017) dollars,NA,115046,CapFormBusinessResidentialStructures,NA
2002-07-01,Canada,Seasonally adjusted at annual rates,Chained (2017) dollars,NA,117165,CapFormBusinessResidentialStructures,NA
2002-10-01,Canada,Seasonally adjusted at annual rates,Chained (2017) dollars,NA,119727,CapFormBusinessResidentialStructures,NA
2003-01-01,Canada,Seasonally adjusted at annual rates,Chained (2017) dollars,NA,118616,CapFormBusinessResidentialStructures,NA
2003-04-01,Canada,Seasonally adjusted at annual rates,Chained (2017) dollars,NA,116792,CapFormBusinessResidentialStructures,NA
2003-07-01,Canada,Seasonally adjusted at annual rates,Chained (2017) dollars,NA,122003,CapFormBusinessResidentialStructures,NA
2003-10-01,Canada,Seasonally adjusted at annual rates,Chained (2017) dollars,NA,124153,CapFormBusinessResidentialStructures,NA
2004-01-01,Canada,Seasonally adjusted at annual rates,Chained (2017) dollars,NA,128129,CapFormBusinessResidentialStructures,NA
2004-04-01,Canada,Seasonally adjusted at annual rates,Chained (2017) dollars,NA,131130,CapFormBusinessResidentialStructures,NA
2004-07-01,Canada,Seasonally adjusted at annual rates,Chained (2017) dollars,NA,132195,CapFormBusinessResidentialStructures,NA
2004-10-01,Canada,Seasonally adjusted at annual rates,Chained (2017) dollars,NA,134321,CapFormBusinessResidentialStructures,NA
2005-01-01,Canada,Seasonally adjusted at annual rates,Chained (2017) dollars,NA,133394,CapFormBusinessResidentialStructures,NA
2005-04-01,Canada,Seasonally adjusted at annual rates,Chained (2017) dollars,NA,136702,CapFormBusinessResidentialStructures,NA
2005-07-01,Canada,Seasonally adjusted at annual rates,Chained (2017) dollars,NA,136772,CapFormBusinessResidentialStructures,NA
2005-10-01,Canada,Seasonally adjusted at annual rates,Chained (2017) dollars,NA,137055,CapFormBusinessResidentialStructures,NA
2006-01-01,Canada,Seasonally adjusted at annual rates,Chained (2017) dollars,NA,142084,CapFormBusinessResidentialStructures,NA
2006-04-01,Canada,Seasonally adjusted at annual rates,Chained (2017) dollars,NA,140511,CapFormBusinessResidentialStructures,NA
2006-07-01,Canada,Seasonally adjusted at annual rates,Chained (2017) dollars,NA,136800,CapFormBusinessResidentialStructures,NA
2006-10-01,Canada,Seasonally adjusted at annual rates,Chained (2017) dollars,NA,137004,CapFormBusinessResidentialStructures,NA
2007-01-01,Canada,Seasonally adjusted at annual rates,Chained (2017) dollars,NA,143219,CapFormBusinessResidentialStructures,NA
2007-04-01,Canada,Seasonally adjusted at annual rates,Chained (2017) dollars,NA,144051,CapFormBusinessResidentialStructures,NA
2007-07-01,Canada,Seasonally adjusted at annual rates,Chained (2017) dollars,NA,143593,CapFormBusinessResidentialStructures,NA
2007-10-01,Canada,Seasonally adjusted at annual rates,Chained (2017) dollars,NA,144187,CapFormBusinessResidentialStructures,NA
2008-01-01,Canada,Seasonally adjusted at annual rates,Chained (2017) dollars,NA,142534,CapFormBusinessResidentialStructures,NA
2008-04-01,Canada,Seasonally adjusted at annual rates,Chained (2017) dollars,NA,139214,CapFormBusinessResidentialStructures,NA
2008-07-01,Canada,Seasonally adjusted at annual rates,Chained (2017) dollars,NA,136079,CapFormBusinessResidentialStructures,NA
2008-10-01,Canada,Seasonally adjusted at annual rates,Chained (2017) dollars,NA,128165,CapFormBusinessResidentialStructures,NA
2009-01-01,Canada,Seasonally adjusted at annual rates,Chained (2017) dollars,NA,119902,CapFormBusinessResidentialStructures,NA
2009-04-01,Canada,Seasonally adjusted at annual rates,Chained (2017) dollars,NA,124167,CapFormBusinessResidentialStructures,NA
2009-07-01,Canada,Seasonally adjusted at annual rates,Chained (2017) dollars,NA,129183,CapFormBusinessResidentialStructures,NA
2009-10-01,Canada,Seasonally adjusted at annual rates,Chained (2017) dollars,NA,137150,CapFormBusinessResidentialStructures,NA
2010-01-01,Canada,Seasonally adjusted at annual rates,Chained (2017) dollars,NA,141055,CapFormBusinessResidentialStructures,NA
2010-04-01,Canada,Seasonally adjusted at annual rates,Chained (2017) dollars,NA,139363,CapFormBusinessResidentialStructures,NA
2010-07-01,Canada,Seasonally adjusted at annual rates,Chained (2017) dollars,NA,136792,CapFormBusinessResidentialStructures,NA
2010-10-01,Canada,Seasonally adjusted at annual rates,Chained (2017) dollars,NA,135840,CapFormBusinessResidentialStructures,NA
2011-01-01,Canada,Seasonally adjusted at annual rates,Chained (2017) dollars,NA,138570,CapFormBusinessResidentialStructures,NA
2011-04-01,Canada,Seasonally adjusted at annual rates,Chained (2017) dollars,NA,138339,CapFormBusinessResidentialStructures,NA
2011-07-01,Canada,Seasonally adjusted at annual rates,Chained (2017) dollars,NA,141879,CapFormBusinessResidentialStructures,NA
2011-10-01,Canada,Seasonally adjusted at annual rates,Chained (2017) dollars,NA,143301,CapFormBusinessResidentialStructures,NA
2012-01-01,Canada,Seasonally adjusted at annual rates,Chained (2017) dollars,NA,149605,CapFormBusinessResidentialStructures,NA
2012-04-01,Canada,Seasonally adjusted at annual rates,Chained (2017) dollars,NA,148850,CapFormBusinessResidentialStructures,NA
2012-07-01,Canada,Seasonally adjusted at annual rates,Chained (2017) dollars,NA,147612,CapFormBusinessResidentialStructures,NA
2012-10-01,Canada,Seasonally adjusted at annual rates,Chained (2017) dollars,NA,147511,CapFormBusinessResidentialStructures,NA
2013-01-01,Canada,Seasonally adjusted at annual rates,Chained (2017) dollars,NA,146303,CapFormBusinessResidentialStructures,NA
2013-04-01,Canada,Seasonally adjusted at annual rates,Chained (2017) dollars,NA,148581,CapFormBusinessResidentialStructures,NA
2013-07-01,Canada,Seasonally adjusted at annual rates,Chained (2017) dollars,NA,147589,CapFormBusinessResidentialStructures,NA
2013-10-01,Canada,Seasonally adjusted at annual rates,Chained (2017) dollars,NA,147335,CapFormBusinessResidentialStructures,NA
2014-01-01,Canada,Seasonally adjusted at annual rates,Chained (2017) dollars,NA,145531,CapFormBusinessResidentialStructures,NA
2014-04-01,Canada,Seasonally adjusted at annual rates,Chained (2017) dollars,NA,148933,CapFormBusinessResidentialStructures,NA
2014-07-01,Canada,Seasonally adjusted at annual rates,Chained (2017) dollars,NA,152312,CapFormBusinessResidentialStructures,NA
2014-10-01,Canada,Seasonally adjusted at annual rates,Chained (2017) dollars,NA,152738,CapFormBusinessResidentialStructures,NA
2015-01-01,Canada,Seasonally adjusted at annual rates,Chained (2017) dollars,NA,153837,CapFormBusinessResidentialStructures,NA
2015-04-01,Canada,Seasonally adjusted at annual rates,Chained (2017) dollars,NA,154050,CapFormBusinessResidentialStructures,NA
2015-07-01,Canada,Seasonally adjusted at annual rates,Chained (2017) dollars,NA,156982,CapFormBusinessResidentialStructures,NA
2015-10-01,Canada,Seasonally adjusted at annual rates,Chained (2017) dollars,NA,157696,CapFormBusinessResidentialStructures,NA
2016-01-01,Canada,Seasonally adjusted at annual rates,Chained (2017) dollars,NA,160261,CapFormBusinessResidentialStructures,NA
2016-04-01,Canada,Seasonally adjusted at annual rates,Chained (2017) dollars,NA,161603,CapFormBusinessResidentialStructures,NA
2016-07-01,Canada,Seasonally adjusted at annual rates,Chained (2017) dollars,NA,161829,CapFormBusinessResidentialStructures,NA
2016-10-01,Canada,Seasonally adjusted at annual rates,Chained (2017) dollars,NA,163328,CapFormBusinessResidentialStructures,NA
2017-01-01,Canada,Seasonally adjusted at annual rates,Chained (2017) dollars,NA,166498,CapFormBusinessResidentialStructures,NA
2017-04-01,Canada,Seasonally adjusted at annual rates,Chained (2017) dollars,NA,164707,CapFormBusinessResidentialStructures,NA
2017-07-01,Canada,Seasonally adjusted at annual rates,Chained (2017) dollars,NA,163067,CapFormBusinessResidentialStructures,NA
2017-10-01,Canada,Seasonally adjusted at annual rates,Chained (2017) dollars,NA,167896,CapFormBusinessResidentialStructures,NA
2018-01-01,Canada,Seasonally adjusted at annual rates,Chained (2017) dollars,NA,165912,CapFormBusinessResidentialStructures,NA
2018-04-01,Canada,Seasonally adjusted at annual rates,Chained (2017) dollars,NA,165155,CapFormBusinessResidentialStructures,NA
2018-07-01,Canada,Seasonally adjusted at annual rates,Chained (2017) dollars,NA,163175,CapFormBusinessResidentialStructures,NA
2018-10-01,Canada,Seasonally adjusted at annual rates,Chained (2017) dollars,NA,159788,CapFormBusinessResidentialStructures,NA
2019-01-01,Canada,Seasonally adjusted at annual rates,Chained (2017) dollars,NA,156982,CapFormBusinessResidentialStructures,NA
2019-04-01,Canada,Seasonally adjusted at annual rates,Chained (2017) dollars,NA,161626,CapFormBusinessResidentialStructures,NA
2019-07-01,Canada,Seasonally adjusted at annual rates,Chained (2017) dollars,NA,164835,CapFormBusinessResidentialStructures,NA
2019-10-01,Canada,Seasonally adjusted at annual rates,Chained (2017) dollars,NA,165405,CapFormBusinessResidentialStructures,NA
2020-01-01,Canada,Seasonally adjusted at annual rates,Chained (2017) dollars,NA,158359,CapFormBusinessResidentialStructures,NA
2020-04-01,Canada,Seasonally adjusted at annual rates,Chained (2017) dollars,NA,137246,CapFormBusinessResidentialStructures,NA
2020-07-01,Canada,Seasonally adjusted at annual rates,Chained (2017) dollars,NA,182764,CapFormBusinessResidentialStructures,NA
2020-10-01,Canada,Seasonally adjusted at annual rates,Chained (2017) dollars,NA,189068,CapFormBusinessResidentialStructures,NA
2021-01-01,Canada,Seasonally adjusted at annual rates,Chained (2017) dollars,NA,200408,CapFormBusinessResidentialStructures,NA
2021-04-01,Canada,Seasonally adjusted at annual rates,Chained (2017) dollars,NA,197365,CapFormBusinessResidentialStructures,NA
2021-07-01,Canada,Seasonally adjusted at annual rates,Chained (2017) dollars,NA,180862,CapFormBusinessResidentialStructures,NA
2021-10-01,Canada,Seasonally adjusted at annual rates,Chained (2017) dollars,NA,182373,CapFormBusinessResidentialStructures,NA
2022-01-01,Canada,Seasonally adjusted at annual rates,Chained (2017) dollars,NA,190930,CapFormBusinessResidentialStructures,NA
2022-04-01,Canada,Seasonally adjusted at annual rates,Chained (2017) dollars,NA,173998,CapFormBusinessResidentialStructures,NA
2022-07-01,Canada,Seasonally adjusted at annual rates,Chained (2017) dollars,NA,165610,CapFormBusinessResidentialStructures,NA
2022-10-01,Canada,Seasonally adjusted at annual rates,Chained (2017) dollars,NA,161545,CapFormBusinessResidentialStructures,NA
2023-01-01,Canada,Seasonally adjusted at annual rates,Chained (2017) dollars,NA,154951,CapFormBusinessResidentialStructures,NA
2023-04-01,Canada,Seasonally adjusted at annual rates,Chained (2017) dollars,NA,155947,CapFormBusinessResidentialStructures,NA
2023-07-01,Canada,Seasonally adjusted at annual rates,Chained (2017) dollars,NA,158587,CapFormBusinessResidentialStructures,NA
2023-10-01,Canada,Seasonally adjusted at annual rates,Chained (2017) dollars,NA,156879,CapFormBusinessResidentialStructures,NA
2024-01-01,Canada,Seasonally adjusted at annual rates,Chained (2017) dollars,NA,154752,CapFormBusinessResidentialStructures,NA
2024-04-01,Canada,Seasonally adjusted at annual rates,Chained (2017) dollars,NA,153045,CapFormBusinessResidentialStructures,NA
2024-07-01,Canada,Seasonally adjusted at annual rates,Chained (2017) dollars,NA,155874,CapFormBusinessResidentialStructures,NA
2024-10-01,Canada,Seasonally adjusted at annual rates,Chained (2017) dollars,NA,161371,CapFormBusinessResidentialStructures,NA
2025-01-01,Canada,Seasonally adjusted at annual rates,Chained (2017) dollars,NA,156681,CapFormBusinessResidentialStructures,NA
2025-04-01,Canada,Seasonally adjusted at annual rates,Chained (2017) dollars,NA,157463,CapFormBusinessResidentialStructures,NA
2025-07-01,Canada,Seasonally adjusted at annual rates,Chained (2017) dollars,NA,159390,CapFormBusinessResidentialStructures,NA
2025-10-01,Canada,Seasonally adjusted at annual rates,Chained (2017) dollars,NA,157619,CapFormBusinessResidentialStructures,NA
1961-01-01,Canada,Seasonally adjusted at annual rates,Chained (2017) dollars,NA,25279,CapFormBusinessNonResidentialStructures,NA
1961-04-01,Canada,Seasonally adjusted at annual rates,Chained (2017) dollars,NA,25657,CapFormBusinessNonResidentialStructures,NA
1961-07-01,Canada,Seasonally adjusted at annual rates,Chained (2017) dollars,NA,26492,CapFormBusinessNonResidentialStructures,NA
1961-10-01,Canada,Seasonally adjusted at annual rates,Chained (2017) dollars,NA,26785,CapFormBusinessNonResidentialStructures,NA
1962-01-01,Canada,Seasonally adjusted at annual rates,Chained (2017) dollars,NA,25487,CapFormBusinessNonResidentialStructures,NA
1962-04-01,Canada,Seasonally adjusted at annual rates,Chained (2017) dollars,NA,25108,CapFormBusinessNonResidentialStructures,NA
1962-07-01,Canada,Seasonally adjusted at annual rates,Chained (2017) dollars,NA,25693,CapFormBusinessNonResidentialStructures,NA
1962-10-01,Canada,Seasonally adjusted at annual rates,Chained (2017) dollars,NA,25594,CapFormBusinessNonResidentialStructures,NA
1963-01-01,Canada,Seasonally adjusted at annual rates,Chained (2017) dollars,NA,25551,CapFormBusinessNonResidentialStructures,NA
1963-04-01,Canada,Seasonally adjusted at annual rates,Chained (2017) dollars,NA,26229,CapFormBusinessNonResidentialStructures,NA
1963-07-01,Canada,Seasonally adjusted at annual rates,Chained (2017) dollars,NA,26379,CapFormBusinessNonResidentialStructures,NA
1963-10-01,Canada,Seasonally adjusted at annual rates,Chained (2017) dollars,NA,27384,CapFormBusinessNonResidentialStructures,NA
1964-01-01,Canada,Seasonally adjusted at annual rates,Chained (2017) dollars,NA,29161,CapFormBusinessNonResidentialStructures,NA
1964-04-01,Canada,Seasonally adjusted at annual rates,Chained (2017) dollars,NA,29931,CapFormBusinessNonResidentialStructures,NA
1964-07-01,Canada,Seasonally adjusted at annual rates,Chained (2017) dollars,NA,30738,CapFormBusinessNonResidentialStructures,NA
1964-10-01,Canada,Seasonally adjusted at annual rates,Chained (2017) dollars,NA,32051,CapFormBusinessNonResidentialStructures,NA
1965-01-01,Canada,Seasonally adjusted at annual rates,Chained (2017) dollars,NA,31816,CapFormBusinessNonResidentialStructures,NA
1965-04-01,Canada,Seasonally adjusted at annual rates,Chained (2017) dollars,NA,32344,CapFormBusinessNonResidentialStructures,NA
1965-07-01,Canada,Seasonally adjusted at annual rates,Chained (2017) dollars,NA,33400,CapFormBusinessNonResidentialStructures,NA
1965-10-01,Canada,Seasonally adjusted at annual rates,Chained (2017) dollars,NA,34798,CapFormBusinessNonResidentialStructures,NA
1966-01-01,Canada,Seasonally adjusted at annual rates,Chained (2017) dollars,NA,37088,CapFormBusinessNonResidentialStructures,NA
1966-04-01,Canada,Seasonally adjusted at annual rates,Chained (2017) dollars,NA,38136,CapFormBusinessNonResidentialStructures,NA
1966-07-01,Canada,Seasonally adjusted at annual rates,Chained (2017) dollars,NA,38457,CapFormBusinessNonResidentialStructures,NA
1966-10-01,Canada,Seasonally adjusted at annual rates,Chained (2017) dollars,NA,38557,CapFormBusinessNonResidentialStructures,NA
1967-01-01,Canada,Seasonally adjusted at annual rates,Chained (2017) dollars,NA,37287,CapFormBusinessNonResidentialStructures,NA
1967-04-01,Canada,Seasonally adjusted at annual rates,Chained (2017) dollars,NA,36160,CapFormBusinessNonResidentialStructures,NA
1967-07-01,Canada,Seasonally adjusted at annual rates,Chained (2017) dollars,NA,35403,CapFormBusinessNonResidentialStructures,NA
1967-10-01,Canada,Seasonally adjusted at annual rates,Chained (2017) dollars,NA,35239,CapFormBusinessNonResidentialStructures,NA
1968-01-01,Canada,Seasonally adjusted at annual rates,Chained (2017) dollars,NA,35731,CapFormBusinessNonResidentialStructures,NA
1968-04-01,Canada,Seasonally adjusted at annual rates,Chained (2017) dollars,NA,35695,CapFormBusinessNonResidentialStructures,NA
1968-07-01,Canada,Seasonally adjusted at annual rates,Chained (2017) dollars,NA,35624,CapFormBusinessNonResidentialStructures,NA
1968-10-01,Canada,Seasonally adjusted at annual rates,Chained (2017) dollars,NA,35325,CapFormBusinessNonResidentialStructures,NA
1969-01-01,Canada,Seasonally adjusted at annual rates,Chained (2017) dollars,NA,35046,CapFormBusinessNonResidentialStructures,NA
1969-04-01,Canada,Seasonally adjusted at annual rates,Chained (2017) dollars,NA,34753,CapFormBusinessNonResidentialStructures,NA
1969-07-01,Canada,Seasonally adjusted at annual rates,Chained (2017) dollars,NA,35623,CapFormBusinessNonResidentialStructures,NA
1969-10-01,Canada,Seasonally adjusted at annual rates,Chained (2017) dollars,NA,36565,CapFormBusinessNonResidentialStructures,NA
1970-01-01,Canada,Seasonally adjusted at annual rates,Chained (2017) dollars,NA,38535,CapFormBusinessNonResidentialStructures,NA
1970-04-01,Canada,Seasonally adjusted at annual rates,Chained (2017) dollars,NA,38179,CapFormBusinessNonResidentialStructures,NA
1970-07-01,Canada,Seasonally adjusted at annual rates,Chained (2017) dollars,NA,39170,CapFormBusinessNonResidentialStructures,NA
1970-10-01,Canada,Seasonally adjusted at annual rates,Chained (2017) dollars,NA,39506,CapFormBusinessNonResidentialStructures,NA
1971-01-01,Canada,Seasonally adjusted at annual rates,Chained (2017) dollars,NA,39841,CapFormBusinessNonResidentialStructures,NA
1971-04-01,Canada,Seasonally adjusted at annual rates,Chained (2017) dollars,NA,40448,CapFormBusinessNonResidentialStructures,NA
1971-07-01,Canada,Seasonally adjusted at annual rates,Chained (2017) dollars,NA,41083,CapFormBusinessNonResidentialStructures,NA
1971-10-01,Canada,Seasonally adjusted at annual rates,Chained (2017) dollars,NA,41283,CapFormBusinessNonResidentialStructures,NA
1972-01-01,Canada,Seasonally adjusted at annual rates,Chained (2017) dollars,NA,40763,CapFormBusinessNonResidentialStructures,NA
1972-04-01,Canada,Seasonally adjusted at annual rates,Chained (2017) dollars,NA,40884,CapFormBusinessNonResidentialStructures,NA
1972-07-01,Canada,Seasonally adjusted at annual rates,Chained (2017) dollars,NA,40221,CapFormBusinessNonResidentialStructures,NA
1972-10-01,Canada,Seasonally adjusted at annual rates,Chained (2017) dollars,NA,39992,CapFormBusinessNonResidentialStructures,NA
1973-01-01,Canada,Seasonally adjusted at annual rates,Chained (2017) dollars,NA,41983,CapFormBusinessNonResidentialStructures,NA
1973-04-01,Canada,Seasonally adjusted at annual rates,Chained (2017) dollars,NA,42732,CapFormBusinessNonResidentialStructures,NA
1973-07-01,Canada,Seasonally adjusted at annual rates,Chained (2017) dollars,NA,44223,CapFormBusinessNonResidentialStructures,NA
1973-10-01,Canada,Seasonally adjusted at annual rates,Chained (2017) dollars,NA,45934,CapFormBusinessNonResidentialStructures,NA
1974-01-01,Canada,Seasonally adjusted at annual rates,Chained (2017) dollars,NA,47119,CapFormBusinessNonResidentialStructures,NA
1974-04-01,Canada,Seasonally adjusted at annual rates,Chained (2017) dollars,NA,45586,CapFormBusinessNonResidentialStructures,NA
1974-07-01,Canada,Seasonally adjusted at annual rates,Chained (2017) dollars,NA,46150,CapFormBusinessNonResidentialStructures,NA
1974-10-01,Canada,Seasonally adjusted at annual rates,Chained (2017) dollars,NA,47434,CapFormBusinessNonResidentialStructures,NA
1975-01-01,Canada,Seasonally adjusted at annual rates,Chained (2017) dollars,NA,49432,CapFormBusinessNonResidentialStructures,NA
1975-04-01,Canada,Seasonally adjusted at annual rates,Chained (2017) dollars,NA,51908,CapFormBusinessNonResidentialStructures,NA
1975-07-01,Canada,Seasonally adjusted at annual rates,Chained (2017) dollars,NA,53456,CapFormBusinessNonResidentialStructures,NA
1975-10-01,Canada,Seasonally adjusted at annual rates,Chained (2017) dollars,NA,56167,CapFormBusinessNonResidentialStructures,NA
1976-01-01,Canada,Seasonally adjusted at annual rates,Chained (2017) dollars,NA,53634,CapFormBusinessNonResidentialStructures,NA
1976-04-01,Canada,Seasonally adjusted at annual rates,Chained (2017) dollars,NA,53142,CapFormBusinessNonResidentialStructures,NA
1976-07-01,Canada,Seasonally adjusted at annual rates,Chained (2017) dollars,NA,49210,CapFormBusinessNonResidentialStructures,NA
1976-10-01,Canada,Seasonally adjusted at annual rates,Chained (2017) dollars,NA,49018,CapFormBusinessNonResidentialStructures,NA
1977-01-01,Canada,Seasonally adjusted at annual rates,Chained (2017) dollars,NA,51480,CapFormBusinessNonResidentialStructures,NA
1977-04-01,Canada,Seasonally adjusted at annual rates,Chained (2017) dollars,NA,54797,CapFormBusinessNonResidentialStructures,NA
1977-07-01,Canada,Seasonally adjusted at annual rates,Chained (2017) dollars,NA,55090,CapFormBusinessNonResidentialStructures,NA
1977-10-01,Canada,Seasonally adjusted at annual rates,Chained (2017) dollars,NA,55732,CapFormBusinessNonResidentialStructures,NA
1978-01-01,Canada,Seasonally adjusted at annual rates,Chained (2017) dollars,NA,54933,CapFormBusinessNonResidentialStructures,NA
1978-04-01,Canada,Seasonally adjusted at annual rates,Chained (2017) dollars,NA,55946,CapFormBusinessNonResidentialStructures,NA
1978-07-01,Canada,Seasonally adjusted at annual rates,Chained (2017) dollars,NA,55133,CapFormBusinessNonResidentialStructures,NA
1978-10-01,Canada,Seasonally adjusted at annual rates,Chained (2017) dollars,NA,55190,CapFormBusinessNonResidentialStructures,NA
1979-01-01,Canada,Seasonally adjusted at annual rates,Chained (2017) dollars,NA,57081,CapFormBusinessNonResidentialStructures,NA
1979-04-01,Canada,Seasonally adjusted at annual rates,Chained (2017) dollars,NA,60527,CapFormBusinessNonResidentialStructures,NA
1979-07-01,Canada,Seasonally adjusted at annual rates,Chained (2017) dollars,NA,65230,CapFormBusinessNonResidentialStructures,NA
1979-10-01,Canada,Seasonally adjusted at annual rates,Chained (2017) dollars,NA,65387,CapFormBusinessNonResidentialStructures,NA
1980-01-01,Canada,Seasonally adjusted at annual rates,Chained (2017) dollars,NA,68490,CapFormBusinessNonResidentialStructures,NA
1980-04-01,Canada,Seasonally adjusted at annual rates,Chained (2017) dollars,NA,67321,CapFormBusinessNonResidentialStructures,NA
1980-07-01,Canada,Seasonally adjusted at annual rates,Chained (2017) dollars,NA,68355,CapFormBusinessNonResidentialStructures,NA
1980-10-01,Canada,Seasonally adjusted at annual rates,Chained (2017) dollars,NA,69739,CapFormBusinessNonResidentialStructures,NA
1981-01-01,Canada,Seasonally adjusted at annual rates,Chained (2017) dollars,NA,73406,CapFormBusinessNonResidentialStructures,NA
1981-04-01,Canada,Seasonally adjusted at annual rates,Chained (2017) dollars,NA,73677,CapFormBusinessNonResidentialStructures,NA
1981-07-01,Canada,Seasonally adjusted at annual rates,Chained (2017) dollars,NA,73746,CapFormBusinessNonResidentialStructures,NA
1981-10-01,Canada,Seasonally adjusted at annual rates,Chained (2017) dollars,NA,75340,CapFormBusinessNonResidentialStructures,NA
1982-01-01,Canada,Seasonally adjusted at annual rates,Chained (2017) dollars,NA,73652,CapFormBusinessNonResidentialStructures,NA
1982-04-01,Canada,Seasonally adjusted at annual rates,Chained (2017) dollars,NA,68725,CapFormBusinessNonResidentialStructures,NA
1982-07-01,Canada,Seasonally adjusted at annual rates,Chained (2017) dollars,NA,62538,CapFormBusinessNonResidentialStructures,NA
1982-10-01,Canada,Seasonally adjusted at annual rates,Chained (2017) dollars,NA,63518,CapFormBusinessNonResidentialStructures,NA
1983-01-01,Canada,Seasonally adjusted at annual rates,Chained (2017) dollars,NA,61913,CapFormBusinessNonResidentialStructures,NA
1983-04-01,Canada,Seasonally adjusted at annual rates,Chained (2017) dollars,NA,60710,CapFormBusinessNonResidentialStructures,NA
1983-07-01,Canada,Seasonally adjusted at annual rates,Chained (2017) dollars,NA,60120,CapFormBusinessNonResidentialStructures,NA
1983-10-01,Canada,Seasonally adjusted at annual rates,Chained (2017) dollars,NA,61515,CapFormBusinessNonResidentialStructures,NA
1984-01-01,Canada,Seasonally adjusted at annual rates,Chained (2017) dollars,NA,60520,CapFormBusinessNonResidentialStructures,NA
1984-04-01,Canada,Seasonally adjusted at annual rates,Chained (2017) dollars,NA,59836,CapFormBusinessNonResidentialStructures,NA
1984-07-01,Canada,Seasonally adjusted at annual rates,Chained (2017) dollars,NA,60295,CapFormBusinessNonResidentialStructures,NA
1984-10-01,Canada,Seasonally adjusted at annual rates,Chained (2017) dollars,NA,57903,CapFormBusinessNonResidentialStructures,NA
1985-01-01,Canada,Seasonally adjusted at annual rates,Chained (2017) dollars,NA,59705,CapFormBusinessNonResidentialStructures,NA
1985-04-01,Canada,Seasonally adjusted at annual rates,Chained (2017) dollars,NA,64387,CapFormBusinessNonResidentialStructures,NA
1985-07-01,Canada,Seasonally adjusted at annual rates,Chained (2017) dollars,NA,63944,CapFormBusinessNonResidentialStructures,NA
1985-10-01,Canada,Seasonally adjusted at annual rates,Chained (2017) dollars,NA,62035,CapFormBusinessNonResidentialStructures,NA
1986-01-01,Canada,Seasonally adjusted at annual rates,Chained (2017) dollars,NA,65362,CapFormBusinessNonResidentialStructures,NA
1986-04-01,Canada,Seasonally adjusted at annual rates,Chained (2017) dollars,NA,59654,CapFormBusinessNonResidentialStructures,NA
1986-07-01,Canada,Seasonally adjusted at annual rates,Chained (2017) dollars,NA,56320,CapFormBusinessNonResidentialStructures,NA
1986-10-01,Canada,Seasonally adjusted at annual rates,Chained (2017) dollars,NA,55728,CapFormBusinessNonResidentialStructures,NA
1987-01-01,Canada,Seasonally adjusted at annual rates,Chained (2017) dollars,NA,55939,CapFormBusinessNonResidentialStructures,NA
1987-04-01,Canada,Seasonally adjusted at annual rates,Chained (2017) dollars,NA,60928,CapFormBusinessNonResidentialStructures,NA
1987-07-01,Canada,Seasonally adjusted at annual rates,Chained (2017) dollars,NA,63525,CapFormBusinessNonResidentialStructures,NA
1987-10-01,Canada,Seasonally adjusted at annual rates,Chained (2017) dollars,NA,65336,CapFormBusinessNonResidentialStructures,NA
1988-01-01,Canada,Seasonally adjusted at annual rates,Chained (2017) dollars,NA,64373,CapFormBusinessNonResidentialStructures,NA
1988-04-01,Canada,Seasonally adjusted at annual rates,Chained (2017) dollars,NA,66670,CapFormBusinessNonResidentialStructures,NA
1988-07-01,Canada,Seasonally adjusted at annual rates,Chained (2017) dollars,NA,69159,CapFormBusinessNonResidentialStructures,NA
1988-10-01,Canada,Seasonally adjusted at annual rates,Chained (2017) dollars,NA,70475,CapFormBusinessNonResidentialStructures,NA
1989-01-01,Canada,Seasonally adjusted at annual rates,Chained (2017) dollars,NA,72064,CapFormBusinessNonResidentialStructures,NA
1989-04-01,Canada,Seasonally adjusted at annual rates,Chained (2017) dollars,NA,69772,CapFormBusinessNonResidentialStructures,NA
1989-07-01,Canada,Seasonally adjusted at annual rates,Chained (2017) dollars,NA,71026,CapFormBusinessNonResidentialStructures,NA
1989-10-01,Canada,Seasonally adjusted at annual rates,Chained (2017) dollars,NA,72620,CapFormBusinessNonResidentialStructures,NA
1990-01-01,Canada,Seasonally adjusted at annual rates,Chained (2017) dollars,NA,72009,CapFormBusinessNonResidentialStructures,NA
1990-04-01,Canada,Seasonally adjusted at annual rates,Chained (2017) dollars,NA,72363,CapFormBusinessNonResidentialStructures,NA
1990-07-01,Canada,Seasonally adjusted at annual rates,Chained (2017) dollars,NA,71524,CapFormBusinessNonResidentialStructures,NA
1990-10-01,Canada,Seasonally adjusted at annual rates,Chained (2017) dollars,NA,69133,CapFormBusinessNonResidentialStructures,NA
1991-01-01,Canada,Seasonally adjusted at annual rates,Chained (2017) dollars,NA,69966,CapFormBusinessNonResidentialStructures,NA
1991-04-01,Canada,Seasonally adjusted at annual rates,Chained (2017) dollars,NA,69273,CapFormBusinessNonResidentialStructures,NA
1991-07-01,Canada,Seasonally adjusted at annual rates,Chained (2017) dollars,NA,67936,CapFormBusinessNonResidentialStructures,NA
1991-10-01,Canada,Seasonally adjusted at annual rates,Chained (2017) dollars,NA,67765,CapFormBusinessNonResidentialStructures,NA
1992-01-01,Canada,Seasonally adjusted at annual rates,Chained (2017) dollars,NA,62644,CapFormBusinessNonResidentialStructures,NA
1992-04-01,Canada,Seasonally adjusted at annual rates,Chained (2017) dollars,NA,57461,CapFormBusinessNonResidentialStructures,NA
1992-07-01,Canada,Seasonally adjusted at annual rates,Chained (2017) dollars,NA,57993,CapFormBusinessNonResidentialStructures,NA
1992-10-01,Canada,Seasonally adjusted at annual rates,Chained (2017) dollars,NA,53729,CapFormBusinessNonResidentialStructures,NA
1993-01-01,Canada,Seasonally adjusted at annual rates,Chained (2017) dollars,NA,54404,CapFormBusinessNonResidentialStructures,NA
1993-04-01,Canada,Seasonally adjusted at annual rates,Chained (2017) dollars,NA,57174,CapFormBusinessNonResidentialStructures,NA
1993-07-01,Canada,Seasonally adjusted at annual rates,Chained (2017) dollars,NA,57771,CapFormBusinessNonResidentialStructures,NA
1993-10-01,Canada,Seasonally adjusted at annual rates,Chained (2017) dollars,NA,59589,CapFormBusinessNonResidentialStructures,NA
1994-01-01,Canada,Seasonally adjusted at annual rates,Chained (2017) dollars,NA,58561,CapFormBusinessNonResidentialStructures,NA
1994-04-01,Canada,Seasonally adjusted at annual rates,Chained (2017) dollars,NA,59886,CapFormBusinessNonResidentialStructures,NA
1994-07-01,Canada,Seasonally adjusted at annual rates,Chained (2017) dollars,NA,61140,CapFormBusinessNonResidentialStructures,NA
1994-10-01,Canada,Seasonally adjusted at annual rates,Chained (2017) dollars,NA,62669,CapFormBusinessNonResidentialStructures,NA
1995-01-01,Canada,Seasonally adjusted at annual rates,Chained (2017) dollars,NA,63546,CapFormBusinessNonResidentialStructures,NA
1995-04-01,Canada,Seasonally adjusted at annual rates,Chained (2017) dollars,NA,61250,CapFormBusinessNonResidentialStructures,NA
1995-07-01,Canada,Seasonally adjusted at annual rates,Chained (2017) dollars,NA,61009,CapFormBusinessNonResidentialStructures,NA
1995-10-01,Canada,Seasonally adjusted at annual rates,Chained (2017) dollars,NA,59462,CapFormBusinessNonResidentialStructures,NA
1996-01-01,Canada,Seasonally adjusted at annual rates,Chained (2017) dollars,NA,59498,CapFormBusinessNonResidentialStructures,NA
1996-04-01,Canada,Seasonally adjusted at annual rates,Chained (2017) dollars,NA,60850,CapFormBusinessNonResidentialStructures,NA
1996-07-01,Canada,Seasonally adjusted at annual rates,Chained (2017) dollars,NA,62600,CapFormBusinessNonResidentialStructures,NA
1996-10-01,Canada,Seasonally adjusted at annual rates,Chained (2017) dollars,NA,65991,CapFormBusinessNonResidentialStructures,NA
1997-01-01,Canada,Seasonally adjusted at annual rates,Chained (2017) dollars,NA,70903,CapFormBusinessNonResidentialStructures,NA
1997-04-01,Canada,Seasonally adjusted at annual rates,Chained (2017) dollars,NA,73447,CapFormBusinessNonResidentialStructures,NA
1997-07-01,Canada,Seasonally adjusted at annual rates,Chained (2017) dollars,NA,76427,CapFormBusinessNonResidentialStructures,NA
1997-10-01,Canada,Seasonally adjusted at annual rates,Chained (2017) dollars,NA,75326,CapFormBusinessNonResidentialStructures,NA
1998-01-01,Canada,Seasonally adjusted at annual rates,Chained (2017) dollars,NA,73776,CapFormBusinessNonResidentialStructures,NA
1998-04-01,Canada,Seasonally adjusted at annual rates,Chained (2017) dollars,NA,72750,CapFormBusinessNonResidentialStructures,NA
1998-07-01,Canada,Seasonally adjusted at annual rates,Chained (2017) dollars,NA,71476,CapFormBusinessNonResidentialStructures,NA
1998-10-01,Canada,Seasonally adjusted at annual rates,Chained (2017) dollars,NA,71501,CapFormBusinessNonResidentialStructures,NA
1999-01-01,Canada,Seasonally adjusted at annual rates,Chained (2017) dollars,NA,73696,CapFormBusinessNonResidentialStructures,NA
1999-04-01,Canada,Seasonally adjusted at annual rates,Chained (2017) dollars,NA,75020,CapFormBusinessNonResidentialStructures,NA
1999-07-01,Canada,Seasonally adjusted at annual rates,Chained (2017) dollars,NA,76606,CapFormBusinessNonResidentialStructures,NA
1999-10-01,Canada,Seasonally adjusted at annual rates,Chained (2017) dollars,NA,78150,CapFormBusinessNonResidentialStructures,NA
2000-01-01,Canada,Seasonally adjusted at annual rates,Chained (2017) dollars,NA,77543,CapFormBusinessNonResidentialStructures,NA
2000-04-01,Canada,Seasonally adjusted at annual rates,Chained (2017) dollars,NA,75416,CapFormBusinessNonResidentialStructures,NA
2000-07-01,Canada,Seasonally adjusted at annual rates,Chained (2017) dollars,NA,73349,CapFormBusinessNonResidentialStructures,NA
2000-10-01,Canada,Seasonally adjusted at annual rates,Chained (2017) dollars,NA,74015,CapFormBusinessNonResidentialStructures,NA
2001-01-01,Canada,Seasonally adjusted at annual rates,Chained (2017) dollars,NA,77176,CapFormBusinessNonResidentialStructures,NA
2001-04-01,Canada,Seasonally adjusted at annual rates,Chained (2017) dollars,NA,78558,CapFormBusinessNonResidentialStructures,NA
2001-07-01,Canada,Seasonally adjusted at annual rates,Chained (2017) dollars,NA,79414,CapFormBusinessNonResidentialStructures,NA
2001-10-01,Canada,Seasonally adjusted at annual rates,Chained (2017) dollars,NA,78028,CapFormBusinessNonResidentialStructures,NA
2002-01-01,Canada,Seasonally adjusted at annual rates,Chained (2017) dollars,NA,75539,CapFormBusinessNonResidentialStructures,NA
2002-04-01,Canada,Seasonally adjusted at annual rates,Chained (2017) dollars,NA,74607,CapFormBusinessNonResidentialStructures,NA
2002-07-01,Canada,Seasonally adjusted at annual rates,Chained (2017) dollars,NA,74480,CapFormBusinessNonResidentialStructures,NA
2002-10-01,Canada,Seasonally adjusted at annual rates,Chained (2017) dollars,NA,74003,CapFormBusinessNonResidentialStructures,NA
2003-01-01,Canada,Seasonally adjusted at annual rates,Chained (2017) dollars,NA,76208,CapFormBusinessNonResidentialStructures,NA
2003-04-01,Canada,Seasonally adjusted at annual rates,Chained (2017) dollars,NA,78041,CapFormBusinessNonResidentialStructures,NA
2003-07-01,Canada,Seasonally adjusted at annual rates,Chained (2017) dollars,NA,79817,CapFormBusinessNonResidentialStructures,NA
2003-10-01,Canada,Seasonally adjusted at annual rates,Chained (2017) dollars,NA,82066,CapFormBusinessNonResidentialStructures,NA
2004-01-01,Canada,Seasonally adjusted at annual rates,Chained (2017) dollars,NA,82915,CapFormBusinessNonResidentialStructures,NA
2004-04-01,Canada,Seasonally adjusted at annual rates,Chained (2017) dollars,NA,84575,CapFormBusinessNonResidentialStructures,NA
2004-07-01,Canada,Seasonally adjusted at annual rates,Chained (2017) dollars,NA,85783,CapFormBusinessNonResidentialStructures,NA
2004-10-01,Canada,Seasonally adjusted at annual rates,Chained (2017) dollars,NA,85914,CapFormBusinessNonResidentialStructures,NA
2005-01-01,Canada,Seasonally adjusted at annual rates,Chained (2017) dollars,NA,88783,CapFormBusinessNonResidentialStructures,NA
2005-04-01,Canada,Seasonally adjusted at annual rates,Chained (2017) dollars,NA,90646,CapFormBusinessNonResidentialStructures,NA
2005-07-01,Canada,Seasonally adjusted at annual rates,Chained (2017) dollars,NA,92999,CapFormBusinessNonResidentialStructures,NA
2005-10-01,Canada,Seasonally adjusted at annual rates,Chained (2017) dollars,NA,95409,CapFormBusinessNonResidentialStructures,NA
2006-01-01,Canada,Seasonally adjusted at annual rates,Chained (2017) dollars,NA,97858,CapFormBusinessNonResidentialStructures,NA
2006-04-01,Canada,Seasonally adjusted at annual rates,Chained (2017) dollars,NA,100921,CapFormBusinessNonResidentialStructures,NA
2006-07-01,Canada,Seasonally adjusted at annual rates,Chained (2017) dollars,NA,103992,CapFormBusinessNonResidentialStructures,NA
2006-10-01,Canada,Seasonally adjusted at annual rates,Chained (2017) dollars,NA,105423,CapFormBusinessNonResidentialStructures,NA
2007-01-01,Canada,Seasonally adjusted at annual rates,Chained (2017) dollars,NA,104286,CapFormBusinessNonResidentialStructures,NA
2007-04-01,Canada,Seasonally adjusted at annual rates,Chained (2017) dollars,NA,104060,CapFormBusinessNonResidentialStructures,NA
2007-07-01,Canada,Seasonally adjusted at annual rates,Chained (2017) dollars,NA,104458,CapFormBusinessNonResidentialStructures,NA
2007-10-01,Canada,Seasonally adjusted at annual rates,Chained (2017) dollars,NA,104801,CapFormBusinessNonResidentialStructures,NA
2008-01-01,Canada,Seasonally adjusted at annual rates,Chained (2017) dollars,NA,111752,CapFormBusinessNonResidentialStructures,NA
2008-04-01,Canada,Seasonally adjusted at annual rates,Chained (2017) dollars,NA,113406,CapFormBusinessNonResidentialStructures,NA
2008-07-01,Canada,Seasonally adjusted at annual rates,Chained (2017) dollars,NA,114014,CapFormBusinessNonResidentialStructures,NA
2008-10-01,Canada,Seasonally adjusted at annual rates,Chained (2017) dollars,NA,111210,CapFormBusinessNonResidentialStructures,NA
2009-01-01,Canada,Seasonally adjusted at annual rates,Chained (2017) dollars,NA,95783,CapFormBusinessNonResidentialStructures,NA
2009-04-01,Canada,Seasonally adjusted at annual rates,Chained (2017) dollars,NA,89420,CapFormBusinessNonResidentialStructures,NA
2009-07-01,Canada,Seasonally adjusted at annual rates,Chained (2017) dollars,NA,88535,CapFormBusinessNonResidentialStructures,NA
2009-10-01,Canada,Seasonally adjusted at annual rates,Chained (2017) dollars,NA,89396,CapFormBusinessNonResidentialStructures,NA
2010-01-01,Canada,Seasonally adjusted at annual rates,Chained (2017) dollars,NA,97965,CapFormBusinessNonResidentialStructures,NA
2010-04-01,Canada,Seasonally adjusted at annual rates,Chained (2017) dollars,NA,102815,CapFormBusinessNonResidentialStructures,NA
2010-07-01,Canada,Seasonally adjusted at annual rates,Chained (2017) dollars,NA,109196,CapFormBusinessNonResidentialStructures,NA
2010-10-01,Canada,Seasonally adjusted at annual rates,Chained (2017) dollars,NA,116011,CapFormBusinessNonResidentialStructures,NA
2011-01-01,Canada,Seasonally adjusted at annual rates,Chained (2017) dollars,NA,120430,CapFormBusinessNonResidentialStructures,NA
2011-04-01,Canada,Seasonally adjusted at annual rates,Chained (2017) dollars,NA,119519,CapFormBusinessNonResidentialStructures,NA
2011-07-01,Canada,Seasonally adjusted at annual rates,Chained (2017) dollars,NA,124582,CapFormBusinessNonResidentialStructures,NA
2011-10-01,Canada,Seasonally adjusted at annual rates,Chained (2017) dollars,NA,129269,CapFormBusinessNonResidentialStructures,NA
2012-01-01,Canada,Seasonally adjusted at annual rates,Chained (2017) dollars,NA,132738,CapFormBusinessNonResidentialStructures,NA
2012-04-01,Canada,Seasonally adjusted at annual rates,Chained (2017) dollars,NA,138779,CapFormBusinessNonResidentialStructures,NA
2012-07-01,Canada,Seasonally adjusted at annual rates,Chained (2017) dollars,NA,139433,CapFormBusinessNonResidentialStructures,NA
2012-10-01,Canada,Seasonally adjusted at annual rates,Chained (2017) dollars,NA,144039,CapFormBusinessNonResidentialStructures,NA
2013-01-01,Canada,Seasonally adjusted at annual rates,Chained (2017) dollars,NA,147521,CapFormBusinessNonResidentialStructures,NA
2013-04-01,Canada,Seasonally adjusted at annual rates,Chained (2017) dollars,NA,149840,CapFormBusinessNonResidentialStructures,NA
2013-07-01,Canada,Seasonally adjusted at annual rates,Chained (2017) dollars,NA,152898,CapFormBusinessNonResidentialStructures,NA
2013-10-01,Canada,Seasonally adjusted at annual rates,Chained (2017) dollars,NA,154166,CapFormBusinessNonResidentialStructures,NA
2014-01-01,Canada,Seasonally adjusted at annual rates,Chained (2017) dollars,NA,157975,CapFormBusinessNonResidentialStructures,NA
2014-04-01,Canada,Seasonally adjusted at annual rates,Chained (2017) dollars,NA,159168,CapFormBusinessNonResidentialStructures,NA
2014-07-01,Canada,Seasonally adjusted at annual rates,Chained (2017) dollars,NA,161099,CapFormBusinessNonResidentialStructures,NA
2014-10-01,Canada,Seasonally adjusted at annual rates,Chained (2017) dollars,NA,164091,CapFormBusinessNonResidentialStructures,NA
2015-01-01,Canada,Seasonally adjusted at annual rates,Chained (2017) dollars,NA,147893,CapFormBusinessNonResidentialStructures,NA
2015-04-01,Canada,Seasonally adjusted at annual rates,Chained (2017) dollars,NA,140939,CapFormBusinessNonResidentialStructures,NA
2015-07-01,Canada,Seasonally adjusted at annual rates,Chained (2017) dollars,NA,134402,CapFormBusinessNonResidentialStructures,NA
2015-10-01,Canada,Seasonally adjusted at annual rates,Chained (2017) dollars,NA,129278,CapFormBusinessNonResidentialStructures,NA
2016-01-01,Canada,Seasonally adjusted at annual rates,Chained (2017) dollars,NA,123738,CapFormBusinessNonResidentialStructures,NA
2016-04-01,Canada,Seasonally adjusted at annual rates,Chained (2017) dollars,NA,118996,CapFormBusinessNonResidentialStructures,NA
2016-07-01,Canada,Seasonally adjusted at annual rates,Chained (2017) dollars,NA,126647,CapFormBusinessNonResidentialStructures,NA
2016-10-01,Canada,Seasonally adjusted at annual rates,Chained (2017) dollars,NA,117920,CapFormBusinessNonResidentialStructures,NA
2017-01-01,Canada,Seasonally adjusted at annual rates,Chained (2017) dollars,NA,117870,CapFormBusinessNonResidentialStructures,NA
2017-04-01,Canada,Seasonally adjusted at annual rates,Chained (2017) dollars,NA,119282,CapFormBusinessNonResidentialStructures,NA
2017-07-01,Canada,Seasonally adjusted at annual rates,Chained (2017) dollars,NA,121104,CapFormBusinessNonResidentialStructures,NA
2017-10-01,Canada,Seasonally adjusted at annual rates,Chained (2017) dollars,NA,122925,CapFormBusinessNonResidentialStructures,NA
2018-01-01,Canada,Seasonally adjusted at annual rates,Chained (2017) dollars,NA,121801,CapFormBusinessNonResidentialStructures,NA
2018-04-01,Canada,Seasonally adjusted at annual rates,Chained (2017) dollars,NA,122049,CapFormBusinessNonResidentialStructures,NA
2018-07-01,Canada,Seasonally adjusted at annual rates,Chained (2017) dollars,NA,121128,CapFormBusinessNonResidentialStructures,NA
2018-10-01,Canada,Seasonally adjusted at annual rates,Chained (2017) dollars,NA,119964,CapFormBusinessNonResidentialStructures,NA
2019-01-01,Canada,Seasonally adjusted at annual rates,Chained (2017) dollars,NA,122070,CapFormBusinessNonResidentialStructures,NA
2019-04-01,Canada,Seasonally adjusted at annual rates,Chained (2017) dollars,NA,122505,CapFormBusinessNonResidentialStructures,NA
2019-07-01,Canada,Seasonally adjusted at annual rates,Chained (2017) dollars,NA,126228,CapFormBusinessNonResidentialStructures,NA
2019-10-01,Canada,Seasonally adjusted at annual rates,Chained (2017) dollars,NA,128008,CapFormBusinessNonResidentialStructures,NA
2020-01-01,Canada,Seasonally adjusted at annual rates,Chained (2017) dollars,NA,127310,CapFormBusinessNonResidentialStructures,NA
2020-04-01,Canada,Seasonally adjusted at annual rates,Chained (2017) dollars,NA,107704,CapFormBusinessNonResidentialStructures,NA
2020-07-01,Canada,Seasonally adjusted at annual rates,Chained (2017) dollars,NA,105937,CapFormBusinessNonResidentialStructures,NA
2020-10-01,Canada,Seasonally adjusted at annual rates,Chained (2017) dollars,NA,105024,CapFormBusinessNonResidentialStructures,NA
2021-01-01,Canada,Seasonally adjusted at annual rates,Chained (2017) dollars,NA,110298,CapFormBusinessNonResidentialStructures,NA
2021-04-01,Canada,Seasonally adjusted at annual rates,Chained (2017) dollars,NA,114315,CapFormBusinessNonResidentialStructures,NA
2021-07-01,Canada,Seasonally adjusted at annual rates,Chained (2017) dollars,NA,116220,CapFormBusinessNonResidentialStructures,NA
2021-10-01,Canada,Seasonally adjusted at annual rates,Chained (2017) dollars,NA,119306,CapFormBusinessNonResidentialStructures,NA
2022-01-01,Canada,Seasonally adjusted at annual rates,Chained (2017) dollars,NA,121398,CapFormBusinessNonResidentialStructures,NA
2022-04-01,Canada,Seasonally adjusted at annual rates,Chained (2017) dollars,NA,124545,CapFormBusinessNonResidentialStructures,NA
2022-07-01,Canada,Seasonally adjusted at annual rates,Chained (2017) dollars,NA,126689,CapFormBusinessNonResidentialStructures,NA
2022-10-01,Canada,Seasonally adjusted at annual rates,Chained (2017) dollars,NA,130168,CapFormBusinessNonResidentialStructures,NA
2023-01-01,Canada,Seasonally adjusted at annual rates,Chained (2017) dollars,NA,132316,CapFormBusinessNonResidentialStructures,NA
2023-04-01,Canada,Seasonally adjusted at annual rates,Chained (2017) dollars,NA,136845,CapFormBusinessNonResidentialStructures,NA
2023-07-01,Canada,Seasonally adjusted at annual rates,Chained (2017) dollars,NA,133011,CapFormBusinessNonResidentialStructures,NA
2023-10-01,Canada,Seasonally adjusted at annual rates,Chained (2017) dollars,NA,127379,CapFormBusinessNonResidentialStructures,NA
2024-01-01,Canada,Seasonally adjusted at annual rates,Chained (2017) dollars,NA,128080,CapFormBusinessNonResidentialStructures,NA
2024-04-01,Canada,Seasonally adjusted at annual rates,Chained (2017) dollars,NA,131005,CapFormBusinessNonResidentialStructures,NA
2024-07-01,Canada,Seasonally adjusted at annual rates,Chained (2017) dollars,NA,130318,CapFormBusinessNonResidentialStructures,NA
2024-10-01,Canada,Seasonally adjusted at annual rates,Chained (2017) dollars,NA,131308,CapFormBusinessNonResidentialStructures,NA
2025-01-01,Canada,Seasonally adjusted at annual rates,Chained (2017) dollars,NA,130464,CapFormBusinessNonResidentialStructures,NA
2025-04-01,Canada,Seasonally adjusted at annual rates,Chained (2017) dollars,NA,133397,CapFormBusinessNonResidentialStructures,NA
2025-07-01,Canada,Seasonally adjusted at annual rates,Chained (2017) dollars,NA,133108,CapFormBusinessNonResidentialStructures,NA
2025-10-01,Canada,Seasonally adjusted at annual rates,Chained (2017) dollars,NA,132032,CapFormBusinessNonResidentialStructures,NA
1961-01-01,Canada,Seasonally adjusted at annual rates,Chained (2017) dollars,NA,NA,CapFormBusinessMachineryandEquipment,NA
1961-04-01,Canada,Seasonally adjusted at annual rates,Chained (2017) dollars,NA,NA,CapFormBusinessMachineryandEquipment,NA
1961-07-01,Canada,Seasonally adjusted at annual rates,Chained (2017) dollars,NA,NA,CapFormBusinessMachineryandEquipment,NA
1961-10-01,Canada,Seasonally adjusted at annual rates,Chained (2017) dollars,NA,NA,CapFormBusinessMachineryandEquipment,NA
1962-01-01,Canada,Seasonally adjusted at annual rates,Chained (2017) dollars,NA,NA,CapFormBusinessMachineryandEquipment,NA
1962-04-01,Canada,Seasonally adjusted at annual rates,Chained (2017) dollars,NA,NA,CapFormBusinessMachineryandEquipment,NA
1962-07-01,Canada,Seasonally adjusted at annual rates,Chained (2017) dollars,NA,NA,CapFormBusinessMachineryandEquipment,NA
1962-10-01,Canada,Seasonally adjusted at annual rates,Chained (2017) dollars,NA,NA,CapFormBusinessMachineryandEquipment,NA
1963-01-01,Canada,Seasonally adjusted at annual rates,Chained (2017) dollars,NA,NA,CapFormBusinessMachineryandEquipment,NA
1963-04-01,Canada,Seasonally adjusted at annual rates,Chained (2017) dollars,NA,NA,CapFormBusinessMachineryandEquipment,NA
1963-07-01,Canada,Seasonally adjusted at annual rates,Chained (2017) dollars,NA,NA,CapFormBusinessMachineryandEquipment,NA
1963-10-01,Canada,Seasonally adjusted at annual rates,Chained (2017) dollars,NA,NA,CapFormBusinessMachineryandEquipment,NA
1964-01-01,Canada,Seasonally adjusted at annual rates,Chained (2017) dollars,NA,NA,CapFormBusinessMachineryandEquipment,NA
1964-04-01,Canada,Seasonally adjusted at annual rates,Chained (2017) dollars,NA,NA,CapFormBusinessMachineryandEquipment,NA
1964-07-01,Canada,Seasonally adjusted at annual rates,Chained (2017) dollars,NA,NA,CapFormBusinessMachineryandEquipment,NA
1964-10-01,Canada,Seasonally adjusted at annual rates,Chained (2017) dollars,NA,NA,CapFormBusinessMachineryandEquipment,NA
1965-01-01,Canada,Seasonally adjusted at annual rates,Chained (2017) dollars,NA,NA,CapFormBusinessMachineryandEquipment,NA
1965-04-01,Canada,Seasonally adjusted at annual rates,Chained (2017) dollars,NA,NA,CapFormBusinessMachineryandEquipment,NA
1965-07-01,Canada,Seasonally adjusted at annual rates,Chained (2017) dollars,NA,NA,CapFormBusinessMachineryandEquipment,NA
1965-10-01,Canada,Seasonally adjusted at annual rates,Chained (2017) dollars,NA,NA,CapFormBusinessMachineryandEquipment,NA
1966-01-01,Canada,Seasonally adjusted at annual rates,Chained (2017) dollars,NA,NA,CapFormBusinessMachineryandEquipment,NA
1966-04-01,Canada,Seasonally adjusted at annual rates,Chained (2017) dollars,NA,NA,CapFormBusinessMachineryandEquipment,NA
1966-07-01,Canada,Seasonally adjusted at annual rates,Chained (2017) dollars,NA,NA,CapFormBusinessMachineryandEquipment,NA
1966-10-01,Canada,Seasonally adjusted at annual rates,Chained (2017) dollars,NA,NA,CapFormBusinessMachineryandEquipment,NA
1967-01-01,Canada,Seasonally adjusted at annual rates,Chained (2017) dollars,NA,NA,CapFormBusinessMachineryandEquipment,NA
1967-04-01,Canada,Seasonally adjusted at annual rates,Chained (2017) dollars,NA,NA,CapFormBusinessMachineryandEquipment,NA
1967-07-01,Canada,Seasonally adjusted at annual rates,Chained (2017) dollars,NA,NA,CapFormBusinessMachineryandEquipment,NA
1967-10-01,Canada,Seasonally adjusted at annual rates,Chained (2017) dollars,NA,NA,CapFormBusinessMachineryandEquipment,NA
1968-01-01,Canada,Seasonally adjusted at annual rates,Chained (2017) dollars,NA,NA,CapFormBusinessMachineryandEquipment,NA
1968-04-01,Canada,Seasonally adjusted at annual rates,Chained (2017) dollars,NA,NA,CapFormBusinessMachineryandEquipment,NA
1968-07-01,Canada,Seasonally adjusted at annual rates,Chained (2017) dollars,NA,NA,CapFormBusinessMachineryandEquipment,NA
1968-10-01,Canada,Seasonally adjusted at annual rates,Chained (2017) dollars,NA,NA,CapFormBusinessMachineryandEquipment,NA
1969-01-01,Canada,Seasonally adjusted at annual rates,Chained (2017) dollars,NA,NA,CapFormBusinessMachineryandEquipment,NA
1969-04-01,Canada,Seasonally adjusted at annual rates,Chained (2017) dollars,NA,NA,CapFormBusinessMachineryandEquipment,NA
1969-07-01,Canada,Seasonally adjusted at annual rates,Chained (2017) dollars,NA,NA,CapFormBusinessMachineryandEquipment,NA
1969-10-01,Canada,Seasonally adjusted at annual rates,Chained (2017) dollars,NA,NA,CapFormBusinessMachineryandEquipment,NA
1970-01-01,Canada,Seasonally adjusted at annual rates,Chained (2017) dollars,NA,NA,CapFormBusinessMachineryandEquipment,NA
1970-04-01,Canada,Seasonally adjusted at annual rates,Chained (2017) dollars,NA,NA,CapFormBusinessMachineryandEquipment,NA
1970-07-01,Canada,Seasonally adjusted at annual rates,Chained (2017) dollars,NA,NA,CapFormBusinessMachineryandEquipment,NA
1970-10-01,Canada,Seasonally adjusted at annual rates,Chained (2017) dollars,NA,NA,CapFormBusinessMachineryandEquipment,NA
1971-01-01,Canada,Seasonally adjusted at annual rates,Chained (2017) dollars,NA,NA,CapFormBusinessMachineryandEquipment,NA
1971-04-01,Canada,Seasonally adjusted at annual rates,Chained (2017) dollars,NA,NA,CapFormBusinessMachineryandEquipment,NA
1971-07-01,Canada,Seasonally adjusted at annual rates,Chained (2017) dollars,NA,NA,CapFormBusinessMachineryandEquipment,NA
1971-10-01,Canada,Seasonally adjusted at annual rates,Chained (2017) dollars,NA,NA,CapFormBusinessMachineryandEquipment,NA
1972-01-01,Canada,Seasonally adjusted at annual rates,Chained (2017) dollars,NA,NA,CapFormBusinessMachineryandEquipment,NA
1972-04-01,Canada,Seasonally adjusted at annual rates,Chained (2017) dollars,NA,NA,CapFormBusinessMachineryandEquipment,NA
1972-07-01,Canada,Seasonally adjusted at annual rates,Chained (2017) dollars,NA,NA,CapFormBusinessMachineryandEquipment,NA
1972-10-01,Canada,Seasonally adjusted at annual rates,Chained (2017) dollars,NA,NA,CapFormBusinessMachineryandEquipment,NA
1973-01-01,Canada,Seasonally adjusted at annual rates,Chained (2017) dollars,NA,NA,CapFormBusinessMachineryandEquipment,NA
1973-04-01,Canada,Seasonally adjusted at annual rates,Chained (2017) dollars,NA,NA,CapFormBusinessMachineryandEquipment,NA
1973-07-01,Canada,Seasonally adjusted at annual rates,Chained (2017) dollars,NA,NA,CapFormBusinessMachineryandEquipment,NA
1973-10-01,Canada,Seasonally adjusted at annual rates,Chained (2017) dollars,NA,NA,CapFormBusinessMachineryandEquipment,NA
1974-01-01,Canada,Seasonally adjusted at annual rates,Chained (2017) dollars,NA,NA,CapFormBusinessMachineryandEquipment,NA
1974-04-01,Canada,Seasonally adjusted at annual rates,Chained (2017) dollars,NA,NA,CapFormBusinessMachineryandEquipment,NA
1974-07-01,Canada,Seasonally adjusted at annual rates,Chained (2017) dollars,NA,NA,CapFormBusinessMachineryandEquipment,NA
1974-10-01,Canada,Seasonally adjusted at annual rates,Chained (2017) dollars,NA,NA,CapFormBusinessMachineryandEquipment,NA
1975-01-01,Canada,Seasonally adjusted at annual rates,Chained (2017) dollars,NA,NA,CapFormBusinessMachineryandEquipment,NA
1975-04-01,Canada,Seasonally adjusted at annual rates,Chained (2017) dollars,NA,NA,CapFormBusinessMachineryandEquipment,NA
1975-07-01,Canada,Seasonally adjusted at annual rates,Chained (2017) dollars,NA,NA,CapFormBusinessMachineryandEquipment,NA
1975-10-01,Canada,Seasonally adjusted at annual rates,Chained (2017) dollars,NA,NA,CapFormBusinessMachineryandEquipment,NA
1976-01-01,Canada,Seasonally adjusted at annual rates,Chained (2017) dollars,NA,NA,CapFormBusinessMachineryandEquipment,NA
1976-04-01,Canada,Seasonally adjusted at annual rates,Chained (2017) dollars,NA,NA,CapFormBusinessMachineryandEquipment,NA
1976-07-01,Canada,Seasonally adjusted at annual rates,Chained (2017) dollars,NA,NA,CapFormBusinessMachineryandEquipment,NA
1976-10-01,Canada,Seasonally adjusted at annual rates,Chained (2017) dollars,NA,NA,CapFormBusinessMachineryandEquipment,NA
1977-01-01,Canada,Seasonally adjusted at annual rates,Chained (2017) dollars,NA,NA,CapFormBusinessMachineryandEquipment,NA
1977-04-01,Canada,Seasonally adjusted at annual rates,Chained (2017) dollars,NA,NA,CapFormBusinessMachineryandEquipment,NA
1977-07-01,Canada,Seasonally adjusted at annual rates,Chained (2017) dollars,NA,NA,CapFormBusinessMachineryandEquipment,NA
1977-10-01,Canada,Seasonally adjusted at annual rates,Chained (2017) dollars,NA,NA,CapFormBusinessMachineryandEquipment,NA
1978-01-01,Canada,Seasonally adjusted at annual rates,Chained (2017) dollars,NA,NA,CapFormBusinessMachineryandEquipment,NA
1978-04-01,Canada,Seasonally adjusted at annual rates,Chained (2017) dollars,NA,NA,CapFormBusinessMachineryandEquipment,NA
1978-07-01,Canada,Seasonally adjusted at annual rates,Chained (2017) dollars,NA,NA,CapFormBusinessMachineryandEquipment,NA
1978-10-01,Canada,Seasonally adjusted at annual rates,Chained (2017) dollars,NA,NA,CapFormBusinessMachineryandEquipment,NA
1979-01-01,Canada,Seasonally adjusted at annual rates,Chained (2017) dollars,NA,NA,CapFormBusinessMachineryandEquipment,NA
1979-04-01,Canada,Seasonally adjusted at annual rates,Chained (2017) dollars,NA,NA,CapFormBusinessMachineryandEquipment,NA
1979-07-01,Canada,Seasonally adjusted at annual rates,Chained (2017) dollars,NA,NA,CapFormBusinessMachineryandEquipment,NA
1979-10-01,Canada,Seasonally adjusted at annual rates,Chained (2017) dollars,NA,NA,CapFormBusinessMachineryandEquipment,NA
1980-01-01,Canada,Seasonally adjusted at annual rates,Chained (2017) dollars,NA,NA,CapFormBusinessMachineryandEquipment,NA
1980-04-01,Canada,Seasonally adjusted at annual rates,Chained (2017) dollars,NA,NA,CapFormBusinessMachineryandEquipment,NA
1980-07-01,Canada,Seasonally adjusted at annual rates,Chained (2017) dollars,NA,NA,CapFormBusinessMachineryandEquipment,NA
1980-10-01,Canada,Seasonally adjusted at annual rates,Chained (2017) dollars,NA,NA,CapFormBusinessMachineryandEquipment,NA
1981-01-01,Canada,Seasonally adjusted at annual rates,Chained (2017) dollars,NA,27721,CapFormBusinessMachineryandEquipment,NA
1981-04-01,Canada,Seasonally adjusted at annual rates,Chained (2017) dollars,NA,28599,CapFormBusinessMachineryandEquipment,NA
1981-07-01,Canada,Seasonally adjusted at annual rates,Chained (2017) dollars,NA,27737,CapFormBusinessMachineryandEquipment,NA
1981-10-01,Canada,Seasonally adjusted at annual rates,Chained (2017) dollars,NA,28355,CapFormBusinessMachineryandEquipment,NA
1982-01-01,Canada,Seasonally adjusted at annual rates,Chained (2017) dollars,NA,27672,CapFormBusinessMachineryandEquipment,NA
1982-04-01,Canada,Seasonally adjusted at annual rates,Chained (2017) dollars,NA,24811,CapFormBusinessMachineryandEquipment,NA
1982-07-01,Canada,Seasonally adjusted at annual rates,Chained (2017) dollars,NA,22227,CapFormBusinessMachineryandEquipment,NA
1982-10-01,Canada,Seasonally adjusted at annual rates,Chained (2017) dollars,NA,20805,CapFormBusinessMachineryandEquipment,NA
1983-01-01,Canada,Seasonally adjusted at annual rates,Chained (2017) dollars,NA,19196,CapFormBusinessMachineryandEquipment,NA
1983-04-01,Canada,Seasonally adjusted at annual rates,Chained (2017) dollars,NA,18668,CapFormBusinessMachineryandEquipment,NA
1983-07-01,Canada,Seasonally adjusted at annual rates,Chained (2017) dollars,NA,19001,CapFormBusinessMachineryandEquipment,NA
1983-10-01,Canada,Seasonally adjusted at annual rates,Chained (2017) dollars,NA,18676,CapFormBusinessMachineryandEquipment,NA
1984-01-01,Canada,Seasonally adjusted at annual rates,Chained (2017) dollars,NA,18724,CapFormBusinessMachineryandEquipment,NA
1984-04-01,Canada,Seasonally adjusted at annual rates,Chained (2017) dollars,NA,18180,CapFormBusinessMachineryandEquipment,NA
1984-07-01,Canada,Seasonally adjusted at annual rates,Chained (2017) dollars,NA,17944,CapFormBusinessMachineryandEquipment,NA
1984-10-01,Canada,Seasonally adjusted at annual rates,Chained (2017) dollars,NA,18286,CapFormBusinessMachineryandEquipment,NA
1985-01-01,Canada,Seasonally adjusted at annual rates,Chained (2017) dollars,NA,18879,CapFormBusinessMachineryandEquipment,NA
1985-04-01,Canada,Seasonally adjusted at annual rates,Chained (2017) dollars,NA,19236,CapFormBusinessMachineryandEquipment,NA
1985-07-01,Canada,Seasonally adjusted at annual rates,Chained (2017) dollars,NA,20480,CapFormBusinessMachineryandEquipment,NA
1985-10-01,Canada,Seasonally adjusted at annual rates,Chained (2017) dollars,NA,21041,CapFormBusinessMachineryandEquipment,NA
1986-01-01,Canada,Seasonally adjusted at annual rates,Chained (2017) dollars,NA,22441,CapFormBusinessMachineryandEquipment,NA
1986-04-01,Canada,Seasonally adjusted at annual rates,Chained (2017) dollars,NA,24170,CapFormBusinessMachineryandEquipment,NA
1986-07-01,Canada,Seasonally adjusted at annual rates,Chained (2017) dollars,NA,23892,CapFormBusinessMachineryandEquipment,NA
1986-10-01,Canada,Seasonally adjusted at annual rates,Chained (2017) dollars,NA,23858,CapFormBusinessMachineryandEquipment,NA
1987-01-01,Canada,Seasonally adjusted at annual rates,Chained (2017) dollars,NA,23234,CapFormBusinessMachineryandEquipment,NA
1987-04-01,Canada,Seasonally adjusted at annual rates,Chained (2017) dollars,NA,23594,CapFormBusinessMachineryandEquipment,NA
1987-07-01,Canada,Seasonally adjusted at annual rates,Chained (2017) dollars,NA,24970,CapFormBusinessMachineryandEquipment,NA
1987-10-01,Canada,Seasonally adjusted at annual rates,Chained (2017) dollars,NA,26468,CapFormBusinessMachineryandEquipment,NA
1988-01-01,Canada,Seasonally adjusted at annual rates,Chained (2017) dollars,NA,27824,CapFormBusinessMachineryandEquipment,NA
1988-04-01,Canada,Seasonally adjusted at annual rates,Chained (2017) dollars,NA,27804,CapFormBusinessMachineryandEquipment,NA
1988-07-01,Canada,Seasonally adjusted at annual rates,Chained (2017) dollars,NA,29133,CapFormBusinessMachineryandEquipment,NA
1988-10-01,Canada,Seasonally adjusted at annual rates,Chained (2017) dollars,NA,29343,CapFormBusinessMachineryandEquipment,NA
1989-01-01,Canada,Seasonally adjusted at annual rates,Chained (2017) dollars,NA,30706,CapFormBusinessMachineryandEquipment,NA
1989-04-01,Canada,Seasonally adjusted at annual rates,Chained (2017) dollars,NA,31106,CapFormBusinessMachineryandEquipment,NA
1989-07-01,Canada,Seasonally adjusted at annual rates,Chained (2017) dollars,NA,30570,CapFormBusinessMachineryandEquipment,NA
1989-10-01,Canada,Seasonally adjusted at annual rates,Chained (2017) dollars,NA,31506,CapFormBusinessMachineryandEquipment,NA
1990-01-01,Canada,Seasonally adjusted at annual rates,Chained (2017) dollars,NA,30001,CapFormBusinessMachineryandEquipment,NA
1990-04-01,Canada,Seasonally adjusted at annual rates,Chained (2017) dollars,NA,29797,CapFormBusinessMachineryandEquipment,NA
1990-07-01,Canada,Seasonally adjusted at annual rates,Chained (2017) dollars,NA,28218,CapFormBusinessMachineryandEquipment,NA
1990-10-01,Canada,Seasonally adjusted at annual rates,Chained (2017) dollars,NA,27241,CapFormBusinessMachineryandEquipment,NA
1991-01-01,Canada,Seasonally adjusted at annual rates,Chained (2017) dollars,NA,27099,CapFormBusinessMachineryandEquipment,NA
1991-04-01,Canada,Seasonally adjusted at annual rates,Chained (2017) dollars,NA,26882,CapFormBusinessMachineryandEquipment,NA
1991-07-01,Canada,Seasonally adjusted at annual rates,Chained (2017) dollars,NA,26909,CapFormBusinessMachineryandEquipment,NA
1991-10-01,Canada,Seasonally adjusted at annual rates,Chained (2017) dollars,NA,26923,CapFormBusinessMachineryandEquipment,NA
1992-01-01,Canada,Seasonally adjusted at annual rates,Chained (2017) dollars,NA,24912,CapFormBusinessMachineryandEquipment,NA
1992-04-01,Canada,Seasonally adjusted at annual rates,Chained (2017) dollars,NA,23266,CapFormBusinessMachineryandEquipment,NA
1992-07-01,Canada,Seasonally adjusted at annual rates,Chained (2017) dollars,NA,23240,CapFormBusinessMachineryandEquipment,NA
1992-10-01,Canada,Seasonally adjusted at annual rates,Chained (2017) dollars,NA,21398,CapFormBusinessMachineryandEquipment,NA
1993-01-01,Canada,Seasonally adjusted at annual rates,Chained (2017) dollars,NA,21703,CapFormBusinessMachineryandEquipment,NA
1993-04-01,Canada,Seasonally adjusted at annual rates,Chained (2017) dollars,NA,20501,CapFormBusinessMachineryandEquipment,NA
1993-07-01,Canada,Seasonally adjusted at annual rates,Chained (2017) dollars,NA,21461,CapFormBusinessMachineryandEquipment,NA
1993-10-01,Canada,Seasonally adjusted at annual rates,Chained (2017) dollars,NA,22910,CapFormBusinessMachineryandEquipment,NA
1994-01-01,Canada,Seasonally adjusted at annual rates,Chained (2017) dollars,NA,21671,CapFormBusinessMachineryandEquipment,NA
1994-04-01,Canada,Seasonally adjusted at annual rates,Chained (2017) dollars,NA,22707,CapFormBusinessMachineryandEquipment,NA
1994-07-01,Canada,Seasonally adjusted at annual rates,Chained (2017) dollars,NA,23831,CapFormBusinessMachineryandEquipment,NA
1994-10-01,Canada,Seasonally adjusted at annual rates,Chained (2017) dollars,NA,24715,CapFormBusinessMachineryandEquipment,NA
1995-01-01,Canada,Seasonally adjusted at annual rates,Chained (2017) dollars,NA,25230,CapFormBusinessMachineryandEquipment,NA
1995-04-01,Canada,Seasonally adjusted at annual rates,Chained (2017) dollars,NA,27638,CapFormBusinessMachineryandEquipment,NA
1995-07-01,Canada,Seasonally adjusted at annual rates,Chained (2017) dollars,NA,24785,CapFormBusinessMachineryandEquipment,NA
1995-10-01,Canada,Seasonally adjusted at annual rates,Chained (2017) dollars,NA,24956,CapFormBusinessMachineryandEquipment,NA
1996-01-01,Canada,Seasonally adjusted at annual rates,Chained (2017) dollars,NA,26196,CapFormBusinessMachineryandEquipment,NA
1996-04-01,Canada,Seasonally adjusted at annual rates,Chained (2017) dollars,NA,25846,CapFormBusinessMachineryandEquipment,NA
1996-07-01,Canada,Seasonally adjusted at annual rates,Chained (2017) dollars,NA,27034,CapFormBusinessMachineryandEquipment,NA
1996-10-01,Canada,Seasonally adjusted at annual rates,Chained (2017) dollars,NA,28223,CapFormBusinessMachineryandEquipment,NA
1997-01-01,Canada,Seasonally adjusted at annual rates,Chained (2017) dollars,NA,29836,CapFormBusinessMachineryandEquipment,NA
1997-04-01,Canada,Seasonally adjusted at annual rates,Chained (2017) dollars,NA,30818,CapFormBusinessMachineryandEquipment,NA
1997-07-01,Canada,Seasonally adjusted at annual rates,Chained (2017) dollars,NA,33476,CapFormBusinessMachineryandEquipment,NA
1997-10-01,Canada,Seasonally adjusted at annual rates,Chained (2017) dollars,NA,33257,CapFormBusinessMachineryandEquipment,NA
1998-01-01,Canada,Seasonally adjusted at annual rates,Chained (2017) dollars,NA,33507,CapFormBusinessMachineryandEquipment,NA
1998-04-01,Canada,Seasonally adjusted at annual rates,Chained (2017) dollars,NA,32072,CapFormBusinessMachineryandEquipment,NA
1998-07-01,Canada,Seasonally adjusted at annual rates,Chained (2017) dollars,NA,30678,CapFormBusinessMachineryandEquipment,NA
1998-10-01,Canada,Seasonally adjusted at annual rates,Chained (2017) dollars,NA,30595,CapFormBusinessMachineryandEquipment,NA
1999-01-01,Canada,Seasonally adjusted at annual rates,Chained (2017) dollars,NA,28832,CapFormBusinessMachineryandEquipment,NA
1999-04-01,Canada,Seasonally adjusted at annual rates,Chained (2017) dollars,NA,29758,CapFormBusinessMachineryandEquipment,NA
1999-07-01,Canada,Seasonally adjusted at annual rates,Chained (2017) dollars,NA,30012,CapFormBusinessMachineryandEquipment,NA
1999-10-01,Canada,Seasonally adjusted at annual rates,Chained (2017) dollars,NA,30948,CapFormBusinessMachineryandEquipment,NA
2000-01-01,Canada,Seasonally adjusted at annual rates,Chained (2017) dollars,NA,31307,CapFormBusinessMachineryandEquipment,NA
2000-04-01,Canada,Seasonally adjusted at annual rates,Chained (2017) dollars,NA,31952,CapFormBusinessMachineryandEquipment,NA
2000-07-01,Canada,Seasonally adjusted at annual rates,Chained (2017) dollars,NA,29497,CapFormBusinessMachineryandEquipment,NA
2000-10-01,Canada,Seasonally adjusted at annual rates,Chained (2017) dollars,NA,29872,CapFormBusinessMachineryandEquipment,NA
2001-01-01,Canada,Seasonally adjusted at annual rates,Chained (2017) dollars,NA,30101,CapFormBusinessMachineryandEquipment,NA
2001-04-01,Canada,Seasonally adjusted at annual rates,Chained (2017) dollars,NA,29315,CapFormBusinessMachineryandEquipment,NA
2001-07-01,Canada,Seasonally adjusted at annual rates,Chained (2017) dollars,NA,28509,CapFormBusinessMachineryandEquipment,NA
2001-10-01,Canada,Seasonally adjusted at annual rates,Chained (2017) dollars,NA,26091,CapFormBusinessMachineryandEquipment,NA
2002-01-01,Canada,Seasonally adjusted at annual rates,Chained (2017) dollars,NA,25776,CapFormBusinessMachineryandEquipment,NA
2002-04-01,Canada,Seasonally adjusted at annual rates,Chained (2017) dollars,NA,26991,CapFormBusinessMachineryandEquipment,NA
2002-07-01,Canada,Seasonally adjusted at annual rates,Chained (2017) dollars,NA,26731,CapFormBusinessMachineryandEquipment,NA
2002-10-01,Canada,Seasonally adjusted at annual rates,Chained (2017) dollars,NA,27238,CapFormBusinessMachineryandEquipment,NA
2003-01-01,Canada,Seasonally adjusted at annual rates,Chained (2017) dollars,NA,27772,CapFormBusinessMachineryandEquipment,NA
2003-04-01,Canada,Seasonally adjusted at annual rates,Chained (2017) dollars,NA,30050,CapFormBusinessMachineryandEquipment,NA
2003-07-01,Canada,Seasonally adjusted at annual rates,Chained (2017) dollars,NA,30068,CapFormBusinessMachineryandEquipment,NA
2003-10-01,Canada,Seasonally adjusted at annual rates,Chained (2017) dollars,NA,30579,CapFormBusinessMachineryandEquipment,NA
2004-01-01,Canada,Seasonally adjusted at annual rates,Chained (2017) dollars,NA,31315,CapFormBusinessMachineryandEquipment,NA
2004-04-01,Canada,Seasonally adjusted at annual rates,Chained (2017) dollars,NA,30938,CapFormBusinessMachineryandEquipment,NA
2004-07-01,Canada,Seasonally adjusted at annual rates,Chained (2017) dollars,NA,32180,CapFormBusinessMachineryandEquipment,NA
2004-10-01,Canada,Seasonally adjusted at annual rates,Chained (2017) dollars,NA,33853,CapFormBusinessMachineryandEquipment,NA
2005-01-01,Canada,Seasonally adjusted at annual rates,Chained (2017) dollars,NA,36186,CapFormBusinessMachineryandEquipment,NA
2005-04-01,Canada,Seasonally adjusted at annual rates,Chained (2017) dollars,NA,36571,CapFormBusinessMachineryandEquipment,NA
2005-07-01,Canada,Seasonally adjusted at annual rates,Chained (2017) dollars,NA,38850,CapFormBusinessMachineryandEquipment,NA
2005-10-01,Canada,Seasonally adjusted at annual rates,Chained (2017) dollars,NA,39706,CapFormBusinessMachineryandEquipment,NA
2006-01-01,Canada,Seasonally adjusted at annual rates,Chained (2017) dollars,NA,40747,CapFormBusinessMachineryandEquipment,NA
2006-04-01,Canada,Seasonally adjusted at annual rates,Chained (2017) dollars,NA,40742,CapFormBusinessMachineryandEquipment,NA
2006-07-01,Canada,Seasonally adjusted at annual rates,Chained (2017) dollars,NA,40922,CapFormBusinessMachineryandEquipment,NA
2006-10-01,Canada,Seasonally adjusted at annual rates,Chained (2017) dollars,NA,40478,CapFormBusinessMachineryandEquipment,NA
2007-01-01,Canada,Seasonally adjusted at annual rates,Chained (2017) dollars,NA,40971,CapFormBusinessMachineryandEquipment,NA
2007-04-01,Canada,Seasonally adjusted at annual rates,Chained (2017) dollars,NA,42322,CapFormBusinessMachineryandEquipment,NA
2007-07-01,Canada,Seasonally adjusted at annual rates,Chained (2017) dollars,NA,42838,CapFormBusinessMachineryandEquipment,NA
2007-10-01,Canada,Seasonally adjusted at annual rates,Chained (2017) dollars,NA,45401,CapFormBusinessMachineryandEquipment,NA
2008-01-01,Canada,Seasonally adjusted at annual rates,Chained (2017) dollars,NA,44183,CapFormBusinessMachineryandEquipment,NA
2008-04-01,Canada,Seasonally adjusted at annual rates,Chained (2017) dollars,NA,45497,CapFormBusinessMachineryandEquipment,NA
2008-07-01,Canada,Seasonally adjusted at annual rates,Chained (2017) dollars,NA,44125,CapFormBusinessMachineryandEquipment,NA
2008-10-01,Canada,Seasonally adjusted at annual rates,Chained (2017) dollars,NA,39360,CapFormBusinessMachineryandEquipment,NA
2009-01-01,Canada,Seasonally adjusted at annual rates,Chained (2017) dollars,NA,33761,CapFormBusinessMachineryandEquipment,NA
2009-04-01,Canada,Seasonally adjusted at annual rates,Chained (2017) dollars,NA,32123,CapFormBusinessMachineryandEquipment,NA
2009-07-01,Canada,Seasonally adjusted at annual rates,Chained (2017) dollars,NA,32203,CapFormBusinessMachineryandEquipment,NA
2009-10-01,Canada,Seasonally adjusted at annual rates,Chained (2017) dollars,NA,32772,CapFormBusinessMachineryandEquipment,NA
2010-01-01,Canada,Seasonally adjusted at annual rates,Chained (2017) dollars,NA,33724,CapFormBusinessMachineryandEquipment,NA
2010-04-01,Canada,Seasonally adjusted at annual rates,Chained (2017) dollars,NA,36090,CapFormBusinessMachineryandEquipment,NA
2010-07-01,Canada,Seasonally adjusted at annual rates,Chained (2017) dollars,NA,37345,CapFormBusinessMachineryandEquipment,NA
2010-10-01,Canada,Seasonally adjusted at annual rates,Chained (2017) dollars,NA,37036,CapFormBusinessMachineryandEquipment,NA
2011-01-01,Canada,Seasonally adjusted at annual rates,Chained (2017) dollars,NA,37557,CapFormBusinessMachineryandEquipment,NA
2011-04-01,Canada,Seasonally adjusted at annual rates,Chained (2017) dollars,NA,42338,CapFormBusinessMachineryandEquipment,NA
2011-07-01,Canada,Seasonally adjusted at annual rates,Chained (2017) dollars,NA,38999,CapFormBusinessMachineryandEquipment,NA
2011-10-01,Canada,Seasonally adjusted at annual rates,Chained (2017) dollars,NA,39892,CapFormBusinessMachineryandEquipment,NA
2012-01-01,Canada,Seasonally adjusted at annual rates,Chained (2017) dollars,NA,39655,CapFormBusinessMachineryandEquipment,NA
2012-04-01,Canada,Seasonally adjusted at annual rates,Chained (2017) dollars,NA,39305,CapFormBusinessMachineryandEquipment,NA
2012-07-01,Canada,Seasonally adjusted at annual rates,Chained (2017) dollars,NA,39565,CapFormBusinessMachineryandEquipment,NA
2012-10-01,Canada,Seasonally adjusted at annual rates,Chained (2017) dollars,NA,38346,CapFormBusinessMachineryandEquipment,NA
2013-01-01,Canada,Seasonally adjusted at annual rates,Chained (2017) dollars,NA,37932,CapFormBusinessMachineryandEquipment,NA
2013-04-01,Canada,Seasonally adjusted at annual rates,Chained (2017) dollars,NA,37857,CapFormBusinessMachineryandEquipment,NA
2013-07-01,Canada,Seasonally adjusted at annual rates,Chained (2017) dollars,NA,37428,CapFormBusinessMachineryandEquipment,NA
2013-10-01,Canada,Seasonally adjusted at annual rates,Chained (2017) dollars,NA,37468,CapFormBusinessMachineryandEquipment,NA
2014-01-01,Canada,Seasonally adjusted at annual rates,Chained (2017) dollars,NA,37882,CapFormBusinessMachineryandEquipment,NA
2014-04-01,Canada,Seasonally adjusted at annual rates,Chained (2017) dollars,NA,36439,CapFormBusinessMachineryandEquipment,NA
2014-07-01,Canada,Seasonally adjusted at annual rates,Chained (2017) dollars,NA,38307,CapFormBusinessMachineryandEquipment,NA
2014-10-01,Canada,Seasonally adjusted at annual rates,Chained (2017) dollars,NA,39135,CapFormBusinessMachineryandEquipment,NA
2015-01-01,Canada,Seasonally adjusted at annual rates,Chained (2017) dollars,NA,36329,CapFormBusinessMachineryandEquipment,NA
2015-04-01,Canada,Seasonally adjusted at annual rates,Chained (2017) dollars,NA,33578,CapFormBusinessMachineryandEquipment,NA
2015-07-01,Canada,Seasonally adjusted at annual rates,Chained (2017) dollars,NA,32903,CapFormBusinessMachineryandEquipment,NA
2015-10-01,Canada,Seasonally adjusted at annual rates,Chained (2017) dollars,NA,34147,CapFormBusinessMachineryandEquipment,NA
2016-01-01,Canada,Seasonally adjusted at annual rates,Chained (2017) dollars,NA,29133,CapFormBusinessMachineryandEquipment,NA
2016-04-01,Canada,Seasonally adjusted at annual rates,Chained (2017) dollars,NA,27695,CapFormBusinessMachineryandEquipment,NA
2016-07-01,Canada,Seasonally adjusted at annual rates,Chained (2017) dollars,NA,25198,CapFormBusinessMachineryandEquipment,NA
2016-10-01,Canada,Seasonally adjusted at annual rates,Chained (2017) dollars,NA,23690,CapFormBusinessMachineryandEquipment,NA
2017-01-01,Canada,Seasonally adjusted at annual rates,Chained (2017) dollars,NA,24876,CapFormBusinessMachineryandEquipment,NA
2017-04-01,Canada,Seasonally adjusted at annual rates,Chained (2017) dollars,NA,25360,CapFormBusinessMachineryandEquipment,NA
2017-07-01,Canada,Seasonally adjusted at annual rates,Chained (2017) dollars,NA,26632,CapFormBusinessMachineryandEquipment,NA
2017-10-01,Canada,Seasonally adjusted at annual rates,Chained (2017) dollars,NA,27460,CapFormBusinessMachineryandEquipment,NA
2018-01-01,Canada,Seasonally adjusted at annual rates,Chained (2017) dollars,NA,27000,CapFormBusinessMachineryandEquipment,NA
2018-04-01,Canada,Seasonally adjusted at annual rates,Chained (2017) dollars,NA,28092,CapFormBusinessMachineryandEquipment,NA
2018-07-01,Canada,Seasonally adjusted at annual rates,Chained (2017) dollars,NA,28640,CapFormBusinessMachineryandEquipment,NA
2018-10-01,Canada,Seasonally adjusted at annual rates,Chained (2017) dollars,NA,28264,CapFormBusinessMachineryandEquipment,NA
2019-01-01,Canada,Seasonally adjusted at annual rates,Chained (2017) dollars,NA,28124,CapFormBusinessMachineryandEquipment,NA
2019-04-01,Canada,Seasonally adjusted at annual rates,Chained (2017) dollars,NA,27592,CapFormBusinessMachineryandEquipment,NA
2019-07-01,Canada,Seasonally adjusted at annual rates,Chained (2017) dollars,NA,27344,CapFormBusinessMachineryandEquipment,NA
2019-10-01,Canada,Seasonally adjusted at annual rates,Chained (2017) dollars,NA,26472,CapFormBusinessMachineryandEquipment,NA
2020-01-01,Canada,Seasonally adjusted at annual rates,Chained (2017) dollars,NA,23800,CapFormBusinessMachineryandEquipment,NA
2020-04-01,Canada,Seasonally adjusted at annual rates,Chained (2017) dollars,NA,21424,CapFormBusinessMachineryandEquipment,NA
2020-07-01,Canada,Seasonally adjusted at annual rates,Chained (2017) dollars,NA,22644,CapFormBusinessMachineryandEquipment,NA
2020-10-01,Canada,Seasonally adjusted at annual rates,Chained (2017) dollars,NA,26316,CapFormBusinessMachineryandEquipment,NA
2021-01-01,Canada,Seasonally adjusted at annual rates,Chained (2017) dollars,NA,27144,CapFormBusinessMachineryandEquipment,NA
2021-04-01,Canada,Seasonally adjusted at annual rates,Chained (2017) dollars,NA,29240,CapFormBusinessMachineryandEquipment,NA
2021-07-01,Canada,Seasonally adjusted at annual rates,Chained (2017) dollars,NA,28596,CapFormBusinessMachineryandEquipment,NA
2021-10-01,Canada,Seasonally adjusted at annual rates,Chained (2017) dollars,NA,28400,CapFormBusinessMachineryandEquipment,NA
2022-01-01,Canada,Seasonally adjusted at annual rates,Chained (2017) dollars,NA,28816,CapFormBusinessMachineryandEquipment,NA
2022-04-01,Canada,Seasonally adjusted at annual rates,Chained (2017) dollars,NA,26860,CapFormBusinessMachineryandEquipment,NA
2022-07-01,Canada,Seasonally adjusted at annual rates,Chained (2017) dollars,NA,26708,CapFormBusinessMachineryandEquipment,NA
2022-10-01,Canada,Seasonally adjusted at annual rates,Chained (2017) dollars,NA,24440,CapFormBusinessMachineryandEquipment,NA
2023-01-01,Canada,Seasonally adjusted at annual rates,Chained (2017) dollars,NA,25876,CapFormBusinessMachineryandEquipment,NA
2023-04-01,Canada,Seasonally adjusted at annual rates,Chained (2017) dollars,NA,25124,CapFormBusinessMachineryandEquipment,NA
2023-07-01,Canada,Seasonally adjusted at annual rates,Chained (2017) dollars,NA,24068,CapFormBusinessMachineryandEquipment,NA
2023-10-01,Canada,Seasonally adjusted at annual rates,Chained (2017) dollars,NA,24252,CapFormBusinessMachineryandEquipment,NA
2024-01-01,Canada,Seasonally adjusted at annual rates,Chained (2017) dollars,NA,25340,CapFormBusinessMachineryandEquipment,NA
2024-04-01,Canada,Seasonally adjusted at annual rates,Chained (2017) dollars,NA,24520,CapFormBusinessMachineryandEquipment,NA
2024-07-01,Canada,Seasonally adjusted at annual rates,Chained (2017) dollars,NA,23956,CapFormBusinessMachineryandEquipment,NA
2024-10-01,Canada,Seasonally adjusted at annual rates,Chained (2017) dollars,NA,24892,CapFormBusinessMachineryandEquipment,NA
2025-01-01,Canada,Seasonally adjusted at annual rates,Chained (2017) dollars,NA,24692,CapFormBusinessMachineryandEquipment,NA
2025-04-01,Canada,Seasonally adjusted at annual rates,Chained (2017) dollars,NA,21532,CapFormBusinessMachineryandEquipment,NA
2025-07-01,Canada,Seasonally adjusted at annual rates,Chained (2017) dollars,NA,20928,CapFormBusinessMachineryandEquipment,NA
2025-10-01,Canada,Seasonally adjusted at annual rates,Chained (2017) dollars,NA,21116,CapFormBusinessMachineryandEquipment,NA
1961-01-01,Canada,Seasonally adjusted at annual rates,Chained (2017) dollars,NA,1624,CapFormBusinessIntellectualProperty,NA
1961-04-01,Canada,Seasonally adjusted at annual rates,Chained (2017) dollars,NA,1648,CapFormBusinessIntellectualProperty,NA
1961-07-01,Canada,Seasonally adjusted at annual rates,Chained (2017) dollars,NA,1638,CapFormBusinessIntellectualProperty,NA
1961-10-01,Canada,Seasonally adjusted at annual rates,Chained (2017) dollars,NA,1619,CapFormBusinessIntellectualProperty,NA
1962-01-01,Canada,Seasonally adjusted at annual rates,Chained (2017) dollars,NA,1565,CapFormBusinessIntellectualProperty,NA
1962-04-01,Canada,Seasonally adjusted at annual rates,Chained (2017) dollars,NA,1589,CapFormBusinessIntellectualProperty,NA
1962-07-01,Canada,Seasonally adjusted at annual rates,Chained (2017) dollars,NA,1638,CapFormBusinessIntellectualProperty,NA
1962-10-01,Canada,Seasonally adjusted at annual rates,Chained (2017) dollars,NA,1634,CapFormBusinessIntellectualProperty,NA
1963-01-01,Canada,Seasonally adjusted at annual rates,Chained (2017) dollars,NA,1595,CapFormBusinessIntellectualProperty,NA
1963-04-01,Canada,Seasonally adjusted at annual rates,Chained (2017) dollars,NA,1648,CapFormBusinessIntellectualProperty,NA
1963-07-01,Canada,Seasonally adjusted at annual rates,Chained (2017) dollars,NA,1672,CapFormBusinessIntellectualProperty,NA
1963-10-01,Canada,Seasonally adjusted at annual rates,Chained (2017) dollars,NA,1745,CapFormBusinessIntellectualProperty,NA
1964-01-01,Canada,Seasonally adjusted at annual rates,Chained (2017) dollars,NA,1819,CapFormBusinessIntellectualProperty,NA
1964-04-01,Canada,Seasonally adjusted at annual rates,Chained (2017) dollars,NA,1838,CapFormBusinessIntellectualProperty,NA
1964-07-01,Canada,Seasonally adjusted at annual rates,Chained (2017) dollars,NA,1955,CapFormBusinessIntellectualProperty,NA
1964-10-01,Canada,Seasonally adjusted at annual rates,Chained (2017) dollars,NA,2042,CapFormBusinessIntellectualProperty,NA
1965-01-01,Canada,Seasonally adjusted at annual rates,Chained (2017) dollars,NA,2058,CapFormBusinessIntellectualProperty,NA
1965-04-01,Canada,Seasonally adjusted at annual rates,Chained (2017) dollars,NA,2165,CapFormBusinessIntellectualProperty,NA
1965-07-01,Canada,Seasonally adjusted at annual rates,Chained (2017) dollars,NA,2262,CapFormBusinessIntellectualProperty,NA
1965-10-01,Canada,Seasonally adjusted at annual rates,Chained (2017) dollars,NA,2301,CapFormBusinessIntellectualProperty,NA
1966-01-01,Canada,Seasonally adjusted at annual rates,Chained (2017) dollars,NA,2317,CapFormBusinessIntellectualProperty,NA
1966-04-01,Canada,Seasonally adjusted at annual rates,Chained (2017) dollars,NA,2395,CapFormBusinessIntellectualProperty,NA
1966-07-01,Canada,Seasonally adjusted at annual rates,Chained (2017) dollars,NA,2488,CapFormBusinessIntellectualProperty,NA
1966-10-01,Canada,Seasonally adjusted at annual rates,Chained (2017) dollars,NA,2542,CapFormBusinessIntellectualProperty,NA
1967-01-01,Canada,Seasonally adjusted at annual rates,Chained (2017) dollars,NA,2488,CapFormBusinessIntellectualProperty,NA
1967-04-01,Canada,Seasonally adjusted at annual rates,Chained (2017) dollars,NA,2591,CapFormBusinessIntellectualProperty,NA
1967-07-01,Canada,Seasonally adjusted at annual rates,Chained (2017) dollars,NA,2664,CapFormBusinessIntellectualProperty,NA
1967-10-01,Canada,Seasonally adjusted at annual rates,Chained (2017) dollars,NA,2747,CapFormBusinessIntellectualProperty,NA
1968-01-01,Canada,Seasonally adjusted at annual rates,Chained (2017) dollars,NA,2776,CapFormBusinessIntellectualProperty,NA
1968-04-01,Canada,Seasonally adjusted at annual rates,Chained (2017) dollars,NA,2772,CapFormBusinessIntellectualProperty,NA
1968-07-01,Canada,Seasonally adjusted at annual rates,Chained (2017) dollars,NA,2806,CapFormBusinessIntellectualProperty,NA
1968-10-01,Canada,Seasonally adjusted at annual rates,Chained (2017) dollars,NA,2792,CapFormBusinessIntellectualProperty,NA
1969-01-01,Canada,Seasonally adjusted at annual rates,Chained (2017) dollars,NA,2733,CapFormBusinessIntellectualProperty,NA
1969-04-01,Canada,Seasonally adjusted at annual rates,Chained (2017) dollars,NA,2792,CapFormBusinessIntellectualProperty,NA
1969-07-01,Canada,Seasonally adjusted at annual rates,Chained (2017) dollars,NA,2973,CapFormBusinessIntellectualProperty,NA
1969-10-01,Canada,Seasonally adjusted at annual rates,Chained (2017) dollars,NA,3119,CapFormBusinessIntellectualProperty,NA
1970-01-01,Canada,Seasonally adjusted at annual rates,Chained (2017) dollars,NA,3202,CapFormBusinessIntellectualProperty,NA
1970-04-01,Canada,Seasonally adjusted at annual rates,Chained (2017) dollars,NA,3315,CapFormBusinessIntellectualProperty,NA
1970-07-01,Canada,Seasonally adjusted at annual rates,Chained (2017) dollars,NA,3349,CapFormBusinessIntellectualProperty,NA
1970-10-01,Canada,Seasonally adjusted at annual rates,Chained (2017) dollars,NA,3226,CapFormBusinessIntellectualProperty,NA
1971-01-01,Canada,Seasonally adjusted at annual rates,Chained (2017) dollars,NA,3017,CapFormBusinessIntellectualProperty,NA
1971-04-01,Canada,Seasonally adjusted at annual rates,Chained (2017) dollars,NA,2943,CapFormBusinessIntellectualProperty,NA
1971-07-01,Canada,Seasonally adjusted at annual rates,Chained (2017) dollars,NA,2919,CapFormBusinessIntellectualProperty,NA
1971-10-01,Canada,Seasonally adjusted at annual rates,Chained (2017) dollars,NA,2935,CapFormBusinessIntellectualProperty,NA
1972-01-01,Canada,Seasonally adjusted at annual rates,Chained (2017) dollars,NA,2935,CapFormBusinessIntellectualProperty,NA
1972-04-01,Canada,Seasonally adjusted at annual rates,Chained (2017) dollars,NA,3008,CapFormBusinessIntellectualProperty,NA
1972-07-01,Canada,Seasonally adjusted at annual rates,Chained (2017) dollars,NA,3115,CapFormBusinessIntellectualProperty,NA
1972-10-01,Canada,Seasonally adjusted at annual rates,Chained (2017) dollars,NA,3129,CapFormBusinessIntellectualProperty,NA
1973-01-01,Canada,Seasonally adjusted at annual rates,Chained (2017) dollars,NA,3070,CapFormBusinessIntellectualProperty,NA
1973-04-01,Canada,Seasonally adjusted at annual rates,Chained (2017) dollars,NA,3080,CapFormBusinessIntellectualProperty,NA
1973-07-01,Canada,Seasonally adjusted at annual rates,Chained (2017) dollars,NA,3119,CapFormBusinessIntellectualProperty,NA
1973-10-01,Canada,Seasonally adjusted at annual rates,Chained (2017) dollars,NA,3119,CapFormBusinessIntellectualProperty,NA
1974-01-01,Canada,Seasonally adjusted at annual rates,Chained (2017) dollars,NA,3036,CapFormBusinessIntellectualProperty,NA
1974-04-01,Canada,Seasonally adjusted at annual rates,Chained (2017) dollars,NA,3095,CapFormBusinessIntellectualProperty,NA
1974-07-01,Canada,Seasonally adjusted at annual rates,Chained (2017) dollars,NA,3178,CapFormBusinessIntellectualProperty,NA
1974-10-01,Canada,Seasonally adjusted at annual rates,Chained (2017) dollars,NA,3271,CapFormBusinessIntellectualProperty,NA
1975-01-01,Canada,Seasonally adjusted at annual rates,Chained (2017) dollars,NA,3310,CapFormBusinessIntellectualProperty,NA
1975-04-01,Canada,Seasonally adjusted at annual rates,Chained (2017) dollars,NA,3409,CapFormBusinessIntellectualProperty,NA
1975-07-01,Canada,Seasonally adjusted at annual rates,Chained (2017) dollars,NA,3477,CapFormBusinessIntellectualProperty,NA
1975-10-01,Canada,Seasonally adjusted at annual rates,Chained (2017) dollars,NA,3483,CapFormBusinessIntellectualProperty,NA
1976-01-01,Canada,Seasonally adjusted at annual rates,Chained (2017) dollars,NA,4075,CapFormBusinessIntellectualProperty,NA
1976-04-01,Canada,Seasonally adjusted at annual rates,Chained (2017) dollars,NA,4124,CapFormBusinessIntellectualProperty,NA
1976-07-01,Canada,Seasonally adjusted at annual rates,Chained (2017) dollars,NA,4295,CapFormBusinessIntellectualProperty,NA
1976-10-01,Canada,Seasonally adjusted at annual rates,Chained (2017) dollars,NA,4467,CapFormBusinessIntellectualProperty,NA
1977-01-01,Canada,Seasonally adjusted at annual rates,Chained (2017) dollars,NA,4491,CapFormBusinessIntellectualProperty,NA
1977-04-01,Canada,Seasonally adjusted at annual rates,Chained (2017) dollars,NA,4682,CapFormBusinessIntellectualProperty,NA
1977-07-01,Canada,Seasonally adjusted at annual rates,Chained (2017) dollars,NA,4873,CapFormBusinessIntellectualProperty,NA
1977-10-01,Canada,Seasonally adjusted at annual rates,Chained (2017) dollars,NA,5015,CapFormBusinessIntellectualProperty,NA
1978-01-01,Canada,Seasonally adjusted at annual rates,Chained (2017) dollars,NA,4917,CapFormBusinessIntellectualProperty,NA
1978-04-01,Canada,Seasonally adjusted at annual rates,Chained (2017) dollars,NA,5073,CapFormBusinessIntellectualProperty,NA
1978-07-01,Canada,Seasonally adjusted at annual rates,Chained (2017) dollars,NA,5254,CapFormBusinessIntellectualProperty,NA
1978-10-01,Canada,Seasonally adjusted at annual rates,Chained (2017) dollars,NA,5420,CapFormBusinessIntellectualProperty,NA
1979-01-01,Canada,Seasonally adjusted at annual rates,Chained (2017) dollars,NA,5434,CapFormBusinessIntellectualProperty,NA
1979-04-01,Canada,Seasonally adjusted at annual rates,Chained (2017) dollars,NA,5723,CapFormBusinessIntellectualProperty,NA
1979-07-01,Canada,Seasonally adjusted at annual rates,Chained (2017) dollars,NA,6080,CapFormBusinessIntellectualProperty,NA
1979-10-01,Canada,Seasonally adjusted at annual rates,Chained (2017) dollars,NA,6408,CapFormBusinessIntellectualProperty,NA
1980-01-01,Canada,Seasonally adjusted at annual rates,Chained (2017) dollars,NA,6618,CapFormBusinessIntellectualProperty,NA
1980-04-01,Canada,Seasonally adjusted at annual rates,Chained (2017) dollars,NA,6946,CapFormBusinessIntellectualProperty,NA
1980-07-01,Canada,Seasonally adjusted at annual rates,Chained (2017) dollars,NA,7337,CapFormBusinessIntellectualProperty,NA
1980-10-01,Canada,Seasonally adjusted at annual rates,Chained (2017) dollars,NA,7572,CapFormBusinessIntellectualProperty,NA
1981-01-01,Canada,Seasonally adjusted at annual rates,Chained (2017) dollars,NA,7562,CapFormBusinessIntellectualProperty,NA
1981-04-01,Canada,Seasonally adjusted at annual rates,Chained (2017) dollars,NA,7811,CapFormBusinessIntellectualProperty,NA
1981-07-01,Canada,Seasonally adjusted at annual rates,Chained (2017) dollars,NA,8000,CapFormBusinessIntellectualProperty,NA
1981-10-01,Canada,Seasonally adjusted at annual rates,Chained (2017) dollars,NA,8124,CapFormBusinessIntellectualProperty,NA
1982-01-01,Canada,Seasonally adjusted at annual rates,Chained (2017) dollars,NA,8051,CapFormBusinessIntellectualProperty,NA
1982-04-01,Canada,Seasonally adjusted at annual rates,Chained (2017) dollars,NA,7796,CapFormBusinessIntellectualProperty,NA
1982-07-01,Canada,Seasonally adjusted at annual rates,Chained (2017) dollars,NA,7401,CapFormBusinessIntellectualProperty,NA
1982-10-01,Canada,Seasonally adjusted at annual rates,Chained (2017) dollars,NA,7436,CapFormBusinessIntellectualProperty,NA
1983-01-01,Canada,Seasonally adjusted at annual rates,Chained (2017) dollars,NA,7392,CapFormBusinessIntellectualProperty,NA
1983-04-01,Canada,Seasonally adjusted at annual rates,Chained (2017) dollars,NA,7477,CapFormBusinessIntellectualProperty,NA
1983-07-01,Canada,Seasonally adjusted at annual rates,Chained (2017) dollars,NA,7742,CapFormBusinessIntellectualProperty,NA
1983-10-01,Canada,Seasonally adjusted at annual rates,Chained (2017) dollars,NA,8195,CapFormBusinessIntellectualProperty,NA
1984-01-01,Canada,Seasonally adjusted at annual rates,Chained (2017) dollars,NA,8530,CapFormBusinessIntellectualProperty,NA
1984-04-01,Canada,Seasonally adjusted at annual rates,Chained (2017) dollars,NA,8775,CapFormBusinessIntellectualProperty,NA
1984-07-01,Canada,Seasonally adjusted at annual rates,Chained (2017) dollars,NA,8938,CapFormBusinessIntellectualProperty,NA
1984-10-01,Canada,Seasonally adjusted at annual rates,Chained (2017) dollars,NA,8796,CapFormBusinessIntellectualProperty,NA
1985-01-01,Canada,Seasonally adjusted at annual rates,Chained (2017) dollars,NA,9158,CapFormBusinessIntellectualProperty,NA
1985-04-01,Canada,Seasonally adjusted at annual rates,Chained (2017) dollars,NA,9625,CapFormBusinessIntellectualProperty,NA
1985-07-01,Canada,Seasonally adjusted at annual rates,Chained (2017) dollars,NA,9819,CapFormBusinessIntellectualProperty,NA
1985-10-01,Canada,Seasonally adjusted at annual rates,Chained (2017) dollars,NA,9749,CapFormBusinessIntellectualProperty,NA
1986-01-01,Canada,Seasonally adjusted at annual rates,Chained (2017) dollars,NA,10186,CapFormBusinessIntellectualProperty,NA
1986-04-01,Canada,Seasonally adjusted at annual rates,Chained (2017) dollars,NA,9933,CapFormBusinessIntellectualProperty,NA
1986-07-01,Canada,Seasonally adjusted at annual rates,Chained (2017) dollars,NA,9718,CapFormBusinessIntellectualProperty,NA
1986-10-01,Canada,Seasonally adjusted at annual rates,Chained (2017) dollars,NA,10000,CapFormBusinessIntellectualProperty,NA
1987-01-01,Canada,Seasonally adjusted at annual rates,Chained (2017) dollars,NA,9969,CapFormBusinessIntellectualProperty,NA
1987-04-01,Canada,Seasonally adjusted at annual rates,Chained (2017) dollars,NA,10336,CapFormBusinessIntellectualProperty,NA
1987-07-01,Canada,Seasonally adjusted at annual rates,Chained (2017) dollars,NA,10830,CapFormBusinessIntellectualProperty,NA
1987-10-01,Canada,Seasonally adjusted at annual rates,Chained (2017) dollars,NA,10962,CapFormBusinessIntellectualProperty,NA
1988-01-01,Canada,Seasonally adjusted at annual rates,Chained (2017) dollars,NA,11282,CapFormBusinessIntellectualProperty,NA
1988-04-01,Canada,Seasonally adjusted at annual rates,Chained (2017) dollars,NA,11781,CapFormBusinessIntellectualProperty,NA
1988-07-01,Canada,Seasonally adjusted at annual rates,Chained (2017) dollars,NA,12200,CapFormBusinessIntellectualProperty,NA
1988-10-01,Canada,Seasonally adjusted at annual rates,Chained (2017) dollars,NA,12247,CapFormBusinessIntellectualProperty,NA
1989-01-01,Canada,Seasonally adjusted at annual rates,Chained (2017) dollars,NA,12152,CapFormBusinessIntellectualProperty,NA
1989-04-01,Canada,Seasonally adjusted at annual rates,Chained (2017) dollars,NA,11961,CapFormBusinessIntellectualProperty,NA
1989-07-01,Canada,Seasonally adjusted at annual rates,Chained (2017) dollars,NA,11821,CapFormBusinessIntellectualProperty,NA
1989-10-01,Canada,Seasonally adjusted at annual rates,Chained (2017) dollars,NA,12176,CapFormBusinessIntellectualProperty,NA
1990-01-01,Canada,Seasonally adjusted at annual rates,Chained (2017) dollars,NA,12572,CapFormBusinessIntellectualProperty,NA
1990-04-01,Canada,Seasonally adjusted at annual rates,Chained (2017) dollars,NA,12850,CapFormBusinessIntellectualProperty,NA
1990-07-01,Canada,Seasonally adjusted at annual rates,Chained (2017) dollars,NA,13614,CapFormBusinessIntellectualProperty,NA
1990-10-01,Canada,Seasonally adjusted at annual rates,Chained (2017) dollars,NA,13522,CapFormBusinessIntellectualProperty,NA
1991-01-01,Canada,Seasonally adjusted at annual rates,Chained (2017) dollars,NA,14147,CapFormBusinessIntellectualProperty,NA
1991-04-01,Canada,Seasonally adjusted at annual rates,Chained (2017) dollars,NA,13164,CapFormBusinessIntellectualProperty,NA
1991-07-01,Canada,Seasonally adjusted at annual rates,Chained (2017) dollars,NA,12899,CapFormBusinessIntellectualProperty,NA
1991-10-01,Canada,Seasonally adjusted at annual rates,Chained (2017) dollars,NA,12904,CapFormBusinessIntellectualProperty,NA
1992-01-01,Canada,Seasonally adjusted at annual rates,Chained (2017) dollars,NA,12795,CapFormBusinessIntellectualProperty,NA
1992-04-01,Canada,Seasonally adjusted at annual rates,Chained (2017) dollars,NA,12867,CapFormBusinessIntellectualProperty,NA
1992-07-01,Canada,Seasonally adjusted at annual rates,Chained (2017) dollars,NA,13374,CapFormBusinessIntellectualProperty,NA
1992-10-01,Canada,Seasonally adjusted at annual rates,Chained (2017) dollars,NA,13764,CapFormBusinessIntellectualProperty,NA
1993-01-01,Canada,Seasonally adjusted at annual rates,Chained (2017) dollars,NA,14893,CapFormBusinessIntellectualProperty,NA
1993-04-01,Canada,Seasonally adjusted at annual rates,Chained (2017) dollars,NA,16091,CapFormBusinessIntellectualProperty,NA
1993-07-01,Canada,Seasonally adjusted at annual rates,Chained (2017) dollars,NA,16739,CapFormBusinessIntellectualProperty,NA
1993-10-01,Canada,Seasonally adjusted at annual rates,Chained (2017) dollars,NA,18127,CapFormBusinessIntellectualProperty,NA
1994-01-01,Canada,Seasonally adjusted at annual rates,Chained (2017) dollars,NA,18925,CapFormBusinessIntellectualProperty,NA
1994-04-01,Canada,Seasonally adjusted at annual rates,Chained (2017) dollars,NA,20122,CapFormBusinessIntellectualProperty,NA
1994-07-01,Canada,Seasonally adjusted at annual rates,Chained (2017) dollars,NA,20716,CapFormBusinessIntellectualProperty,NA
1994-10-01,Canada,Seasonally adjusted at annual rates,Chained (2017) dollars,NA,20903,CapFormBusinessIntellectualProperty,NA
1995-01-01,Canada,Seasonally adjusted at annual rates,Chained (2017) dollars,NA,20890,CapFormBusinessIntellectualProperty,NA
1995-04-01,Canada,Seasonally adjusted at annual rates,Chained (2017) dollars,NA,20380,CapFormBusinessIntellectualProperty,NA
1995-07-01,Canada,Seasonally adjusted at annual rates,Chained (2017) dollars,NA,20817,CapFormBusinessIntellectualProperty,NA
1995-10-01,Canada,Seasonally adjusted at annual rates,Chained (2017) dollars,NA,21361,CapFormBusinessIntellectualProperty,NA
1996-01-01,Canada,Seasonally adjusted at annual rates,Chained (2017) dollars,NA,22805,CapFormBusinessIntellectualProperty,NA
1996-04-01,Canada,Seasonally adjusted at annual rates,Chained (2017) dollars,NA,22325,CapFormBusinessIntellectualProperty,NA
1996-07-01,Canada,Seasonally adjusted at annual rates,Chained (2017) dollars,NA,22683,CapFormBusinessIntellectualProperty,NA
1996-10-01,Canada,Seasonally adjusted at annual rates,Chained (2017) dollars,NA,23010,CapFormBusinessIntellectualProperty,NA
1997-01-01,Canada,Seasonally adjusted at annual rates,Chained (2017) dollars,NA,23086,CapFormBusinessIntellectualProperty,NA
1997-04-01,Canada,Seasonally adjusted at annual rates,Chained (2017) dollars,NA,23350,CapFormBusinessIntellectualProperty,NA
1997-07-01,Canada,Seasonally adjusted at annual rates,Chained (2017) dollars,NA,23919,CapFormBusinessIntellectualProperty,NA
1997-10-01,Canada,Seasonally adjusted at annual rates,Chained (2017) dollars,NA,24777,CapFormBusinessIntellectualProperty,NA
1998-01-01,Canada,Seasonally adjusted at annual rates,Chained (2017) dollars,NA,26180,CapFormBusinessIntellectualProperty,NA
1998-04-01,Canada,Seasonally adjusted at annual rates,Chained (2017) dollars,NA,27136,CapFormBusinessIntellectualProperty,NA
1998-07-01,Canada,Seasonally adjusted at annual rates,Chained (2017) dollars,NA,27827,CapFormBusinessIntellectualProperty,NA
1998-10-01,Canada,Seasonally adjusted at annual rates,Chained (2017) dollars,NA,28573,CapFormBusinessIntellectualProperty,NA
1999-01-01,Canada,Seasonally adjusted at annual rates,Chained (2017) dollars,NA,26901,CapFormBusinessIntellectualProperty,NA
1999-04-01,Canada,Seasonally adjusted at annual rates,Chained (2017) dollars,NA,26662,CapFormBusinessIntellectualProperty,NA
1999-07-01,Canada,Seasonally adjusted at annual rates,Chained (2017) dollars,NA,27225,CapFormBusinessIntellectualProperty,NA
1999-10-01,Canada,Seasonally adjusted at annual rates,Chained (2017) dollars,NA,28021,CapFormBusinessIntellectualProperty,NA
2000-01-01,Canada,Seasonally adjusted at annual rates,Chained (2017) dollars,NA,29171,CapFormBusinessIntellectualProperty,NA
2000-04-01,Canada,Seasonally adjusted at annual rates,Chained (2017) dollars,NA,31531,CapFormBusinessIntellectualProperty,NA
2000-07-01,Canada,Seasonally adjusted at annual rates,Chained (2017) dollars,NA,32856,CapFormBusinessIntellectualProperty,NA
2000-10-01,Canada,Seasonally adjusted at annual rates,Chained (2017) dollars,NA,34475,CapFormBusinessIntellectualProperty,NA
2001-01-01,Canada,Seasonally adjusted at annual rates,Chained (2017) dollars,NA,36650,CapFormBusinessIntellectualProperty,NA
2001-04-01,Canada,Seasonally adjusted at annual rates,Chained (2017) dollars,NA,36807,CapFormBusinessIntellectualProperty,NA
2001-07-01,Canada,Seasonally adjusted at annual rates,Chained (2017) dollars,NA,35154,CapFormBusinessIntellectualProperty,NA
2001-10-01,Canada,Seasonally adjusted at annual rates,Chained (2017) dollars,NA,33283,CapFormBusinessIntellectualProperty,NA
2002-01-01,Canada,Seasonally adjusted at annual rates,Chained (2017) dollars,NA,32653,CapFormBusinessIntellectualProperty,NA
2002-04-01,Canada,Seasonally adjusted at annual rates,Chained (2017) dollars,NA,32382,CapFormBusinessIntellectualProperty,NA
2002-07-01,Canada,Seasonally adjusted at annual rates,Chained (2017) dollars,NA,32803,CapFormBusinessIntellectualProperty,NA
2002-10-01,Canada,Seasonally adjusted at annual rates,Chained (2017) dollars,NA,33580,CapFormBusinessIntellectualProperty,NA
2003-01-01,Canada,Seasonally adjusted at annual rates,Chained (2017) dollars,NA,34572,CapFormBusinessIntellectualProperty,NA
2003-04-01,Canada,Seasonally adjusted at annual rates,Chained (2017) dollars,NA,34647,CapFormBusinessIntellectualProperty,NA
2003-07-01,Canada,Seasonally adjusted at annual rates,Chained (2017) dollars,NA,34940,CapFormBusinessIntellectualProperty,NA
2003-10-01,Canada,Seasonally adjusted at annual rates,Chained (2017) dollars,NA,35297,CapFormBusinessIntellectualProperty,NA
2004-01-01,Canada,Seasonally adjusted at annual rates,Chained (2017) dollars,NA,36441,CapFormBusinessIntellectualProperty,NA
2004-04-01,Canada,Seasonally adjusted at annual rates,Chained (2017) dollars,NA,37235,CapFormBusinessIntellectualProperty,NA
2004-07-01,Canada,Seasonally adjusted at annual rates,Chained (2017) dollars,NA,38250,CapFormBusinessIntellectualProperty,NA
2004-10-01,Canada,Seasonally adjusted at annual rates,Chained (2017) dollars,NA,38646,CapFormBusinessIntellectualProperty,NA
2005-01-01,Canada,Seasonally adjusted at annual rates,Chained (2017) dollars,NA,39922,CapFormBusinessIntellectualProperty,NA
2005-04-01,Canada,Seasonally adjusted at annual rates,Chained (2017) dollars,NA,41116,CapFormBusinessIntellectualProperty,NA
2005-07-01,Canada,Seasonally adjusted at annual rates,Chained (2017) dollars,NA,42627,CapFormBusinessIntellectualProperty,NA
2005-10-01,Canada,Seasonally adjusted at annual rates,Chained (2017) dollars,NA,43053,CapFormBusinessIntellectualProperty,NA
2006-01-01,Canada,Seasonally adjusted at annual rates,Chained (2017) dollars,NA,41953,CapFormBusinessIntellectualProperty,NA
2006-04-01,Canada,Seasonally adjusted at annual rates,Chained (2017) dollars,NA,41613,CapFormBusinessIntellectualProperty,NA
2006-07-01,Canada,Seasonally adjusted at annual rates,Chained (2017) dollars,NA,41821,CapFormBusinessIntellectualProperty,NA
2006-10-01,Canada,Seasonally adjusted at annual rates,Chained (2017) dollars,NA,41976,CapFormBusinessIntellectualProperty,NA
2007-01-01,Canada,Seasonally adjusted at annual rates,Chained (2017) dollars,NA,41807,CapFormBusinessIntellectualProperty,NA
2007-04-01,Canada,Seasonally adjusted at annual rates,Chained (2017) dollars,NA,42115,CapFormBusinessIntellectualProperty,NA
2007-07-01,Canada,Seasonally adjusted at annual rates,Chained (2017) dollars,NA,42676,CapFormBusinessIntellectualProperty,NA
2007-10-01,Canada,Seasonally adjusted at annual rates,Chained (2017) dollars,NA,43689,CapFormBusinessIntellectualProperty,NA
2008-01-01,Canada,Seasonally adjusted at annual rates,Chained (2017) dollars,NA,45003,CapFormBusinessIntellectualProperty,NA
2008-04-01,Canada,Seasonally adjusted at annual rates,Chained (2017) dollars,NA,44980,CapFormBusinessIntellectualProperty,NA
2008-07-01,Canada,Seasonally adjusted at annual rates,Chained (2017) dollars,NA,44250,CapFormBusinessIntellectualProperty,NA
2008-10-01,Canada,Seasonally adjusted at annual rates,Chained (2017) dollars,NA,41856,CapFormBusinessIntellectualProperty,NA
2009-01-01,Canada,Seasonally adjusted at annual rates,Chained (2017) dollars,NA,36798,CapFormBusinessIntellectualProperty,NA
2009-04-01,Canada,Seasonally adjusted at annual rates,Chained (2017) dollars,NA,35685,CapFormBusinessIntellectualProperty,NA
2009-07-01,Canada,Seasonally adjusted at annual rates,Chained (2017) dollars,NA,35805,CapFormBusinessIntellectualProperty,NA
2009-10-01,Canada,Seasonally adjusted at annual rates,Chained (2017) dollars,NA,36647,CapFormBusinessIntellectualProperty,NA
2010-01-01,Canada,Seasonally adjusted at annual rates,Chained (2017) dollars,NA,38387,CapFormBusinessIntellectualProperty,NA
2010-04-01,Canada,Seasonally adjusted at annual rates,Chained (2017) dollars,NA,39960,CapFormBusinessIntellectualProperty,NA
2010-07-01,Canada,Seasonally adjusted at annual rates,Chained (2017) dollars,NA,40795,CapFormBusinessIntellectualProperty,NA
2010-10-01,Canada,Seasonally adjusted at annual rates,Chained (2017) dollars,NA,40846,CapFormBusinessIntellectualProperty,NA
2011-01-01,Canada,Seasonally adjusted at annual rates,Chained (2017) dollars,NA,39952,CapFormBusinessIntellectualProperty,NA
2011-04-01,Canada,Seasonally adjusted at annual rates,Chained (2017) dollars,NA,42218,CapFormBusinessIntellectualProperty,NA
2011-07-01,Canada,Seasonally adjusted at annual rates,Chained (2017) dollars,NA,43487,CapFormBusinessIntellectualProperty,NA
2011-10-01,Canada,Seasonally adjusted at annual rates,Chained (2017) dollars,NA,43515,CapFormBusinessIntellectualProperty,NA
2012-01-01,Canada,Seasonally adjusted at annual rates,Chained (2017) dollars,NA,43703,CapFormBusinessIntellectualProperty,NA
2012-04-01,Canada,Seasonally adjusted at annual rates,Chained (2017) dollars,NA,41680,CapFormBusinessIntellectualProperty,NA
2012-07-01,Canada,Seasonally adjusted at annual rates,Chained (2017) dollars,NA,42157,CapFormBusinessIntellectualProperty,NA
2012-10-01,Canada,Seasonally adjusted at annual rates,Chained (2017) dollars,NA,41751,CapFormBusinessIntellectualProperty,NA
2013-01-01,Canada,Seasonally adjusted at annual rates,Chained (2017) dollars,NA,42417,CapFormBusinessIntellectualProperty,NA
2013-04-01,Canada,Seasonally adjusted at annual rates,Chained (2017) dollars,NA,41412,CapFormBusinessIntellectualProperty,NA
2013-07-01,Canada,Seasonally adjusted at annual rates,Chained (2017) dollars,NA,41695,CapFormBusinessIntellectualProperty,NA
2013-10-01,Canada,Seasonally adjusted at annual rates,Chained (2017) dollars,NA,41752,CapFormBusinessIntellectualProperty,NA
2014-01-01,Canada,Seasonally adjusted at annual rates,Chained (2017) dollars,NA,42447,CapFormBusinessIntellectualProperty,NA
2014-04-01,Canada,Seasonally adjusted at annual rates,Chained (2017) dollars,NA,41815,CapFormBusinessIntellectualProperty,NA
2014-07-01,Canada,Seasonally adjusted at annual rates,Chained (2017) dollars,NA,41571,CapFormBusinessIntellectualProperty,NA
2014-10-01,Canada,Seasonally adjusted at annual rates,Chained (2017) dollars,NA,42831,CapFormBusinessIntellectualProperty,NA
2015-01-01,Canada,Seasonally adjusted at annual rates,Chained (2017) dollars,NA,39440,CapFormBusinessIntellectualProperty,NA
2015-04-01,Canada,Seasonally adjusted at annual rates,Chained (2017) dollars,NA,37031,CapFormBusinessIntellectualProperty,NA
2015-07-01,Canada,Seasonally adjusted at annual rates,Chained (2017) dollars,NA,36224,CapFormBusinessIntellectualProperty,NA
2015-10-01,Canada,Seasonally adjusted at annual rates,Chained (2017) dollars,NA,36605,CapFormBusinessIntellectualProperty,NA
2016-01-01,Canada,Seasonally adjusted at annual rates,Chained (2017) dollars,NA,36869,CapFormBusinessIntellectualProperty,NA
2016-04-01,Canada,Seasonally adjusted at annual rates,Chained (2017) dollars,NA,37142,CapFormBusinessIntellectualProperty,NA
2016-07-01,Canada,Seasonally adjusted at annual rates,Chained (2017) dollars,NA,36464,CapFormBusinessIntellectualProperty,NA
2016-10-01,Canada,Seasonally adjusted at annual rates,Chained (2017) dollars,NA,36233,CapFormBusinessIntellectualProperty,NA
2017-01-01,Canada,Seasonally adjusted at annual rates,Chained (2017) dollars,NA,39153,CapFormBusinessIntellectualProperty,NA
2017-04-01,Canada,Seasonally adjusted at annual rates,Chained (2017) dollars,NA,40081,CapFormBusinessIntellectualProperty,NA
2017-07-01,Canada,Seasonally adjusted at annual rates,Chained (2017) dollars,NA,40926,CapFormBusinessIntellectualProperty,NA
2017-10-01,Canada,Seasonally adjusted at annual rates,Chained (2017) dollars,NA,39588,CapFormBusinessIntellectualProperty,NA
2018-01-01,Canada,Seasonally adjusted at annual rates,Chained (2017) dollars,NA,44320,CapFormBusinessIntellectualProperty,NA
2018-04-01,Canada,Seasonally adjusted at annual rates,Chained (2017) dollars,NA,45104,CapFormBusinessIntellectualProperty,NA
2018-07-01,Canada,Seasonally adjusted at annual rates,Chained (2017) dollars,NA,44438,CapFormBusinessIntellectualProperty,NA
2018-10-01,Canada,Seasonally adjusted at annual rates,Chained (2017) dollars,NA,45917,CapFormBusinessIntellectualProperty,NA
2019-01-01,Canada,Seasonally adjusted at annual rates,Chained (2017) dollars,NA,47516,CapFormBusinessIntellectualProperty,NA
2019-04-01,Canada,Seasonally adjusted at annual rates,Chained (2017) dollars,NA,46531,CapFormBusinessIntellectualProperty,NA
2019-07-01,Canada,Seasonally adjusted at annual rates,Chained (2017) dollars,NA,46547,CapFormBusinessIntellectualProperty,NA
2019-10-01,Canada,Seasonally adjusted at annual rates,Chained (2017) dollars,NA,45773,CapFormBusinessIntellectualProperty,NA
2020-01-01,Canada,Seasonally adjusted at annual rates,Chained (2017) dollars,NA,47373,CapFormBusinessIntellectualProperty,NA
2020-04-01,Canada,Seasonally adjusted at annual rates,Chained (2017) dollars,NA,44160,CapFormBusinessIntellectualProperty,NA
2020-07-01,Canada,Seasonally adjusted at annual rates,Chained (2017) dollars,NA,46387,CapFormBusinessIntellectualProperty,NA
2020-10-01,Canada,Seasonally adjusted at annual rates,Chained (2017) dollars,NA,47690,CapFormBusinessIntellectualProperty,NA
2021-01-01,Canada,Seasonally adjusted at annual rates,Chained (2017) dollars,NA,51697,CapFormBusinessIntellectualProperty,NA
2021-04-01,Canada,Seasonally adjusted at annual rates,Chained (2017) dollars,NA,53258,CapFormBusinessIntellectualProperty,NA
2021-07-01,Canada,Seasonally adjusted at annual rates,Chained (2017) dollars,NA,53371,CapFormBusinessIntellectualProperty,NA
2021-10-01,Canada,Seasonally adjusted at annual rates,Chained (2017) dollars,NA,52755,CapFormBusinessIntellectualProperty,NA
2022-01-01,Canada,Seasonally adjusted at annual rates,Chained (2017) dollars,NA,56162,CapFormBusinessIntellectualProperty,NA
2022-04-01,Canada,Seasonally adjusted at annual rates,Chained (2017) dollars,NA,58339,CapFormBusinessIntellectualProperty,NA
2022-07-01,Canada,Seasonally adjusted at annual rates,Chained (2017) dollars,NA,59094,CapFormBusinessIntellectualProperty,NA
2022-10-01,Canada,Seasonally adjusted at annual rates,Chained (2017) dollars,NA,60319,CapFormBusinessIntellectualProperty,NA
2023-01-01,Canada,Seasonally adjusted at annual rates,Chained (2017) dollars,NA,61140,CapFormBusinessIntellectualProperty,NA
2023-04-01,Canada,Seasonally adjusted at annual rates,Chained (2017) dollars,NA,60397,CapFormBusinessIntellectualProperty,NA
2023-07-01,Canada,Seasonally adjusted at annual rates,Chained (2017) dollars,NA,60581,CapFormBusinessIntellectualProperty,NA
2023-10-01,Canada,Seasonally adjusted at annual rates,Chained (2017) dollars,NA,60365,CapFormBusinessIntellectualProperty,NA
2024-01-01,Canada,Seasonally adjusted at annual rates,Chained (2017) dollars,NA,61209,CapFormBusinessIntellectualProperty,NA
2024-04-01,Canada,Seasonally adjusted at annual rates,Chained (2017) dollars,NA,61740,CapFormBusinessIntellectualProperty,NA
2024-07-01,Canada,Seasonally adjusted at annual rates,Chained (2017) dollars,NA,62413,CapFormBusinessIntellectualProperty,NA
2024-10-01,Canada,Seasonally adjusted at annual rates,Chained (2017) dollars,NA,62495,CapFormBusinessIntellectualProperty,NA
2025-01-01,Canada,Seasonally adjusted at annual rates,Chained (2017) dollars,NA,62331,CapFormBusinessIntellectualProperty,NA
2025-04-01,Canada,Seasonally adjusted at annual rates,Chained (2017) dollars,NA,62109,CapFormBusinessIntellectualProperty,NA
2025-07-01,Canada,Seasonally adjusted at annual rates,Chained (2017) dollars,NA,61697,CapFormBusinessIntellectualProperty,NA
2025-10-01,Canada,Seasonally adjusted at annual rates,Chained (2017) dollars,NA,62432,CapFormBusinessIntellectualProperty,NA
1961-01-01,Canada,Seasonally adjusted at annual rates,Chained (2017) dollars,NA,13915,CapFormEngineeringStructures,NA
1961-04-01,Canada,Seasonally adjusted at annual rates,Chained (2017) dollars,NA,14625,CapFormEngineeringStructures,NA
1961-07-01,Canada,Seasonally adjusted at annual rates,Chained (2017) dollars,NA,15210,CapFormEngineeringStructures,NA
1961-10-01,Canada,Seasonally adjusted at annual rates,Chained (2017) dollars,NA,15461,CapFormEngineeringStructures,NA
1962-01-01,Canada,Seasonally adjusted at annual rates,Chained (2017) dollars,NA,13664,CapFormEngineeringStructures,NA
1962-04-01,Canada,Seasonally adjusted at annual rates,Chained (2017) dollars,NA,13079,CapFormEngineeringStructures,NA
1962-07-01,Canada,Seasonally adjusted at annual rates,Chained (2017) dollars,NA,13162,CapFormEngineeringStructures,NA
1962-10-01,Canada,Seasonally adjusted at annual rates,Chained (2017) dollars,NA,13455,CapFormEngineeringStructures,NA
1963-01-01,Canada,Seasonally adjusted at annual rates,Chained (2017) dollars,NA,14207,CapFormEngineeringStructures,NA
1963-04-01,Canada,Seasonally adjusted at annual rates,Chained (2017) dollars,NA,14541,CapFormEngineeringStructures,NA
1963-07-01,Canada,Seasonally adjusted at annual rates,Chained (2017) dollars,NA,14625,CapFormEngineeringStructures,NA
1963-10-01,Canada,Seasonally adjusted at annual rates,Chained (2017) dollars,NA,15335,CapFormEngineeringStructures,NA
1964-01-01,Canada,Seasonally adjusted at annual rates,Chained (2017) dollars,NA,16255,CapFormEngineeringStructures,NA
1964-04-01,Canada,Seasonally adjusted at annual rates,Chained (2017) dollars,NA,16714,CapFormEngineeringStructures,NA
1964-07-01,Canada,Seasonally adjusted at annual rates,Chained (2017) dollars,NA,17007,CapFormEngineeringStructures,NA
1964-10-01,Canada,Seasonally adjusted at annual rates,Chained (2017) dollars,NA,17550,CapFormEngineeringStructures,NA
1965-01-01,Canada,Seasonally adjusted at annual rates,Chained (2017) dollars,NA,17048,CapFormEngineeringStructures,NA
1965-04-01,Canada,Seasonally adjusted at annual rates,Chained (2017) dollars,NA,17257,CapFormEngineeringStructures,NA
1965-07-01,Canada,Seasonally adjusted at annual rates,Chained (2017) dollars,NA,17675,CapFormEngineeringStructures,NA
1965-10-01,Canada,Seasonally adjusted at annual rates,Chained (2017) dollars,NA,18302,CapFormEngineeringStructures,NA
1966-01-01,Canada,Seasonally adjusted at annual rates,Chained (2017) dollars,NA,19054,CapFormEngineeringStructures,NA
1966-04-01,Canada,Seasonally adjusted at annual rates,Chained (2017) dollars,NA,19806,CapFormEngineeringStructures,NA
1966-07-01,Canada,Seasonally adjusted at annual rates,Chained (2017) dollars,NA,20057,CapFormEngineeringStructures,NA
1966-10-01,Canada,Seasonally adjusted at annual rates,Chained (2017) dollars,NA,20517,CapFormEngineeringStructures,NA
1967-01-01,Canada,Seasonally adjusted at annual rates,Chained (2017) dollars,NA,20308,CapFormEngineeringStructures,NA
1967-04-01,Canada,Seasonally adjusted at annual rates,Chained (2017) dollars,NA,20224,CapFormEngineeringStructures,NA
1967-07-01,Canada,Seasonally adjusted at annual rates,Chained (2017) dollars,NA,20182,CapFormEngineeringStructures,NA
1967-10-01,Canada,Seasonally adjusted at annual rates,Chained (2017) dollars,NA,20433,CapFormEngineeringStructures,NA
1968-01-01,Canada,Seasonally adjusted at annual rates,Chained (2017) dollars,NA,21227,CapFormEngineeringStructures,NA
1968-04-01,Canada,Seasonally adjusted at annual rates,Chained (2017) dollars,NA,21143,CapFormEngineeringStructures,NA
1968-07-01,Canada,Seasonally adjusted at annual rates,Chained (2017) dollars,NA,20976,CapFormEngineeringStructures,NA
1968-10-01,Canada,Seasonally adjusted at annual rates,Chained (2017) dollars,NA,21311,CapFormEngineeringStructures,NA
1969-01-01,Canada,Seasonally adjusted at annual rates,Chained (2017) dollars,NA,20391,CapFormEngineeringStructures,NA
1969-04-01,Canada,Seasonally adjusted at annual rates,Chained (2017) dollars,NA,20266,CapFormEngineeringStructures,NA
1969-07-01,Canada,Seasonally adjusted at annual rates,Chained (2017) dollars,NA,20475,CapFormEngineeringStructures,NA
1969-10-01,Canada,Seasonally adjusted at annual rates,Chained (2017) dollars,NA,21227,CapFormEngineeringStructures,NA
1970-01-01,Canada,Seasonally adjusted at annual rates,Chained (2017) dollars,NA,22606,CapFormEngineeringStructures,NA
1970-04-01,Canada,Seasonally adjusted at annual rates,Chained (2017) dollars,NA,22481,CapFormEngineeringStructures,NA
1970-07-01,Canada,Seasonally adjusted at annual rates,Chained (2017) dollars,NA,23358,CapFormEngineeringStructures,NA
1970-10-01,Canada,Seasonally adjusted at annual rates,Chained (2017) dollars,NA,23985,CapFormEngineeringStructures,NA
1971-01-01,Canada,Seasonally adjusted at annual rates,Chained (2017) dollars,NA,23928,CapFormEngineeringStructures,NA
1971-04-01,Canada,Seasonally adjusted at annual rates,Chained (2017) dollars,NA,25178,CapFormEngineeringStructures,NA
1971-07-01,Canada,Seasonally adjusted at annual rates,Chained (2017) dollars,NA,25777,CapFormEngineeringStructures,NA
1971-10-01,Canada,Seasonally adjusted at annual rates,Chained (2017) dollars,NA,25695,CapFormEngineeringStructures,NA
1972-01-01,Canada,Seasonally adjusted at annual rates,Chained (2017) dollars,NA,24743,CapFormEngineeringStructures,NA
1972-04-01,Canada,Seasonally adjusted at annual rates,Chained (2017) dollars,NA,24444,CapFormEngineeringStructures,NA
1972-07-01,Canada,Seasonally adjusted at annual rates,Chained (2017) dollars,NA,24036,CapFormEngineeringStructures,NA
1972-10-01,Canada,Seasonally adjusted at annual rates,Chained (2017) dollars,NA,23900,CapFormEngineeringStructures,NA
1973-01-01,Canada,Seasonally adjusted at annual rates,Chained (2017) dollars,NA,24580,CapFormEngineeringStructures,NA
1973-04-01,Canada,Seasonally adjusted at annual rates,Chained (2017) dollars,NA,24526,CapFormEngineeringStructures,NA
1973-07-01,Canada,Seasonally adjusted at annual rates,Chained (2017) dollars,NA,25559,CapFormEngineeringStructures,NA
1973-10-01,Canada,Seasonally adjusted at annual rates,Chained (2017) dollars,NA,27027,CapFormEngineeringStructures,NA
1974-01-01,Canada,Seasonally adjusted at annual rates,Chained (2017) dollars,NA,27272,CapFormEngineeringStructures,NA
1974-04-01,Canada,Seasonally adjusted at annual rates,Chained (2017) dollars,NA,25450,CapFormEngineeringStructures,NA
1974-07-01,Canada,Seasonally adjusted at annual rates,Chained (2017) dollars,NA,24607,CapFormEngineeringStructures,NA
1974-10-01,Canada,Seasonally adjusted at annual rates,Chained (2017) dollars,NA,25233,CapFormEngineeringStructures,NA
1975-01-01,Canada,Seasonally adjusted at annual rates,Chained (2017) dollars,NA,26320,CapFormEngineeringStructures,NA
1975-04-01,Canada,Seasonally adjusted at annual rates,Chained (2017) dollars,NA,28659,CapFormEngineeringStructures,NA
1975-07-01,Canada,Seasonally adjusted at annual rates,Chained (2017) dollars,NA,29855,CapFormEngineeringStructures,NA
1975-10-01,Canada,Seasonally adjusted at annual rates,Chained (2017) dollars,NA,31704,CapFormEngineeringStructures,NA
1976-01-01,Canada,Seasonally adjusted at annual rates,Chained (2017) dollars,NA,30209,CapFormEngineeringStructures,NA
1976-04-01,Canada,Seasonally adjusted at annual rates,Chained (2017) dollars,NA,29665,CapFormEngineeringStructures,NA
1976-07-01,Canada,Seasonally adjusted at annual rates,Chained (2017) dollars,NA,29474,CapFormEngineeringStructures,NA
1976-10-01,Canada,Seasonally adjusted at annual rates,Chained (2017) dollars,NA,29746,CapFormEngineeringStructures,NA
1977-01-01,Canada,Seasonally adjusted at annual rates,Chained (2017) dollars,NA,31242,CapFormEngineeringStructures,NA
1977-04-01,Canada,Seasonally adjusted at annual rates,Chained (2017) dollars,NA,33526,CapFormEngineeringStructures,NA
1977-07-01,Canada,Seasonally adjusted at annual rates,Chained (2017) dollars,NA,33091,CapFormEngineeringStructures,NA
1977-10-01,Canada,Seasonally adjusted at annual rates,Chained (2017) dollars,NA,32656,CapFormEngineeringStructures,NA
1978-01-01,Canada,Seasonally adjusted at annual rates,Chained (2017) dollars,NA,32547,CapFormEngineeringStructures,NA
1978-04-01,Canada,Seasonally adjusted at annual rates,Chained (2017) dollars,NA,33988,CapFormEngineeringStructures,NA
1978-07-01,Canada,Seasonally adjusted at annual rates,Chained (2017) dollars,NA,33852,CapFormEngineeringStructures,NA
1978-10-01,Canada,Seasonally adjusted at annual rates,Chained (2017) dollars,NA,34178,CapFormEngineeringStructures,NA
1979-01-01,Canada,Seasonally adjusted at annual rates,Chained (2017) dollars,NA,34124,CapFormEngineeringStructures,NA
1979-04-01,Canada,Seasonally adjusted at annual rates,Chained (2017) dollars,NA,34967,CapFormEngineeringStructures,NA
1979-07-01,Canada,Seasonally adjusted at annual rates,Chained (2017) dollars,NA,37414,CapFormEngineeringStructures,NA
1979-10-01,Canada,Seasonally adjusted at annual rates,Chained (2017) dollars,NA,37251,CapFormEngineeringStructures,NA
1980-01-01,Canada,Seasonally adjusted at annual rates,Chained (2017) dollars,NA,39263,CapFormEngineeringStructures,NA
1980-04-01,Canada,Seasonally adjusted at annual rates,Chained (2017) dollars,NA,39100,CapFormEngineeringStructures,NA
1980-07-01,Canada,Seasonally adjusted at annual rates,Chained (2017) dollars,NA,38910,CapFormEngineeringStructures,NA
1980-10-01,Canada,Seasonally adjusted at annual rates,Chained (2017) dollars,NA,39100,CapFormEngineeringStructures,NA
1981-01-01,Canada,Seasonally adjusted at annual rates,Chained (2017) dollars,NA,42076,CapFormEngineeringStructures,NA
1981-04-01,Canada,Seasonally adjusted at annual rates,Chained (2017) dollars,NA,42264,CapFormEngineeringStructures,NA
1981-07-01,Canada,Seasonally adjusted at annual rates,Chained (2017) dollars,NA,42484,CapFormEngineeringStructures,NA
1981-10-01,Canada,Seasonally adjusted at annual rates,Chained (2017) dollars,NA,43824,CapFormEngineeringStructures,NA
1982-01-01,Canada,Seasonally adjusted at annual rates,Chained (2017) dollars,NA,44661,CapFormEngineeringStructures,NA
1982-04-01,Canada,Seasonally adjusted at annual rates,Chained (2017) dollars,NA,43039,CapFormEngineeringStructures,NA
1982-07-01,Canada,Seasonally adjusted at annual rates,Chained (2017) dollars,NA,40222,CapFormEngineeringStructures,NA
1982-10-01,Canada,Seasonally adjusted at annual rates,Chained (2017) dollars,NA,41856,CapFormEngineeringStructures,NA
1983-01-01,Canada,Seasonally adjusted at annual rates,Chained (2017) dollars,NA,39291,CapFormEngineeringStructures,NA
1983-04-01,Canada,Seasonally adjusted at annual rates,Chained (2017) dollars,NA,37616,CapFormEngineeringStructures,NA
1983-07-01,Canada,Seasonally adjusted at annual rates,Chained (2017) dollars,NA,36757,CapFormEngineeringStructures,NA
1983-10-01,Canada,Seasonally adjusted at annual rates,Chained (2017) dollars,NA,38181,CapFormEngineeringStructures,NA
1984-01-01,Canada,Seasonally adjusted at annual rates,Chained (2017) dollars,NA,37480,CapFormEngineeringStructures,NA
1984-04-01,Canada,Seasonally adjusted at annual rates,Chained (2017) dollars,NA,35888,CapFormEngineeringStructures,NA
1984-07-01,Canada,Seasonally adjusted at annual rates,Chained (2017) dollars,NA,34936,CapFormEngineeringStructures,NA
1984-10-01,Canada,Seasonally adjusted at annual rates,Chained (2017) dollars,NA,31648,CapFormEngineeringStructures,NA
1985-01-01,Canada,Seasonally adjusted at annual rates,Chained (2017) dollars,NA,32350,CapFormEngineeringStructures,NA
1985-04-01,Canada,Seasonally adjusted at annual rates,Chained (2017) dollars,NA,34506,CapFormEngineeringStructures,NA
1985-07-01,Canada,Seasonally adjusted at annual rates,Chained (2017) dollars,NA,34129,CapFormEngineeringStructures,NA
1985-10-01,Canada,Seasonally adjusted at annual rates,Chained (2017) dollars,NA,31962,CapFormEngineeringStructures,NA
1986-01-01,Canada,Seasonally adjusted at annual rates,Chained (2017) dollars,NA,34681,CapFormEngineeringStructures,NA
1986-04-01,Canada,Seasonally adjusted at annual rates,Chained (2017) dollars,NA,29997,CapFormEngineeringStructures,NA
1986-07-01,Canada,Seasonally adjusted at annual rates,Chained (2017) dollars,NA,27319,CapFormEngineeringStructures,NA
1986-10-01,Canada,Seasonally adjusted at annual rates,Chained (2017) dollars,NA,26859,CapFormEngineeringStructures,NA
1987-01-01,Canada,Seasonally adjusted at annual rates,Chained (2017) dollars,NA,26657,CapFormEngineeringStructures,NA
1987-04-01,Canada,Seasonally adjusted at annual rates,Chained (2017) dollars,NA,28332,CapFormEngineeringStructures,NA
1987-07-01,Canada,Seasonally adjusted at annual rates,Chained (2017) dollars,NA,29767,CapFormEngineeringStructures,NA
1987-10-01,Canada,Seasonally adjusted at annual rates,Chained (2017) dollars,NA,29951,CapFormEngineeringStructures,NA
1988-01-01,Canada,Seasonally adjusted at annual rates,Chained (2017) dollars,NA,30466,CapFormEngineeringStructures,NA
1988-04-01,Canada,Seasonally adjusted at annual rates,Chained (2017) dollars,NA,31745,CapFormEngineeringStructures,NA
1988-07-01,Canada,Seasonally adjusted at annual rates,Chained (2017) dollars,NA,32960,CapFormEngineeringStructures,NA
1988-10-01,Canada,Seasonally adjusted at annual rates,Chained (2017) dollars,NA,33190,CapFormEngineeringStructures,NA
1989-01-01,Canada,Seasonally adjusted at annual rates,Chained (2017) dollars,NA,33291,CapFormEngineeringStructures,NA
1989-04-01,Canada,Seasonally adjusted at annual rates,Chained (2017) dollars,NA,32067,CapFormEngineeringStructures,NA
1989-07-01,Canada,Seasonally adjusted at annual rates,Chained (2017) dollars,NA,32840,CapFormEngineeringStructures,NA
1989-10-01,Canada,Seasonally adjusted at annual rates,Chained (2017) dollars,NA,33365,CapFormEngineeringStructures,NA
1990-01-01,Canada,Seasonally adjusted at annual rates,Chained (2017) dollars,NA,33144,CapFormEngineeringStructures,NA
1990-04-01,Canada,Seasonally adjusted at annual rates,Chained (2017) dollars,NA,34055,CapFormEngineeringStructures,NA
1990-07-01,Canada,Seasonally adjusted at annual rates,Chained (2017) dollars,NA,35794,CapFormEngineeringStructures,NA
1990-10-01,Canada,Seasonally adjusted at annual rates,Chained (2017) dollars,NA,36236,CapFormEngineeringStructures,NA
1991-01-01,Canada,Seasonally adjusted at annual rates,Chained (2017) dollars,NA,37588,CapFormEngineeringStructures,NA
1991-04-01,Canada,Seasonally adjusted at annual rates,Chained (2017) dollars,NA,38324,CapFormEngineeringStructures,NA
1991-07-01,Canada,Seasonally adjusted at annual rates,Chained (2017) dollars,NA,38150,CapFormEngineeringStructures,NA
1991-10-01,Canada,Seasonally adjusted at annual rates,Chained (2017) dollars,NA,38637,CapFormEngineeringStructures,NA
1992-01-01,Canada,Seasonally adjusted at annual rates,Chained (2017) dollars,NA,35747,CapFormEngineeringStructures,NA
1992-04-01,Canada,Seasonally adjusted at annual rates,Chained (2017) dollars,NA,32616,CapFormEngineeringStructures,NA
1992-07-01,Canada,Seasonally adjusted at annual rates,Chained (2017) dollars,NA,35230,CapFormEngineeringStructures,NA
1992-10-01,Canada,Seasonally adjusted at annual rates,Chained (2017) dollars,NA,32534,CapFormEngineeringStructures,NA
1993-01-01,Canada,Seasonally adjusted at annual rates,Chained (2017) dollars,NA,33936,CapFormEngineeringStructures,NA
1993-04-01,Canada,Seasonally adjusted at annual rates,Chained (2017) dollars,NA,36796,CapFormEngineeringStructures,NA
1993-07-01,Canada,Seasonally adjusted at annual rates,Chained (2017) dollars,NA,36919,CapFormEngineeringStructures,NA
1993-10-01,Canada,Seasonally adjusted at annual rates,Chained (2017) dollars,NA,38197,CapFormEngineeringStructures,NA
1994-01-01,Canada,Seasonally adjusted at annual rates,Chained (2017) dollars,NA,38345,CapFormEngineeringStructures,NA
1994-04-01,Canada,Seasonally adjusted at annual rates,Chained (2017) dollars,NA,39836,CapFormEngineeringStructures,NA
1994-07-01,Canada,Seasonally adjusted at annual rates,Chained (2017) dollars,NA,41008,CapFormEngineeringStructures,NA
1994-10-01,Canada,Seasonally adjusted at annual rates,Chained (2017) dollars,NA,43155,CapFormEngineeringStructures,NA
1995-01-01,Canada,Seasonally adjusted at annual rates,Chained (2017) dollars,NA,43343,CapFormEngineeringStructures,NA
1995-04-01,Canada,Seasonally adjusted at annual rates,Chained (2017) dollars,NA,41655,CapFormEngineeringStructures,NA
1995-07-01,Canada,Seasonally adjusted at annual rates,Chained (2017) dollars,NA,39328,CapFormEngineeringStructures,NA
1995-10-01,Canada,Seasonally adjusted at annual rates,Chained (2017) dollars,NA,37533,CapFormEngineeringStructures,NA
1996-01-01,Canada,Seasonally adjusted at annual rates,Chained (2017) dollars,NA,36927,CapFormEngineeringStructures,NA
1996-04-01,Canada,Seasonally adjusted at annual rates,Chained (2017) dollars,NA,36763,CapFormEngineeringStructures,NA
1996-07-01,Canada,Seasonally adjusted at annual rates,Chained (2017) dollars,NA,38033,CapFormEngineeringStructures,NA
1996-10-01,Canada,Seasonally adjusted at annual rates,Chained (2017) dollars,NA,41254,CapFormEngineeringStructures,NA
1997-01-01,Canada,Seasonally adjusted at annual rates,Chained (2017) dollars,NA,45950,CapFormEngineeringStructures,NA
1997-04-01,Canada,Seasonally adjusted at annual rates,Chained (2017) dollars,NA,48702,CapFormEngineeringStructures,NA
1997-07-01,Canada,Seasonally adjusted at annual rates,Chained (2017) dollars,NA,50435,CapFormEngineeringStructures,NA
1997-10-01,Canada,Seasonally adjusted at annual rates,Chained (2017) dollars,NA,48218,CapFormEngineeringStructures,NA
1998-01-01,Canada,Seasonally adjusted at annual rates,Chained (2017) dollars,NA,46506,CapFormEngineeringStructures,NA
1998-04-01,Canada,Seasonally adjusted at annual rates,Chained (2017) dollars,NA,45047,CapFormEngineeringStructures,NA
1998-07-01,Canada,Seasonally adjusted at annual rates,Chained (2017) dollars,NA,43538,CapFormEngineeringStructures,NA
1998-10-01,Canada,Seasonally adjusted at annual rates,Chained (2017) dollars,NA,43220,CapFormEngineeringStructures,NA
1999-01-01,Canada,Seasonally adjusted at annual rates,Chained (2017) dollars,NA,43400,CapFormEngineeringStructures,NA
1999-04-01,Canada,Seasonally adjusted at annual rates,Chained (2017) dollars,NA,44072,CapFormEngineeringStructures,NA
1999-07-01,Canada,Seasonally adjusted at annual rates,Chained (2017) dollars,NA,45610,CapFormEngineeringStructures,NA
1999-10-01,Canada,Seasonally adjusted at annual rates,Chained (2017) dollars,NA,48153,CapFormEngineeringStructures,NA
2000-01-01,Canada,Seasonally adjusted at annual rates,Chained (2017) dollars,NA,48875,CapFormEngineeringStructures,NA
2000-04-01,Canada,Seasonally adjusted at annual rates,Chained (2017) dollars,NA,48333,CapFormEngineeringStructures,NA
2000-07-01,Canada,Seasonally adjusted at annual rates,Chained (2017) dollars,NA,47257,CapFormEngineeringStructures,NA
2000-10-01,Canada,Seasonally adjusted at annual rates,Chained (2017) dollars,NA,48196,CapFormEngineeringStructures,NA
2001-01-01,Canada,Seasonally adjusted at annual rates,Chained (2017) dollars,NA,50868,CapFormEngineeringStructures,NA
2001-04-01,Canada,Seasonally adjusted at annual rates,Chained (2017) dollars,NA,51880,CapFormEngineeringStructures,NA
2001-07-01,Canada,Seasonally adjusted at annual rates,Chained (2017) dollars,NA,51988,CapFormEngineeringStructures,NA
2001-10-01,Canada,Seasonally adjusted at annual rates,Chained (2017) dollars,NA,50522,CapFormEngineeringStructures,NA
2002-01-01,Canada,Seasonally adjusted at annual rates,Chained (2017) dollars,NA,47897,CapFormEngineeringStructures,NA
2002-04-01,Canada,Seasonally adjusted at annual rates,Chained (2017) dollars,NA,47241,CapFormEngineeringStructures,NA
2002-07-01,Canada,Seasonally adjusted at annual rates,Chained (2017) dollars,NA,46737,CapFormEngineeringStructures,NA
2002-10-01,Canada,Seasonally adjusted at annual rates,Chained (2017) dollars,NA,46452,CapFormEngineeringStructures,NA
2003-01-01,Canada,Seasonally adjusted at annual rates,Chained (2017) dollars,NA,49343,CapFormEngineeringStructures,NA
2003-04-01,Canada,Seasonally adjusted at annual rates,Chained (2017) dollars,NA,50775,CapFormEngineeringStructures,NA
2003-07-01,Canada,Seasonally adjusted at annual rates,Chained (2017) dollars,NA,51988,CapFormEngineeringStructures,NA
2003-10-01,Canada,Seasonally adjusted at annual rates,Chained (2017) dollars,NA,53857,CapFormEngineeringStructures,NA
2004-01-01,Canada,Seasonally adjusted at annual rates,Chained (2017) dollars,NA,53705,CapFormEngineeringStructures,NA
2004-04-01,Canada,Seasonally adjusted at annual rates,Chained (2017) dollars,NA,54858,CapFormEngineeringStructures,NA
2004-07-01,Canada,Seasonally adjusted at annual rates,Chained (2017) dollars,NA,56768,CapFormEngineeringStructures,NA
2004-10-01,Canada,Seasonally adjusted at annual rates,Chained (2017) dollars,NA,57623,CapFormEngineeringStructures,NA
2005-01-01,Canada,Seasonally adjusted at annual rates,Chained (2017) dollars,NA,61859,CapFormEngineeringStructures,NA
2005-04-01,Canada,Seasonally adjusted at annual rates,Chained (2017) dollars,NA,64126,CapFormEngineeringStructures,NA
2005-07-01,Canada,Seasonally adjusted at annual rates,Chained (2017) dollars,NA,66175,CapFormEngineeringStructures,NA
2005-10-01,Canada,Seasonally adjusted at annual rates,Chained (2017) dollars,NA,67620,CapFormEngineeringStructures,NA
2006-01-01,Canada,Seasonally adjusted at annual rates,Chained (2017) dollars,NA,68243,CapFormEngineeringStructures,NA
2006-04-01,Canada,Seasonally adjusted at annual rates,Chained (2017) dollars,NA,70828,CapFormEngineeringStructures,NA
2006-07-01,Canada,Seasonally adjusted at annual rates,Chained (2017) dollars,NA,73533,CapFormEngineeringStructures,NA
2006-10-01,Canada,Seasonally adjusted at annual rates,Chained (2017) dollars,NA,74972,CapFormEngineeringStructures,NA
2007-01-01,Canada,Seasonally adjusted at annual rates,Chained (2017) dollars,NA,73721,CapFormEngineeringStructures,NA
2007-04-01,Canada,Seasonally adjusted at annual rates,Chained (2017) dollars,NA,73721,CapFormEngineeringStructures,NA
2007-07-01,Canada,Seasonally adjusted at annual rates,Chained (2017) dollars,NA,74203,CapFormEngineeringStructures,NA
2007-10-01,Canada,Seasonally adjusted at annual rates,Chained (2017) dollars,NA,74557,CapFormEngineeringStructures,NA
2008-01-01,Canada,Seasonally adjusted at annual rates,Chained (2017) dollars,NA,80346,CapFormEngineeringStructures,NA
2008-04-01,Canada,Seasonally adjusted at annual rates,Chained (2017) dollars,NA,82501,CapFormEngineeringStructures,NA
2008-07-01,Canada,Seasonally adjusted at annual rates,Chained (2017) dollars,NA,82922,CapFormEngineeringStructures,NA
2008-10-01,Canada,Seasonally adjusted at annual rates,Chained (2017) dollars,NA,78355,CapFormEngineeringStructures,NA
2009-01-01,Canada,Seasonally adjusted at annual rates,Chained (2017) dollars,NA,62621,CapFormEngineeringStructures,NA
2009-04-01,Canada,Seasonally adjusted at annual rates,Chained (2017) dollars,NA,57233,CapFormEngineeringStructures,NA
2009-07-01,Canada,Seasonally adjusted at annual rates,Chained (2017) dollars,NA,58670,CapFormEngineeringStructures,NA
2009-10-01,Canada,Seasonally adjusted at annual rates,Chained (2017) dollars,NA,61631,CapFormEngineeringStructures,NA
2010-01-01,Canada,Seasonally adjusted at annual rates,Chained (2017) dollars,NA,71247,CapFormEngineeringStructures,NA
2010-04-01,Canada,Seasonally adjusted at annual rates,Chained (2017) dollars,NA,76312,CapFormEngineeringStructures,NA
2010-07-01,Canada,Seasonally adjusted at annual rates,Chained (2017) dollars,NA,81628,CapFormEngineeringStructures,NA
2010-10-01,Canada,Seasonally adjusted at annual rates,Chained (2017) dollars,NA,87278,CapFormEngineeringStructures,NA
2011-01-01,Canada,Seasonally adjusted at annual rates,Chained (2017) dollars,NA,91219,CapFormEngineeringStructures,NA
2011-04-01,Canada,Seasonally adjusted at annual rates,Chained (2017) dollars,NA,89916,CapFormEngineeringStructures,NA
2011-07-01,Canada,Seasonally adjusted at annual rates,Chained (2017) dollars,NA,94642,CapFormEngineeringStructures,NA
2011-10-01,Canada,Seasonally adjusted at annual rates,Chained (2017) dollars,NA,98558,CapFormEngineeringStructures,NA
2012-01-01,Canada,Seasonally adjusted at annual rates,Chained (2017) dollars,NA,100778,CapFormEngineeringStructures,NA
2012-04-01,Canada,Seasonally adjusted at annual rates,Chained (2017) dollars,NA,105599,CapFormEngineeringStructures,NA
2012-07-01,Canada,Seasonally adjusted at annual rates,Chained (2017) dollars,NA,105654,CapFormEngineeringStructures,NA
2012-10-01,Canada,Seasonally adjusted at annual rates,Chained (2017) dollars,NA,110248,CapFormEngineeringStructures,NA
2013-01-01,Canada,Seasonally adjusted at annual rates,Chained (2017) dollars,NA,114572,CapFormEngineeringStructures,NA
2013-04-01,Canada,Seasonally adjusted at annual rates,Chained (2017) dollars,NA,118409,CapFormEngineeringStructures,NA
2013-07-01,Canada,Seasonally adjusted at annual rates,Chained (2017) dollars,NA,120830,CapFormEngineeringStructures,NA
2013-10-01,Canada,Seasonally adjusted at annual rates,Chained (2017) dollars,NA,121655,CapFormEngineeringStructures,NA
2014-01-01,Canada,Seasonally adjusted at annual rates,Chained (2017) dollars,NA,125697,CapFormEngineeringStructures,NA
2014-04-01,Canada,Seasonally adjusted at annual rates,Chained (2017) dollars,NA,126138,CapFormEngineeringStructures,NA
2014-07-01,Canada,Seasonally adjusted at annual rates,Chained (2017) dollars,NA,127143,CapFormEngineeringStructures,NA
2014-10-01,Canada,Seasonally adjusted at annual rates,Chained (2017) dollars,NA,129444,CapFormEngineeringStructures,NA
2015-01-01,Canada,Seasonally adjusted at annual rates,Chained (2017) dollars,NA,112900,CapFormEngineeringStructures,NA
2015-04-01,Canada,Seasonally adjusted at annual rates,Chained (2017) dollars,NA,106189,CapFormEngineeringStructures,NA
2015-07-01,Canada,Seasonally adjusted at annual rates,Chained (2017) dollars,NA,100090,CapFormEngineeringStructures,NA
2015-10-01,Canada,Seasonally adjusted at annual rates,Chained (2017) dollars,NA,96108,CapFormEngineeringStructures,NA
2016-01-01,Canada,Seasonally adjusted at annual rates,Chained (2017) dollars,NA,92438,CapFormEngineeringStructures,NA
2016-04-01,Canada,Seasonally adjusted at annual rates,Chained (2017) dollars,NA,88272,CapFormEngineeringStructures,NA
2016-07-01,Canada,Seasonally adjusted at annual rates,Chained (2017) dollars,NA,96698,CapFormEngineeringStructures,NA
2016-10-01,Canada,Seasonally adjusted at annual rates,Chained (2017) dollars,NA,88931,CapFormEngineeringStructures,NA
2017-01-01,Canada,Seasonally adjusted at annual rates,Chained (2017) dollars,NA,90453,CapFormEngineeringStructures,NA
2017-04-01,Canada,Seasonally adjusted at annual rates,Chained (2017) dollars,NA,91509,CapFormEngineeringStructures,NA
2017-07-01,Canada,Seasonally adjusted at annual rates,Chained (2017) dollars,NA,91817,CapFormEngineeringStructures,NA
2017-10-01,Canada,Seasonally adjusted at annual rates,Chained (2017) dollars,NA,92453,CapFormEngineeringStructures,NA
2018-01-01,Canada,Seasonally adjusted at annual rates,Chained (2017) dollars,NA,89432,CapFormEngineeringStructures,NA
2018-04-01,Canada,Seasonally adjusted at annual rates,Chained (2017) dollars,NA,87980,CapFormEngineeringStructures,NA
2018-07-01,Canada,Seasonally adjusted at annual rates,Chained (2017) dollars,NA,85772,CapFormEngineeringStructures,NA
2018-10-01,Canada,Seasonally adjusted at annual rates,Chained (2017) dollars,NA,84636,CapFormEngineeringStructures,NA
2019-01-01,Canada,Seasonally adjusted at annual rates,Chained (2017) dollars,NA,83960,CapFormEngineeringStructures,NA
2019-04-01,Canada,Seasonally adjusted at annual rates,Chained (2017) dollars,NA,83992,CapFormEngineeringStructures,NA
2019-07-01,Canada,Seasonally adjusted at annual rates,Chained (2017) dollars,NA,87676,CapFormEngineeringStructures,NA
2019-10-01,Canada,Seasonally adjusted at annual rates,Chained (2017) dollars,NA,89740,CapFormEngineeringStructures,NA
2020-01-01,Canada,Seasonally adjusted at annual rates,Chained (2017) dollars,NA,90916,CapFormEngineeringStructures,NA
2020-04-01,Canada,Seasonally adjusted at annual rates,Chained (2017) dollars,NA,75412,CapFormEngineeringStructures,NA
2020-07-01,Canada,Seasonally adjusted at annual rates,Chained (2017) dollars,NA,73468,CapFormEngineeringStructures,NA
2020-10-01,Canada,Seasonally adjusted at annual rates,Chained (2017) dollars,NA,74280,CapFormEngineeringStructures,NA
2021-01-01,Canada,Seasonally adjusted at annual rates,Chained (2017) dollars,NA,76548,CapFormEngineeringStructures,NA
2021-04-01,Canada,Seasonally adjusted at annual rates,Chained (2017) dollars,NA,81216,CapFormEngineeringStructures,NA
2021-07-01,Canada,Seasonally adjusted at annual rates,Chained (2017) dollars,NA,84244,CapFormEngineeringStructures,NA
2021-10-01,Canada,Seasonally adjusted at annual rates,Chained (2017) dollars,NA,88068,CapFormEngineeringStructures,NA
2022-01-01,Canada,Seasonally adjusted at annual rates,Chained (2017) dollars,NA,88240,CapFormEngineeringStructures,NA
2022-04-01,Canada,Seasonally adjusted at annual rates,Chained (2017) dollars,NA,91408,CapFormEngineeringStructures,NA
2022-07-01,Canada,Seasonally adjusted at annual rates,Chained (2017) dollars,NA,92924,CapFormEngineeringStructures,NA
2022-10-01,Canada,Seasonally adjusted at annual rates,Chained (2017) dollars,NA,96304,CapFormEngineeringStructures,NA
2023-01-01,Canada,Seasonally adjusted at annual rates,Chained (2017) dollars,NA,99372,CapFormEngineeringStructures,NA
2023-04-01,Canada,Seasonally adjusted at annual rates,Chained (2017) dollars,NA,103988,CapFormEngineeringStructures,NA
2023-07-01,Canada,Seasonally adjusted at annual rates,Chained (2017) dollars,NA,100076,CapFormEngineeringStructures,NA
2023-10-01,Canada,Seasonally adjusted at annual rates,Chained (2017) dollars,NA,94104,CapFormEngineeringStructures,NA
2024-01-01,Canada,Seasonally adjusted at annual rates,Chained (2017) dollars,NA,94600,CapFormEngineeringStructures,NA
2024-04-01,Canada,Seasonally adjusted at annual rates,Chained (2017) dollars,NA,97712,CapFormEngineeringStructures,NA
2024-07-01,Canada,Seasonally adjusted at annual rates,Chained (2017) dollars,NA,96480,CapFormEngineeringStructures,NA
2024-10-01,Canada,Seasonally adjusted at annual rates,Chained (2017) dollars,NA,96764,CapFormEngineeringStructures,NA
2025-01-01,Canada,Seasonally adjusted at annual rates,Chained (2017) dollars,NA,96184,CapFormEngineeringStructures,NA
2025-04-01,Canada,Seasonally adjusted at annual rates,Chained (2017) dollars,NA,100684,CapFormEngineeringStructures,NA
2025-07-01,Canada,Seasonally adjusted at annual rates,Chained (2017) dollars,NA,101004,CapFormEngineeringStructures,NA
2025-10-01,Canada,Seasonally adjusted at annual rates,Chained (2017) dollars,NA,99472,CapFormEngineeringStructures,NA
2017-01-01,Canada,Seasonally adjusted at annual rates,Chained (2017) dollars,NA,704661,Imports,NA
2017-04-01,Canada,Seasonally adjusted at annual rates,Chained (2017) dollars,NA,717598,Imports,NA
2017-07-01,Canada,Seasonally adjusted at annual rates,Chained (2017) dollars,NA,720531,Imports,NA
2017-10-01,Canada,Seasonally adjusted at annual rates,Chained (2017) dollars,NA,738226,Imports,NA
2018-01-01,Canada,Seasonally adjusted at annual rates,Chained (2017) dollars,NA,747515,Imports,NA
2018-04-01,Canada,Seasonally adjusted at annual rates,Chained (2017) dollars,NA,760345,Imports,NA
2018-07-01,Canada,Seasonally adjusted at annual rates,Chained (2017) dollars,NA,741437,Imports,NA
2018-10-01,Canada,Seasonally adjusted at annual rates,Chained (2017) dollars,NA,732492,Imports,NA
2019-01-01,Canada,Seasonally adjusted at annual rates,Chained (2017) dollars,NA,752000,Imports,NA
2019-04-01,Canada,Seasonally adjusted at annual rates,Chained (2017) dollars,NA,748263,Imports,NA
2019-07-01,Canada,Seasonally adjusted at annual rates,Chained (2017) dollars,NA,743779,Imports,NA
2019-10-01,Canada,Seasonally adjusted at annual rates,Chained (2017) dollars,NA,734522,Imports,NA
2020-01-01,Canada,Seasonally adjusted at annual rates,Chained (2017) dollars,NA,735369,Imports,NA
2020-04-01,Canada,Seasonally adjusted at annual rates,Chained (2017) dollars,NA,566685,Imports,NA
2020-07-01,Canada,Seasonally adjusted at annual rates,Chained (2017) dollars,NA,688244,Imports,NA
2020-10-01,Canada,Seasonally adjusted at annual rates,Chained (2017) dollars,NA,707770,Imports,NA
2021-01-01,Canada,Seasonally adjusted at annual rates,Chained (2017) dollars,NA,727187,Imports,NA
2021-04-01,Canada,Seasonally adjusted at annual rates,Chained (2017) dollars,NA,724786,Imports,NA
2021-07-01,Canada,Seasonally adjusted at annual rates,Chained (2017) dollars,NA,717468,Imports,NA
2021-10-01,Canada,Seasonally adjusted at annual rates,Chained (2017) dollars,NA,754130,Imports,NA
2022-01-01,Canada,Seasonally adjusted at annual rates,Chained (2017) dollars,NA,756106,Imports,NA
2022-04-01,Canada,Seasonally adjusted at annual rates,Chained (2017) dollars,NA,803860,Imports,NA
2022-07-01,Canada,Seasonally adjusted at annual rates,Chained (2017) dollars,NA,803144,Imports,NA
2022-10-01,Canada,Seasonally adjusted at annual rates,Chained (2017) dollars,NA,781112,Imports,NA
2023-01-01,Canada,Seasonally adjusted at annual rates,Chained (2017) dollars,NA,779070,Imports,NA
2023-04-01,Canada,Seasonally adjusted at annual rates,Chained (2017) dollars,NA,799097,Imports,NA
2023-07-01,Canada,Seasonally adjusted at annual rates,Chained (2017) dollars,NA,799568,Imports,NA
2023-10-01,Canada,Seasonally adjusted at annual rates,Chained (2017) dollars,NA,805016,Imports,NA
2024-01-01,Canada,Seasonally adjusted at annual rates,Chained (2017) dollars,NA,800407,Imports,NA
2024-04-01,Canada,Seasonally adjusted at annual rates,Chained (2017) dollars,NA,804487,Imports,NA
2024-07-01,Canada,Seasonally adjusted at annual rates,Chained (2017) dollars,NA,799728,Imports,NA
2024-10-01,Canada,Seasonally adjusted at annual rates,Chained (2017) dollars,NA,800585,Imports,NA
2025-01-01,Canada,Seasonally adjusted at annual rates,Chained (2017) dollars,NA,808542,Imports,NA
2025-04-01,Canada,Seasonally adjusted at annual rates,Chained (2017) dollars,NA,809339,Imports,NA
2025-07-01,Canada,Seasonally adjusted at annual rates,Chained (2017) dollars,NA,786122,Imports,NA
2025-10-01,Canada,Seasonally adjusted at annual rates,Chained (2017) dollars,NA,788140,Imports,NA
2017-01-01,Canada,Seasonally adjusted at annual rates,Chained (2017) dollars,NA,675574,Exports,NA
2017-04-01,Canada,Seasonally adjusted at annual rates,Chained (2017) dollars,NA,684781,Exports,NA
2017-07-01,Canada,Seasonally adjusted at annual rates,Chained (2017) dollars,NA,660523,Exports,NA
2017-10-01,Canada,Seasonally adjusted at annual rates,Chained (2017) dollars,NA,672427,Exports,NA
2018-01-01,Canada,Seasonally adjusted at annual rates,Chained (2017) dollars,NA,683701,Exports,NA
2018-04-01,Canada,Seasonally adjusted at annual rates,Chained (2017) dollars,NA,704789,Exports,NA
2018-07-01,Canada,Seasonally adjusted at annual rates,Chained (2017) dollars,NA,701558,Exports,NA
2018-10-01,Canada,Seasonally adjusted at annual rates,Chained (2017) dollars,NA,699519,Exports,NA
2019-01-01,Canada,Seasonally adjusted at annual rates,Chained (2017) dollars,NA,699150,Exports,NA
2019-04-01,Canada,Seasonally adjusted at annual rates,Chained (2017) dollars,NA,727235,Exports,NA
2019-07-01,Canada,Seasonally adjusted at annual rates,Chained (2017) dollars,NA,720979,Exports,NA
2019-10-01,Canada,Seasonally adjusted at annual rates,Chained (2017) dollars,NA,705988,Exports,NA
2020-01-01,Canada,Seasonally adjusted at annual rates,Chained (2017) dollars,NA,693669,Exports,NA
2020-04-01,Canada,Seasonally adjusted at annual rates,Chained (2017) dollars,NA,580283,Exports,NA
2020-07-01,Canada,Seasonally adjusted at annual rates,Chained (2017) dollars,NA,657665,Exports,NA
2020-10-01,Canada,Seasonally adjusted at annual rates,Chained (2017) dollars,NA,665479,Exports,NA
2021-01-01,Canada,Seasonally adjusted at annual rates,Chained (2017) dollars,NA,683414,Exports,NA
2021-04-01,Canada,Seasonally adjusted at annual rates,Chained (2017) dollars,NA,660311,Exports,NA
2021-07-01,Canada,Seasonally adjusted at annual rates,Chained (2017) dollars,NA,659260,Exports,NA
2021-10-01,Canada,Seasonally adjusted at annual rates,Chained (2017) dollars,NA,680108,Exports,NA
2022-01-01,Canada,Seasonally adjusted at annual rates,Chained (2017) dollars,NA,678977,Exports,NA
2022-04-01,Canada,Seasonally adjusted at annual rates,Chained (2017) dollars,NA,703564,Exports,NA
2022-07-01,Canada,Seasonally adjusted at annual rates,Chained (2017) dollars,NA,711468,Exports,NA
2022-10-01,Canada,Seasonally adjusted at annual rates,Chained (2017) dollars,NA,711157,Exports,NA
2023-01-01,Canada,Seasonally adjusted at annual rates,Chained (2017) dollars,NA,736451,Exports,NA
2023-04-01,Canada,Seasonally adjusted at annual rates,Chained (2017) dollars,NA,745559,Exports,NA
2023-07-01,Canada,Seasonally adjusted at annual rates,Chained (2017) dollars,NA,744365,Exports,NA
2023-10-01,Canada,Seasonally adjusted at annual rates,Chained (2017) dollars,NA,754041,Exports,NA
2024-01-01,Canada,Seasonally adjusted at annual rates,Chained (2017) dollars,NA,749930,Exports,NA
2024-04-01,Canada,Seasonally adjusted at annual rates,Chained (2017) dollars,NA,748009,Exports,NA
2024-07-01,Canada,Seasonally adjusted at annual rates,Chained (2017) dollars,NA,746819,Exports,NA
2024-10-01,Canada,Seasonally adjusted at annual rates,Chained (2017) dollars,NA,763541,Exports,NA
2025-01-01,Canada,Seasonally adjusted at annual rates,Chained (2017) dollars,NA,771023,Exports,NA
2025-04-01,Canada,Seasonally adjusted at annual rates,Chained (2017) dollars,NA,720778,Exports,NA
2025-07-01,Canada,Seasonally adjusted at annual rates,Chained (2017) dollars,NA,727486,Exports,NA
2025-10-01,Canada,Seasonally adjusted at annual rates,Chained (2017) dollars,NA,738350,Exports,NA
2018-01-01,Canada,Seasonally adjusted at annual rates,Chained (2017) dollars,NA,28.00769125,OilNetBack,NA
2018-04-01,Canada,Seasonally adjusted at annual rates,Chained (2017) dollars,NA,28.66739397,OilNetBack,NA
2018-07-01,Canada,Seasonally adjusted at annual rates,Chained (2017) dollars,NA,41.25014369,OilNetBack,NA
2018-10-01,Canada,Seasonally adjusted at annual rates,Chained (2017) dollars,NA,32.19169912,OilNetBack,NA
2019-01-01,Canada,Seasonally adjusted at annual rates,Chained (2017) dollars,NA,31.035677420000003,OilNetBack,NA
2019-04-01,Canada,Seasonally adjusted at annual rates,Chained (2017) dollars,NA,49.766963630000006,OilNetBack,NA
2019-07-01,Canada,Seasonally adjusted at annual rates,Chained (2017) dollars,NA,47.82699851,OilNetBack,NA
2019-10-01,Canada,Seasonally adjusted at annual rates,Chained (2017) dollars,NA,35.96992567,OilNetBack,NA
2020-01-01,Canada,Seasonally adjusted at annual rates,Chained (2017) dollars,NA,39.03429888,OilNetBack,NA
2020-04-01,Canada,Seasonally adjusted at annual rates,Chained (2017) dollars,NA,42.44335523000001,OilNetBack,NA
2020-07-01,Canada,Seasonally adjusted at annual rates,Chained (2017) dollars,NA,49.46853023000001,OilNetBack,NA
2020-10-01,Canada,Seasonally adjusted at annual rates,Chained (2017) dollars,NA,53.44988752999999,OilNetBack,NA
2021-01-01,Canada,Seasonally adjusted at annual rates,Chained (2017) dollars,NA,72.89312649000001,OilNetBack,NA
2021-04-01,Canada,Seasonally adjusted at annual rates,Chained (2017) dollars,NA,98.82782872,OilNetBack,NA
2021-07-01,Canada,Seasonally adjusted at annual rates,Chained (2017) dollars,NA,96.41178735,OilNetBack,NA
2021-10-01,Canada,Seasonally adjusted at annual rates,Chained (2017) dollars,NA,35.59252738000001,OilNetBack,NA
2022-01-01,Canada,Seasonally adjusted at annual rates,Chained (2017) dollars,NA,30.14515768,OilNetBack,NA
2022-04-01,Canada,Seasonally adjusted at annual rates,Chained (2017) dollars,NA,48.1649443,OilNetBack,NA
2022-07-01,Canada,Seasonally adjusted at annual rates,Chained (2017) dollars,NA,54.2172175,OilNetBack,NA
2022-10-01,Canada,Seasonally adjusted at annual rates,Chained (2017) dollars,NA,60.118113660000006,OilNetBack,NA
2023-01-01,Canada,Seasonally adjusted at annual rates,Chained (2017) dollars,NA,65.73980991,OilNetBack,NA
2023-04-01,Canada,Seasonally adjusted at annual rates,Chained (2017) dollars,NA,60.07246541,OilNetBack,NA
2023-07-01,Canada,Seasonally adjusted at annual rates,Chained (2017) dollars,NA,57.93319642,OilNetBack,NA
2023-10-01,Canada,Seasonally adjusted at annual rates,Chained (2017) dollars,NA,64.40006517,OilNetBack,NA
2024-01-01,Canada,Seasonally adjusted at annual rates,Chained (2017) dollars,NA,68.58495683,OilNetBack,NA
2024-04-01,Canada,Seasonally adjusted at annual rates,Chained (2017) dollars,NA,82.40313659,OilNetBack,NA
2024-07-01,Canada,Seasonally adjusted at annual rates,Chained (2017) dollars,NA,69.53896245,OilNetBack,NA
2024-10-01,Canada,Seasonally adjusted at annual rates,Chained (2017) dollars,NA,81.01598311,OilNetBack,NA
2025-01-01,Canada,Seasonally adjusted at annual rates,Chained (2017) dollars,NA,78.98975,OilNetBack,NA
2025-04-01,Canada,Seasonally adjusted at annual rates,Chained (2017) dollars,NA,68.08620334000001,OilNetBack,NA
2025-07-01,Canada,Seasonally adjusted at annual rates,Chained (2017) dollars,NA,67.91755419000002,OilNetBack,NA
2025-10-01,Canada,Seasonally adjusted at annual rates,Chained (2017) dollars,NA,NA,OilNetBack,NA
2018-01-01,Canada,Seasonally adjusted at annual rates,Chained (2017) dollars,NA,-0.083438623,CrackSpread,NA
2018-04-01,Canada,Seasonally adjusted at annual rates,Chained (2017) dollars,NA,-0.105943092,CrackSpread,NA
2018-07-01,Canada,Seasonally adjusted at annual rates,Chained (2017) dollars,NA,-0.11776493600000001,CrackSpread,NA
2018-10-01,Canada,Seasonally adjusted at annual rates,Chained (2017) dollars,NA,0.064369603,CrackSpread,NA
2019-01-01,Canada,Seasonally adjusted at annual rates,Chained (2017) dollars,NA,-0.09991890699999997,CrackSpread,NA
2019-04-01,Canada,Seasonally adjusted at annual rates,Chained (2017) dollars,NA,-0.103247605,CrackSpread,NA
2019-07-01,Canada,Seasonally adjusted at annual rates,Chained (2017) dollars,NA,-0.08385291399999999,CrackSpread,NA
2019-10-01,Canada,Seasonally adjusted at annual rates,Chained (2017) dollars,NA,-0.048841472,CrackSpread,NA
2020-01-01,Canada,Seasonally adjusted at annual rates,Chained (2017) dollars,NA,0.036230737,CrackSpread,NA
2020-04-01,Canada,Seasonally adjusted at annual rates,Chained (2017) dollars,NA,0.10936837999999999,CrackSpread,NA
2020-07-01,Canada,Seasonally adjusted at annual rates,Chained (2017) dollars,NA,-0.092939976999999993,CrackSpread,NA
2020-10-01,Canada,Seasonally adjusted at annual rates,Chained (2017) dollars,NA,-0.05403950400000001,CrackSpread,NA
2021-01-01,Canada,Seasonally adjusted at annual rates,Chained (2017) dollars,NA,-0.14480714600000003,CrackSpread,NA
2021-04-01,Canada,Seasonally adjusted at annual rates,Chained (2017) dollars,NA,-0.14311040400000002,CrackSpread,NA
2021-07-01,Canada,Seasonally adjusted at annual rates,Chained (2017) dollars,NA,-0.177775558,CrackSpread,NA
2021-10-01,Canada,Seasonally adjusted at annual rates,Chained (2017) dollars,NA,-0.184221446,CrackSpread,NA
2022-01-01,Canada,Seasonally adjusted at annual rates,Chained (2017) dollars,NA,-0.236573424,CrackSpread,NA
2022-04-01,Canada,Seasonally adjusted at annual rates,Chained (2017) dollars,NA,-0.11840990299999998,CrackSpread,NA
2022-07-01,Canada,Seasonally adjusted at annual rates,Chained (2017) dollars,NA,-0.118874442,CrackSpread,NA
2022-10-01,Canada,Seasonally adjusted at annual rates,Chained (2017) dollars,NA,-0.019481422,CrackSpread,NA
2023-01-01,Canada,Seasonally adjusted at annual rates,Chained (2017) dollars,NA,-0.07433736199999999,CrackSpread,NA
2023-04-01,Canada,Seasonally adjusted at annual rates,Chained (2017) dollars,NA,-0.136840619,CrackSpread,NA
2023-07-01,Canada,Seasonally adjusted at annual rates,Chained (2017) dollars,NA,-0.14441905500000005,CrackSpread,NA
2023-10-01,Canada,Seasonally adjusted at annual rates,Chained (2017) dollars,NA,-0.11814933699999998,CrackSpread,NA
2024-01-01,Canada,Seasonally adjusted at annual rates,Chained (2017) dollars,NA,-0.13930988700000002,CrackSpread,NA
2024-04-01,Canada,Seasonally adjusted at annual rates,Chained (2017) dollars,NA,-0.19742438800000003,CrackSpread,NA
2024-07-01,Canada,Seasonally adjusted at annual rates,Chained (2017) dollars,NA,-0.181005012,CrackSpread,NA
2024-10-01,Canada,Seasonally adjusted at annual rates,Chained (2017) dollars,NA,-0.16811757,CrackSpread,NA
2025-01-01,Canada,Seasonally adjusted at annual rates,Chained (2017) dollars,NA,-0.12897561899999999,CrackSpread,NA
2025-04-01,Canada,Seasonally adjusted at annual rates,Chained (2017) dollars,NA,-0.055236654,CrackSpread,NA
2025-07-01,Canada,Seasonally adjusted at annual rates,Chained (2017) dollars,NA,-0.03747336700000001,CrackSpread,NA
2025-10-01,Canada,Seasonally adjusted at annual rates,Chained (2017) dollars,NA,NA,CrackSpread,NA
2018-01-01,Canada,NA,NA,NA,1.5028068399999999,NetBackGas,NA
2018-04-01,Canada,NA,NA,NA,0.7505877849999998,NetBackGas,NA
2018-07-01,Canada,NA,NA,NA,0.856163113,NetBackGas,NA
2018-10-01,Canada,NA,NA,NA,1.316163113,NetBackGas,NA
2019-01-01,Canada,NA,NA,NA,1.690706481,NetBackGas,NA
2019-04-01,Canada,NA,NA,NA,0.7078647639999999,NetBackGas,NA
2019-07-01,Canada,NA,NA,NA,0.633079221,NetBackGas,NA
2019-10-01,Canada,NA,NA,NA,1.8297458869999998,NetBackGas,NA
2020-01-01,Canada,NA,NA,NA,1.63558815,NetBackGas,NA
2020-04-01,Canada,NA,NA,NA,1.443372003,NetBackGas,NA
2020-07-01,Canada,NA,NA,NA,1.645643614,NetBackGas,NA
2020-10-01,Canada,NA,NA,NA,2.1489769480000005,NetBackGas,NA
2021-01-01,Canada,NA,NA,NA,2.417935332,NetBackGas,NA
2021-04-01,Canada,NA,NA,NA,2.3524164499999993,NetBackGas,NA
2021-07-01,Canada,NA,NA,NA,2.824639167,NetBackGas,NA
2021-10-01,Canada,NA,NA,NA,3.9813058339999996,NetBackGas,NA
2022-01-01,Canada,NA,NA,NA,3.9115892480000003,NetBackGas,NA
2022-04-01,Canada,NA,NA,NA,5.684006430999999,NetBackGas,NA
2022-07-01,Canada,NA,NA,NA,4.105476926999999,NetBackGas,NA
2022-10-01,Canada,NA,NA,NA,4.5421435930000005,NetBackGas,NA
2023-01-01,Canada,NA,NA,NA,3.25386906,NetBackGas,NA
2023-04-01,Canada,NA,NA,NA,1.8114949549999997,NetBackGas,NA
2023-07-01,Canada,NA,NA,NA,1.893445388,NetBackGas,NA
2023-10-01,Canada,NA,NA,NA,1.8901120540000003,NetBackGas,NA
2024-01-01,Canada,NA,NA,NA,1.6719998459999998,NetBackGas,NA
2024-04-01,Canada,NA,NA,NA,0.738666512,NetBackGas,NA
2024-07-01,Canada,NA,NA,NA,0.258666512,NetBackGas,NA
2024-10-01,Canada,NA,NA,NA,0.928666512,NetBackGas,NA
2025-01-01,Canada,NA,NA,NA,1.370470383,NetBackGas,NA
2025-04-01,Canada,NA,NA,NA,1.1981077660000004,NetBackGas,NA
2025-07-01,Canada,NA,NA,NA,0.37341489000000005,NetBackGas,NA
2025-10-01,Canada,NA,NA,NA,NA,NetBackGas,NA
2018-01-01,Canada,NA,NA,NA,42310,Koil,NA
2018-04-01,Canada,NA,NA,NA,42310,Koil,NA
2018-07-01,Canada,NA,NA,NA,42310,Koil,NA
2018-10-01,Canada,NA,NA,NA,42310,Koil,NA
2019-01-01,Canada,NA,NA,NA,37866,Koil,NA
2019-04-01,Canada,NA,NA,NA,37866,Koil,NA
2019-07-01,Canada,NA,NA,NA,37866,Koil,NA
2019-10-01,Canada,NA,NA,NA,37866,Koil,NA
2020-01-01,Canada,NA,NA,NA,25158,Koil,NA
2020-04-01,Canada,NA,NA,NA,25158,Koil,NA
2020-07-01,Canada,NA,NA,NA,25158,Koil,NA
2020-10-01,Canada,NA,NA,NA,25158,Koil,NA
2021-01-01,Canada,NA,NA,NA,27930,Koil,NA
2021-04-01,Canada,NA,NA,NA,27930,Koil,NA
2021-07-01,Canada,NA,NA,NA,27930,Koil,NA
2021-10-01,Canada,NA,NA,NA,27930,Koil,NA
2022-01-01,Canada,NA,NA,NA,36627,Koil,NA
2022-04-01,Canada,NA,NA,NA,36627,Koil,NA
2022-07-01,Canada,NA,NA,NA,36627,Koil,NA
2022-10-01,Canada,NA,NA,NA,36627,Koil,NA
2023-01-01,Canada,NA,NA,NA,40235,Koil,NA
2023-04-01,Canada,NA,NA,NA,40235,Koil,NA
2023-07-01,Canada,NA,NA,NA,40235,Koil,NA
2023-10-01,Canada,NA,NA,NA,40235,Koil,NA
2024-01-01,Canada,NA,NA,NA,39532,Koil,NA
2024-04-01,Canada,NA,NA,NA,39532,Koil,NA
2024-07-01,Canada,NA,NA,NA,39532,Koil,NA
2024-10-01,Canada,NA,NA,NA,39532,Koil,NA
2025-01-01,Canada,NA,NA,NA,36790,Koil,NA
2025-04-01,Canada,NA,NA,NA,36790,Koil,NA
2025-07-01,Canada,NA,NA,NA,36790,Koil,NA
2025-10-01,Canada,NA,NA,NA,36790,Koil,NA
2018-01-01,Canada,NA,NA,NA,157122023,PIPEoil,NA
2018-04-01,Canada,NA,NA,NA,152388636,PIPEoil,NA
2018-07-01,Canada,NA,NA,NA,158123655,PIPEoil,NA
2018-10-01,Canada,NA,NA,NA,162395681,PIPEoil,NA
2019-01-01,Canada,NA,NA,NA,155299289,PIPEoil,NA
2019-04-01,Canada,NA,NA,NA,154777628,PIPEoil,NA
2019-07-01,Canada,NA,NA,NA,162876753,PIPEoil,NA
2019-10-01,Canada,NA,NA,NA,160873226,PIPEoil,NA
2020-01-01,Canada,NA,NA,NA,192325901,PIPEoil,NA
2020-04-01,Canada,NA,NA,NA,160530055,PIPEoil,NA
2020-07-01,Canada,NA,NA,NA,162580691,PIPEoil,NA
2020-10-01,Canada,NA,NA,NA,184731420,PIPEoil,NA
2021-01-01,Canada,NA,NA,NA,187141823,PIPEoil,NA
2021-04-01,Canada,NA,NA,NA,179496225,PIPEoil,NA
2021-07-01,Canada,NA,NA,NA,187070003,PIPEoil,NA
2021-10-01,Canada,NA,NA,NA,196336089,PIPEoil,NA
2022-01-01,Canada,NA,NA,NA,191908329,PIPEoil,NA
2022-04-01,Canada,NA,NA,NA,184922099,PIPEoil,NA
2022-07-01,Canada,NA,NA,NA,194461196,PIPEoil,NA
2022-10-01,Canada,NA,NA,NA,197897775,PIPEoil,NA
2023-01-01,Canada,NA,NA,NA,196201030,PIPEoil,NA
2023-04-01,Canada,NA,NA,NA,189139417,PIPEoil,NA
2023-07-01,Canada,NA,NA,NA,198667421,PIPEoil,NA
2023-10-01,Canada,NA,NA,NA,210952842,PIPEoil,NA
2024-01-01,Canada,NA,NA,NA,207025670,PIPEoil,NA
2024-04-01,Canada,NA,NA,NA,202808396,PIPEoil,NA
2024-07-01,Canada,NA,NA,NA,205553453,PIPEoil,NA
2024-10-01,Canada,NA,NA,NA,218394175,PIPEoil,NA
2025-01-01,Canada,NA,NA,NA,217326319,PIPEoil,NA
2025-04-01,Canada,NA,NA,NA,201513246,PIPEoil,NA
2025-07-01,Canada,NA,NA,NA,213849754,PIPEoil,NA
2025-10-01,Canada,NA,NA,NA,NA,PIPEoil,NA
2018-01-01,Canada,NA,NA,NA,29086998,REFoil,NA
2018-04-01,Canada,NA,NA,NA,23848484,REFoil,NA
2018-07-01,Canada,NA,NA,NA,29893969,REFoil,NA
2018-10-01,Canada,NA,NA,NA,27697028,REFoil,NA
2019-01-01,Canada,NA,NA,NA,27615270,REFoil,NA
2019-04-01,Canada,NA,NA,NA,27681695,REFoil,NA
2019-07-01,Canada,NA,NA,NA,29432705,REFoil,NA
2019-10-01,Canada,NA,NA,NA,28008183,REFoil,NA
2020-01-01,Canada,NA,NA,NA,27108450,REFoil,NA
2020-04-01,Canada,NA,NA,NA,21308587,REFoil,NA
2020-07-01,Canada,NA,NA,NA,24709634,REFoil,NA
2020-10-01,Canada,NA,NA,NA,25975852,REFoil,NA
2021-01-01,Canada,NA,NA,NA,24519928,REFoil,NA
2021-04-01,Canada,NA,NA,NA,24041314,REFoil,NA
2021-07-01,Canada,NA,NA,NA,26944632,REFoil,NA
2021-10-01,Canada,NA,NA,NA,26525917,REFoil,NA
2022-01-01,Canada,NA,NA,NA,26243524,REFoil,NA
2022-04-01,Canada,NA,NA,NA,25838249,REFoil,NA
2022-07-01,Canada,NA,NA,NA,29171380,REFoil,NA
2022-10-01,Canada,NA,NA,NA,27679141,REFoil,NA
2023-01-01,Canada,NA,NA,NA,27884134,REFoil,NA
2023-04-01,Canada,NA,NA,NA,28095783,REFoil,NA
2023-07-01,Canada,NA,NA,NA,29164112,REFoil,NA
2023-10-01,Canada,NA,NA,NA,28526998,REFoil,NA
2024-01-01,Canada,NA,NA,NA,27941617,REFoil,NA
2024-04-01,Canada,NA,NA,NA,27289140,REFoil,NA
2024-07-01,Canada,NA,NA,NA,30166232,REFoil,NA
2024-10-01,Canada,NA,NA,NA,30122672,REFoil,NA
2025-01-01,Canada,NA,NA,NA,28462122,REFoil,NA
2025-04-01,Canada,NA,NA,NA,27385333,REFoil,NA
2025-07-01,Canada,NA,NA,NA,30730987,REFoil,NA
2025-10-01,Canada,NA,NA,NA,NA,REFoil,NA
2018-01-01,Canada,NA,NA,NA,247630357,Qoil,NA
2018-04-01,Canada,NA,NA,NA,365977668,Qoil,NA
2018-07-01,Canada,NA,NA,NA,387366655,Qoil,NA
2018-10-01,Canada,NA,NA,NA,401651231,Qoil,NA
2019-01-01,Canada,NA,NA,NA,375560259,Qoil,NA
2019-04-01,Canada,NA,NA,NA,384701698,Qoil,NA
2019-07-01,Canada,NA,NA,NA,388520110,Qoil,NA
2019-10-01,Canada,NA,NA,NA,403252079,Qoil,NA
2020-01-01,Canada,NA,NA,NA,399881551,Qoil,NA
2020-04-01,Canada,NA,NA,NA,335596418,Qoil,NA
2020-07-01,Canada,NA,NA,NA,346611115,Qoil,NA
2020-10-01,Canada,NA,NA,NA,393987839,Qoil,NA
2021-01-01,Canada,NA,NA,NA,391087970,Qoil,NA
2021-04-01,Canada,NA,NA,NA,374623639,Qoil,NA
2021-07-01,Canada,NA,NA,NA,393864162,Qoil,NA
2021-10-01,Canada,NA,NA,NA,408226179,Qoil,NA
2022-01-01,Canada,NA,NA,NA,391447804,Qoil,NA
2022-04-01,Canada,NA,NA,NA,385383161,Qoil,NA
2022-07-01,Canada,NA,NA,NA,411057262,Qoil,NA
2022-10-01,Canada,NA,NA,NA,415539298,Qoil,NA
2023-01-01,Canada,NA,NA,NA,401880381,Qoil,NA
2023-04-01,Canada,NA,NA,NA,379617250,Qoil,NA
2023-07-01,Canada,NA,NA,NA,413215732,Qoil,NA
2023-10-01,Canada,NA,NA,NA,431466015,Qoil,NA
2024-01-01,Canada,NA,NA,NA,415331344,Qoil,NA
2024-04-01,Canada,NA,NA,NA,406081520,Qoil,NA
2024-07-01,Canada,NA,NA,NA,421629515,Qoil,NA
2024-10-01,Canada,NA,NA,NA,443626311,Qoil,NA
2025-01-01,Canada,NA,NA,NA,430468585,Qoil,NA
2025-04-01,Canada,NA,NA,NA,412160486,Qoil,NA
2025-07-01,Canada,NA,NA,NA,449202647,Qoil,NA
2025-10-01,Canada,NA,NA,NA,NA,Qoil,NA
2018-01-01,Canada,NA,NA,NA,90.9,CUref,NA
2018-04-01,Canada,NA,NA,NA,87.5,CUref,NA
2018-07-01,Canada,NA,NA,NA,88.83333332999999,CUref,NA
2018-10-01,Canada,NA,NA,NA,85.9,CUref,NA
2019-01-01,Canada,NA,NA,NA,86.16666667000001,CUref,NA
2019-04-01,Canada,NA,NA,NA,85.73333333,CUref,NA
2019-07-01,Canada,NA,NA,NA,84.66666667000001,CUref,NA
2019-10-01,Canada,NA,NA,NA,86.66666667000001,CUref,NA
2020-01-01,Canada,NA,NA,NA,75.93333333,CUref,NA
2020-04-01,Canada,NA,NA,NA,66.86666667000001,CUref,NA
2020-07-01,Canada,NA,NA,NA,76.6,CUref,NA
2020-10-01,Canada,NA,NA,NA,78.1,CUref,NA
2021-01-01,Canada,NA,NA,NA,81.53333332999999,CUref,NA
2021-04-01,Canada,NA,NA,NA,81.5,CUref,NA
2021-07-01,Canada,NA,NA,NA,86.4,CUref,NA
2021-10-01,Canada,NA,NA,NA,85.16666667000001,CUref,NA
2022-01-01,Canada,NA,NA,NA,90.16666667000001,CUref,NA
2022-04-01,Canada,NA,NA,NA,85.06666667000002,CUref,NA
2022-07-01,Canada,NA,NA,NA,86.3,CUref,NA
2022-10-01,Canada,NA,NA,NA,83.46666667000002,CUref,NA
2023-01-01,Canada,NA,NA,NA,87.8,CUref,NA
2023-04-01,Canada,NA,NA,NA,85,CUref,NA
2023-07-01,Canada,NA,NA,NA,87.86666667000001,CUref,NA
2023-10-01,Canada,NA,NA,NA,80.96666667000002,CUref,NA
2024-01-01,Canada,NA,NA,NA,89.63333332999999,CUref,NA
2024-04-01,Canada,NA,NA,NA,85.1,CUref,NA
2024-07-01,Canada,NA,NA,NA,90.16666667000001,CUref,NA
2024-10-01,Canada,NA,NA,NA,91.86666667000001,CUref,NA
2025-01-01,Canada,NA,NA,NA,87.06666667000002,CUref,NA
2025-04-01,Canada,NA,NA,NA,76.46666667000002,CUref,NA
2025-07-01,Canada,NA,NA,NA,90.96666667000002,CUref,NA
2025-10-01,Canada,NA,NA,NA,NA,CUref,NA
2018-01-01,Canada,NA,NA,NA,1833314.8,Qgas,NA
2018-04-01,Canada,NA,NA,NA,1772294.7,Qgas,NA
2018-07-01,Canada,NA,NA,NA,1779562.1,Qgas,NA
2018-10-01,Canada,NA,NA,NA,1817006.1,Qgas,NA
2019-01-01,Canada,NA,NA,NA,1763820.5,Qgas,NA
2019-04-01,Canada,NA,NA,NA,1705449.2,Qgas,NA
2019-07-01,Canada,NA,NA,NA,1689867.3,Qgas,NA
2019-10-01,Canada,NA,NA,NA,1778767,Qgas,NA
2020-01-01,Canada,NA,NA,NA,1745741.3,Qgas,NA
2020-04-01,Canada,NA,NA,NA,1683232.2,Qgas,NA
2020-07-01,Canada,NA,NA,NA,1634224.9,Qgas,NA
2020-10-01,Canada,NA,NA,NA,1725095.3,Qgas,NA
2021-01-01,Canada,NA,NA,NA,1707646,Qgas,NA
2021-04-01,Canada,NA,NA,NA,1708636.2,Qgas,NA
2021-07-01,Canada,NA,NA,NA,1799638.1,Qgas,NA
2021-10-01,Canada,NA,NA,NA,1844204.4,Qgas,NA
2022-01-01,Canada,NA,NA,NA,1839681.7,Qgas,NA
2022-04-01,Canada,NA,NA,NA,1872336.2,Qgas,NA
2022-07-01,Canada,NA,NA,NA,1904857.9,Qgas,NA
2022-10-01,Canada,NA,NA,NA,1961264,Qgas,NA
2023-01-01,Canada,NA,NA,NA,1966710,Qgas,NA
2023-04-01,Canada,NA,NA,NA,1867426.3,Qgas,NA
2023-07-01,Canada,NA,NA,NA,1946043.8,Qgas,NA
2023-10-01,Canada,NA,NA,NA,2020599.7,Qgas,NA
2024-01-01,Canada,NA,NA,NA,2006708.6,Qgas,NA
2024-04-01,Canada,NA,NA,NA,1949653.2,Qgas,NA
2024-07-01,Canada,NA,NA,NA,1933859.2,Qgas,NA
2024-10-01,Canada,NA,NA,NA,2088612.9,Qgas,NA
2025-01-01,Canada,NA,NA,NA,2066864.5,Qgas,NA
2025-04-01,Canada,NA,NA,NA,2016029.5,Qgas,NA
2025-07-01,Canada,NA,NA,NA,2014256.2,Qgas,NA
2025-10-01,Canada,NA,NA,NA,NA,Qgas,NA
2018-01-01,Canada,NA,NA,NA,29568,Kgas,NA
2018-04-01,Canada,NA,NA,NA,29568,Kgas,NA
2018-07-01,Canada,NA,NA,NA,29568,Kgas,NA
2018-10-01,Canada,NA,NA,NA,29568,Kgas,NA
2019-01-01,Canada,NA,NA,NA,26935,Kgas,NA
2019-04-01,Canada,NA,NA,NA,26935,Kgas,NA
2019-07-01,Canada,NA,NA,NA,26935,Kgas,NA
2019-10-01,Canada,NA,NA,NA,26935,Kgas,NA
2020-01-01,Canada,NA,NA,NA,17636,Kgas,NA
2020-04-01,Canada,NA,NA,NA,17636,Kgas,NA
2020-07-01,Canada,NA,NA,NA,17636,Kgas,NA
2020-10-01,Canada,NA,NA,NA,17636,Kgas,NA
2021-01-01,Canada,NA,NA,NA,19190,Kgas,NA
2021-04-01,Canada,NA,NA,NA,19190,Kgas,NA
2021-07-01,Canada,NA,NA,NA,19190,Kgas,NA
2021-10-01,Canada,NA,NA,NA,19190,Kgas,NA
2022-01-01,Canada,NA,NA,NA,25735,Kgas,NA
2022-04-01,Canada,NA,NA,NA,25735,Kgas,NA
2022-07-01,Canada,NA,NA,NA,25735,Kgas,NA
2022-10-01,Canada,NA,NA,NA,25735,Kgas,NA
2023-01-01,Canada,NA,NA,NA,29370,Kgas,NA
2023-04-01,Canada,NA,NA,NA,29370,Kgas,NA
2023-07-01,Canada,NA,NA,NA,29370,Kgas,NA
2023-10-01,Canada,NA,NA,NA,29370,Kgas,NA
2024-01-01,Canada,NA,NA,NA,28589,Kgas,NA
2024-04-01,Canada,NA,NA,NA,28589,Kgas,NA
2024-07-01,Canada,NA,NA,NA,28589,Kgas,NA
2024-10-01,Canada,NA,NA,NA,28589,Kgas,NA
2025-01-01,Canada,NA,NA,NA,26722.14286,Kgas,NA
2025-04-01,Canada,NA,NA,NA,26722.14286,Kgas,NA
2025-07-01,Canada,NA,NA,NA,26722.14286,Kgas,NA
2025-10-01,Canada,NA,NA,NA,26722.14286,Kgas,NA
2018-01-01,Canada,NA,NA,NA,53331025,TransGas,NA
2018-04-01,Canada,NA,NA,NA,49997518,TransGas,NA
2018-07-01,Canada,NA,NA,NA,51296250,TransGas,NA
2018-10-01,Canada,NA,NA,NA,53348715,TransGas,NA
2019-01-01,Canada,NA,NA,NA,52329020,TransGas,NA
2019-04-01,Canada,NA,NA,NA,48922280,TransGas,NA
2019-07-01,Canada,NA,NA,NA,48875708,TransGas,NA
2019-10-01,Canada,NA,NA,NA,52407010,TransGas,NA
2020-01-01,Canada,NA,NA,NA,51395604,TransGas,NA
2020-04-01,Canada,NA,NA,NA,47820923,TransGas,NA
2020-07-01,Canada,NA,NA,NA,46363936,TransGas,NA
2020-10-01,Canada,NA,NA,NA,50073024,TransGas,NA
2021-01-01,Canada,NA,NA,NA,50748377,TransGas,NA
2021-04-01,Canada,NA,NA,NA,48846576,TransGas,NA
2021-07-01,Canada,NA,NA,NA,50969138,TransGas,NA
2021-10-01,Canada,NA,NA,NA,53629091,TransGas,NA
2022-01-01,Canada,NA,NA,NA,53787084,TransGas,NA
2022-04-01,Canada,NA,NA,NA,53443261,TransGas,NA
2022-07-01,Canada,NA,NA,NA,53340051,TransGas,NA
2022-10-01,Canada,NA,NA,NA,55800142,TransGas,NA
2023-01-01,Canada,NA,NA,NA,56812207,TransGas,NA
2023-04-01,Canada,NA,NA,NA,51897350,TransGas,NA
2023-07-01,Canada,NA,NA,NA,53092675,TransGas,NA
2023-10-01,Canada,NA,NA,NA,56824690,TransGas,NA
2024-01-01,Canada,NA,NA,NA,58753408,TransGas,NA
2024-04-01,Canada,NA,NA,NA,53077308,TransGas,NA
2024-07-01,Canada,NA,NA,NA,51678563,TransGas,NA
2024-10-01,Canada,NA,NA,NA,58455822,TransGas,NA
2025-01-01,Canada,NA,NA,NA,59625878,TransGas,NA
2025-04-01,Canada,NA,NA,NA,55142632,TransGas,NA
2025-07-01,Canada,NA,NA,NA,54905627,TransGas,NA
2025-10-01,Canada,NA,NA,NA,NA,TransGas,NA
2018-01-01,Canada,NA,NA,NA,677032,StorageGas,NA
2018-04-01,Canada,NA,NA,NA,643744.3300000001,StorageGas,NA
2018-07-01,Canada,NA,NA,NA,858640.23,StorageGas,NA
2018-10-01,Canada,NA,NA,NA,925535.37,StorageGas,NA
2019-01-01,Canada,NA,NA,NA,619015.07,StorageGas,NA
2019-04-01,Canada,NA,NA,NA,613086.63,StorageGas,NA
2019-07-01,Canada,NA,NA,NA,823867.93,StorageGas,NA
2019-10-01,Canada,NA,NA,NA,883498.93,StorageGas,NA
2020-01-01,Canada,NA,NA,NA,630328.7,StorageGas,NA
2020-04-01,Canada,NA,NA,NA,720072.07,StorageGas,NA
2020-07-01,Canada,NA,NA,NA,1005390.3,StorageGas,NA
2020-10-01,Canada,NA,NA,NA,1051792.1300000001,StorageGas,NA
2021-01-01,Canada,NA,NA,NA,656802.6,StorageGas,NA
2021-04-01,Canada,NA,NA,NA,659033.37,StorageGas,NA
2021-07-01,Canada,NA,NA,NA,878136,StorageGas,NA
2021-10-01,Canada,NA,NA,NA,927570.53,StorageGas,NA
2022-01-01,Canada,NA,NA,NA,518896.63,StorageGas,NA
2022-04-01,Canada,NA,NA,NA,526132,StorageGas,NA
2022-07-01,Canada,NA,NA,NA,821957.23,StorageGas,NA
2022-10-01,Canada,NA,NA,NA,891873.2,StorageGas,NA
2023-01-01,Canada,NA,NA,NA,627578.03,StorageGas,NA
2023-04-01,Canada,NA,NA,NA,733131.1,StorageGas,NA
2023-07-01,Canada,NA,NA,NA,989672.4,StorageGas,NA
2023-10-01,Canada,NA,NA,NA,1097640.7,StorageGas,NA
2024-01-01,Canada,NA,NA,NA,836344.3,StorageGas,NA
2024-04-01,Canada,NA,NA,NA,955114.37,StorageGas,NA
2024-07-01,Canada,NA,NA,NA,1116955.7,StorageGas,NA
2024-10-01,Canada,NA,NA,NA,1156301.3,StorageGas,NA
2025-01-01,Canada,NA,NA,NA,791203.23,StorageGas,NA
2025-04-01,Canada,NA,NA,NA,885149.13,StorageGas,NA
2025-07-01,Canada,NA,NA,NA,1115521.6700000002,StorageGas,NA
2025-10-01,Canada,NA,NA,NA,NA,StorageGas,NA
